PARTNER GROWTH & VELOCITY: WORKLOAD STAGE PROGRESSION & DRP CAPABILITY,,,,,,,,,,,,,
"Partner: Kyndryl Brasil | Partner Engineer: Thiago da Ponte | Scope: Q3 2026 (July, August, September)",,,,,,,,,,,,,
Last Sync: 24 - Sep 2026 | Source: Concord BigQuery (Workload History & DRP Master) | Unified 14-Col Schema,,,,,,,,,,,,,
,,,,,,,,,,,,,
1. WORKLOAD GROWTH: STAGE ADVANCEMENTS (0-2 ➔ 3 & 3 ➔ 4.1),,,,,,,,,,,,,
Stage Transition,July (#),July ($ ARR),August (#),August ($ ARR),September (#),September ($ ARR),Q3 Total (#),Q3 Total ($ ARR),Share of Moved Deals,Top Pillar,Avg Deal ARR,Velocity Momentum,Status
Stage 0-2 ➔ Stage 3 (Co-Pilot & Develop),8,"$3,000,000.00",4,"$526,984.00",3,"$2,905,984.00",15,"$6,432,968.00",75.0%,Migrate Modernize and Build,"$428,864.53",Consistent,Active Progression
Stage 3 ➔ Stage 4.1 (Build & Run / Delivery),3,"$720,000.00",2,"$237,880.00",0,$0.00,5,"$957,880.00",25.0%,Analytics,"$191,576.00",Consistent,Active Progression
TOTAL WORKLOAD MOVEMENTS,11,"$3,720,000.00",6,"$764,864.00",3,"$2,905,984.00",20,"$7,390,848.00",100.0%,-,"$369,542.40",-,-
,,,,,,,,,,,,,
ADVANCED WORKLOADS INVENTORY (Q3 STAGE MOVEMENTS DETAIL),,,,,,,,,,,,,
Customer Account Name,Workload Name,Annual Gross Revenue (ARR USD),Stage Movement,Transition Month,Transition Date,Previous Progress,New Progress,Current Progress,Workload Owner,Primary Pillar,Opportunity Name,Partner ID,Status
"=HYPERLINK(""https://vector.corp.google.com/account/0014M00001kPwfXQAS"", ""Mobility ADO"")","=HYPERLINK(""https://vector.corp.google.com/workload/aBJKf000009eMrpOAE"", ""ADO - Telemetry ADO ecosystem Analytics"")","$456,000.00",Stage 0-2 ➔ Stage 3,July,2026-07-01,0-2: Tech Eval/Solution Dev,3:  Proposal / Negotiation,0-2: Tech Eval/Solution Dev,Arturo Portas,Analytics,"=HYPERLINK(""https://vector.corp.google.com/opportunity/006Kf00000OR9x0IAD"", ""ADO 2026 #PlaybookGE"")",0014M00001yTakKQAS,Progressed
"=HYPERLINK(""https://vector.corp.google.com/account/0014M00001kPwfXQAS"", ""Mobility ADO"")","=HYPERLINK(""https://vector.corp.google.com/workload/aBJKf000009eMrkOAE"", ""ADO - Autobus VisionAI Solution"")","$252,000.00",Stage 0-2 ➔ Stage 3,July,2026-07-01,0-2: Tech Eval/Solution Dev,3:  Proposal / Negotiation,0-2: Tech Eval/Solution Dev,Arturo Portas,Analytics,"=HYPERLINK(""https://vector.corp.google.com/opportunity/006Kf00000OR9x0IAD"", ""ADO 2026 #PlaybookGE"")",0014M00001yTakKQAS,Progressed
"=HYPERLINK(""https://vector.corp.google.com/account/0014M00001kCOb9QAG"", ""Inmobiliaria Ruba, S.A. de C.V."")","=HYPERLINK(""https://vector.corp.google.com/workload/aBJKf000009eJT1OAM"", ""Ruba - Looker 2.0"")","$50,000.00",Stage 0-2 ➔ Stage 3,July,2026-07-03,0-2: Tech Eval/Solution Dev,3:  Proposal / Negotiation,Closed,Jesus Gonzalez,Analytics,"=HYPERLINK(""https://vector.corp.google.com/opportunity/006Kf00000LkFBMIA3"", ""Inmobiliaria Ruba#GCP#VertexAI"")",0014M00001yTakKQAS,Progressed
"=HYPERLINK(""https://vector.corp.google.com/account/001Kf000014S8XBIA0"", ""Pisa Global"")","=HYPERLINK(""https://vector.corp.google.com/workload/aBJKf000004ZJ4jOAG"", ""SABIA"")","$200,000.00",Stage 3 ➔ Stage 4.1,July,2026-07-06,3:  Proposal / Negotiation,4.1: Pre Ramp / Mobilize,4.2: Ramping / Deliver,Maria Aja Kindelan,Analytics,"=HYPERLINK(""https://vector.corp.google.com/opportunity/006Kf00000KbI7vIAF"", ""Pisa Pharmaceutical  #GCP #OUT #MXLargeDeals #RECOMMIT #PlaybookGE"")",0014M00001yTakKQAS,Progressed
"=HYPERLINK(""https://vector.corp.google.com/account/0014M00001hX29wQAC"", ""CAJA COLOMBIANA DE SUBSIDIO FAMILIAR COLSUBSIDIO"")","=HYPERLINK(""https://vector.corp.google.com/workload/aBJKf000006AD00OAG"", ""Colsubsidio SAP IaaS"")","$600,000.00",Stage 0-2 ➔ Stage 3,July,2026-07-07,0-2: Tech Eval/Solution Dev,3:  Proposal / Negotiation,3:  Proposal / Negotiation,Santiago Guerrero,Migrate Modernize and Build,"=HYPERLINK(""https://vector.corp.google.com/opportunity/006Kf00000LkT3aIAF"", ""Colsubsidio SAP IaaS"")",0014M00002BR5AuQAL,Progressed
"=HYPERLINK(""https://vector.corp.google.com/account/0014M00001hUP2HQAW"", ""Companhia Brasileira de Distribuição"")","=HYPERLINK(""https://vector.corp.google.com/workload/aBJKf000009onafOAA"", ""GCVE - Sem Cud e Sem Licencas"")","$192,000.00",Stage 0-2 ➔ Stage 3,July,2026-07-08,0-2: Tech Eval/Solution Dev,3:  Proposal / Negotiation,4.3: Migrated/Implemented,Rafael Alcalá,Migrate Modernize and Build,"=HYPERLINK(""https://vector.corp.google.com/opportunity/006Kf00000Oo2YnIAJ"", ""GPA - Sem CUD #OUT"")",0014M0000281B4tQAE,Progressed
"=HYPERLINK(""https://vector.corp.google.com/account/001Kf00001EMXedIAH"", ""Gasngo Mexico"")","=HYPERLINK(""https://vector.corp.google.com/workload/aBJKf000009olfMOAQ"", ""Kndryl - Infra Mod"")","$500,000.00",Stage 0-2 ➔ Stage 3,July,2026-07-09,0-2: Tech Eval/Solution Dev,3:  Proposal / Negotiation,4.1: Pre Ramp / Mobilize,Santiago Meza,Migrate Modernize and Build,"=HYPERLINK(""https://vector.corp.google.com/opportunity/006Kf00000LkcsqIAB"", ""GASNGO EA"")",0014M00001yTakKQAS,Progressed
"=HYPERLINK(""https://vector.corp.google.com/account/0014M00001hNkiPQAS"", ""Aché Laboratórios Farmacêuticos S/A"")","=HYPERLINK(""https://vector.corp.google.com/workload/aBJKf000009tWWLOA2"", ""[Ache] DC Migration 250VMs"")","$800,000.00",Stage 0-2 ➔ Stage 3,July,2026-07-13,0-2: Tech Eval/Solution Dev,3:  Proposal / Negotiation,3:  Proposal / Negotiation,Alexandre Kota,Migrate Modernize and Build,"=HYPERLINK(""https://vector.corp.google.com/opportunity/006Kf00000NSLKfIAP"", ""[Ache] DC Migration - 250VMs + SAP RISE"")",0014M00001yTraMQAS,Progressed
"=HYPERLINK(""https://vector.corp.google.com/account/0014M00001hcBNAQA2"", ""Ferreycorp S.A.A."")","=HYPERLINK(""https://vector.corp.google.com/workload/aBJKf000009ss5EOAQ"", ""Azure Exit - Infra"")","$20,000.00",Stage 3 ➔ Stage 4.1,July,2026-07-14,3:  Proposal / Negotiation,4.1: Pre Ramp / Mobilize,4.3: Migrated/Implemented,Daniela Ramirez-Gaston Vizcarra,Migrate Modernize and Build,"=HYPERLINK(""https://vector.corp.google.com/opportunity/006Kf00000NzK5fIAF"", ""Ferreyros - Commit renewal - 200K"")",0014M000027zF5oQAE,Progressed
"=HYPERLINK(""https://vector.corp.google.com/account/001Kf00001EMXedIAH"", ""Gasngo Mexico"")","=HYPERLINK(""https://vector.corp.google.com/workload/aBJKf000009olfMOAQ"", ""Kndryl - Infra Mod"")","$500,000.00",Stage 3 ➔ Stage 4.1,July,2026-07-16,3:  Proposal / Negotiation,4.1: Pre Ramp / Mobilize,4.1: Pre Ramp / Mobilize,Santiago Meza,Migrate Modernize and Build,"=HYPERLINK(""https://vector.corp.google.com/opportunity/006Kf00000LkcsqIAB"", ""GASNGO EA"")",0014M00001yTakKQAS,Progressed
"=HYPERLINK(""https://vector.corp.google.com/account/0014M00001hredbQAA"", ""Grupo Financiero Banorte, S.A.B. de C.V."")","=HYPERLINK(""https://vector.corp.google.com/workload/aBJKf000009ePM1OAM"", ""[BANCO] [RM] GCVE SON"")","$150,000.00",Stage 0-2 ➔ Stage 3,July,2026-07-31,0-2: Tech Eval/Solution Dev,3:  Proposal / Negotiation,Closed,Victor Domínguez,Migrate Modernize and Build,"=HYPERLINK(""https://vector.corp.google.com/opportunity/006Kf00000OrCcuIAF"", ""Banorte - GCVE Nodos Storage"")",0014M00001yTakKQAS,Progressed
"=HYPERLINK(""https://vector.corp.google.com/account/0014M00001hNkj4QAC"", ""Radio e Televisao Record S/A"")","=HYPERLINK(""https://vector.corp.google.com/workload/aBJKf000009e9iFOAQ"", ""Record | Migration Cloudera To BigQuery"")","$145,000.00",Stage 3 ➔ Stage 4.1,August,2026-08-10,3:  Proposal / Negotiation,4.1: Pre Ramp / Mobilize,4.2: Ramping / Deliver,Saulo Pereira,Analytics,"=HYPERLINK(""https://vector.corp.google.com/opportunity/006Kf00000OliOfIAJ"", ""#RevDA_Record_ClouderaToGCP_Kyndryl"")",0014M00001yTraMQAS,Progressed
"=HYPERLINK(""https://vector.corp.google.com/account/0014M00001hTImGQAW"", ""ALFAGRES S.A."")","=HYPERLINK(""https://vector.corp.google.com/workload/aBJKf000009kG9vOAE"", ""Alfagres Gemini Enterprise 200 Usuarios"")","$42,000.00",Stage 0-2 ➔ Stage 3,August,2026-08-11,0-2: Tech Eval/Solution Dev,3:  Proposal / Negotiation,0-2: Tech Eval/Solution Dev,Santiago Guerrero,Build with AI,"=HYPERLINK(""https://vector.corp.google.com/opportunity/006Kf00000ORvyaIAD"", ""FY26 #Outbound #ALFA # Gemini enterprise #Optimización de Manufactura y Logística #PlaybookGE"")",0014M00002BR5AuQAL,Progressed
"=HYPERLINK(""https://vector.corp.google.com/account/0014M00001hNkiPQAS"", ""Aché Laboratórios Farmacêuticos S/A"")","=HYPERLINK(""https://vector.corp.google.com/workload/aBJKf000004ZOMaOAO"", ""Aché - OracleBaseDB - #Oracle"")","$40,000.00",Stage 0-2 ➔ Stage 3,August,2026-08-11,0-2: Tech Eval/Solution Dev,3:  Proposal / Negotiation,3:  Proposal / Negotiation,Karla Nobre,Migrate Modernize and Build,"=HYPERLINK(""https://vector.corp.google.com/opportunity/006Kf00000Osrw6IAB"", ""[Ache] Recommit"")",0014M00001yTraMQAS,Progressed
"=HYPERLINK(""https://vector.corp.google.com/account/0014M00001hqUYyQAM"", ""Intercorp Peru Ltd."")","=HYPERLINK(""https://vector.corp.google.com/workload/aBJKf000009e7jOOAQ"", ""La tinka - Creación de Agentes"")","$89,000.00",Stage 0-2 ➔ Stage 3,August,2026-08-14,0-2: Tech Eval/Solution Dev,3:  Proposal / Negotiation,3:  Proposal / Negotiation,Daniela Falchi,Build with AI,"=HYPERLINK(""https://vector.corp.google.com/opportunity/006Kf00000OTGmdIAH"", ""La Tinka - Agentes DATA y AI #SalesCreditPOC #PlaybookGE"")",0014M000027zF5oQAE,Progressed
"=HYPERLINK(""https://vector.corp.google.com/account/0014M00001hredbQAA"", ""Grupo Financiero Banorte, S.A.B. de C.V."")","=HYPERLINK(""https://vector.corp.google.com/workload/aBJKf000009tZf1OAE"", ""[BANCO] [RM] Azure exit to GCVE (408VM)"")","$355,984.00",Stage 0-2 ➔ Stage 3,August,2026-08-24,0-2: Tech Eval/Solution Dev,3:  Proposal / Negotiation,3:  Proposal / Negotiation,Ricardo Medina,Migrate Modernize and Build,"=HYPERLINK(""https://vector.corp.google.com/opportunity/006Kf00000O9gBUIAZ"", ""8-nodos GCVE con Kyndryl"")",0014M00001yTakKQAS,Progressed
"=HYPERLINK(""https://vector.corp.google.com/account/0014M00001nUZ1mQAG"", ""Solar Coca Cola"")","=HYPERLINK(""https://vector.corp.google.com/workload/aBJKf000009eKGXOA2"", ""SolarBR_GeminiApp"")","$92,880.00",Stage 3 ➔ Stage 4.1,August,2026-08-31,3:  Proposal / Negotiation,4.1: Pre Ramp / Mobilize,4.2: Ramping / Deliver,Roberta Coelho,Build with AI,"=HYPERLINK(""https://vector.corp.google.com/opportunity/006Kf00000Opx2CIAR"", ""Solar_GeminiEnterpriseApp"")",0014M00001yTraMQAS,Progressed
"=HYPERLINK(""https://vector.corp.google.com/account/0014M00001h3mmdQAA"", ""Pisa Pharmaceutica"")","=HYPERLINK(""https://vector.corp.google.com/workload/aBJKf000004ZP64OAG"", ""HA"")","$2,100,000.00",Stage 0-2 ➔ Stage 3,September,2026-09-07,0-2: Tech Eval/Solution Dev,3:  Proposal / Negotiation,3:  Proposal / Negotiation,Maria Aja Kindelan,Migrate Modernize and Build,"=HYPERLINK(""https://vector.corp.google.com/opportunity/006Kf00000PisgMIAR"", ""PiSA HA Project"")",0014M00001yTakKQAS,Progressed
"=HYPERLINK(""https://vector.corp.google.com/account/0014M00001hredbQAA"", ""Grupo Financiero Banorte, S.A.B. de C.V."")","=HYPERLINK(""https://vector.corp.google.com/workload/aBJKf000009tZf1OAE"", ""[BANCO] [RM] Azure exit to GCVE (408VM)"")","$355,984.00",Stage 0-2 ➔ Stage 3,September,2026-09-08,0-2: Tech Eval/Solution Dev,3:  Proposal / Negotiation,3:  Proposal / Negotiation,Ricardo Medina,Migrate Modernize and Build,"=HYPERLINK(""https://vector.corp.google.com/opportunity/006Kf00000O9gBUIAZ"", ""8-nodos GCVE con Kyndryl"")",0014M00001yTakKQAS,Progressed
"=HYPERLINK(""https://vector.corp.google.com/account/0014M00001hNkj4QAC"", ""Radio e Televisao Record S/A"")","=HYPERLINK(""https://vector.corp.google.com/workload/aBJKf000009kGjoOAE"", ""Record #SAP IaaS"")","$450,000.00",Stage 0-2 ➔ Stage 3,September,2026-09-17,0-2: Tech Eval/Solution Dev,3:  Proposal / Negotiation,3:  Proposal / Negotiation,Ale Tavares,Migrate Modernize and Build,"=HYPERLINK(""https://vector.corp.google.com/opportunity/006Kf00000OA0VVIA1"", ""Record #SAP IaaS #SAPCAP"")",0014M00001yTraMQAS,Progressed
,,,,,,,,,,,,,
"2. DRP GROWTH: PRACTITIONER TIER PROMOTIONS (T4➔T3, T3➔T2, T2➔T1)",,,,,,,,,,,,,
Tier Transition,July Upgrades,August Upgrades,September Upgrades,Q3 Total Upgrades,Unique Profiles,July % Share,August % Share,September % Share,Top Practice Area,Top Product,Growth Velocity,DRP Partner Key,Status
Tier 4 ➔ Tier 3,225,210,251,686,339,32.8%,30.6%,36.6%,Infrastructure Modernization,Google Compute Engine,🔥 High,P20220428047,Active Progression
Tier 3 ➔ Tier 2,71,57,75,203,137,35.0%,28.1%,36.9%,Infrastructure Modernization,Google Compute Engine,🔥 High,P20220428047,Active Progression
Tier 2 ➔ Tier 1,29,27,9,65,45,44.6%,41.5%,13.8%,Infrastructure Modernization,Google Compute Engine,🔥 High,P20220428047,Active Progression
TOTAL DRP TIER PROMOTIONS,325,294,335,954,374,34.1%,30.8%,35.1%,-,-,-,-,-
,,,,,,,,,,,,,
PRACTICE AREA & PRODUCT TIER PROGRESSION TABLE,,,,,,,,,,,,,
Practice Area,Product,Tier 4 ➔ Tier 3,Tier 3 ➔ Tier 2,Tier 2 ➔ Tier 1,Total Upgrades,July Upgrades,August Upgrades,September Upgrades,Unique Profiles,DRP Partner Key,Growth Velocity Rating,Primary Upgrade Stage,Status
Application Modernization,Apigee API Management,8,1,0,9,1,5,3,9,P20220428047,🚀 Steady Growth (3-9),Tier 4 ➔ Tier 3,Active
Application Modernization,Cloud Run,32,5,1,38,5,18,15,36,P20220428047,🔥 High Velocity (10+),Tier 4 ➔ Tier 3,Active
Application Modernization,Google Kubernetes Engine,86,15,7,108,39,27,42,100,P20220428047,🔥 High Velocity (10+),Tier 4 ➔ Tier 3,Active
Artificial Intelligence,AI Applications,10,0,2,12,5,5,2,12,P20220428047,🔥 High Velocity (10+),Tier 4 ➔ Tier 3,Active
Artificial Intelligence,GECX - CX Agent Studio,12,1,0,13,0,0,13,13,P20220428047,🔥 High Velocity (10+),Tier 4 ➔ Tier 3,Active
Artificial Intelligence,Gemini Enterprise,35,14,2,51,18,20,13,41,P20220428047,🔥 High Velocity (10+),Tier 4 ➔ Tier 3,Active
Artificial Intelligence,Gemini Enterprise Agent Platform,66,23,11,100,29,33,38,82,P20220428047,🔥 High Velocity (10+),Tier 4 ➔ Tier 3,Active
Artificial Intelligence,Gemini Enterprise for Customer Experience,3,1,1,5,5,0,0,5,P20220428047,🚀 Steady Growth (3-9),Tier 4 ➔ Tier 3,Active
Data & Analytics,BigQuery,48,21,3,72,18,23,31,63,P20220428047,🔥 High Velocity (10+),Tier 4 ➔ Tier 3,Active
Data & Analytics,Dataflow,21,5,3,29,12,11,6,25,P20220428047,🔥 High Velocity (10+),Tier 4 ➔ Tier 3,Active
Data & Analytics,Dataproc,12,2,0,14,3,6,5,12,P20220428047,🔥 High Velocity (10+),Tier 4 ➔ Tier 3,Active
Data & Analytics,Looker,13,2,0,15,4,6,5,13,P20220428047,🔥 High Velocity (10+),Tier 4 ➔ Tier 3,Active
Databases,AlloyDB for PostgreSQL,2,1,0,3,3,0,0,2,P20220428047,🚀 Steady Growth (3-9),Tier 4 ➔ Tier 3,Active
Databases,Cloud SQL,21,6,0,27,7,18,2,22,P20220428047,🔥 High Velocity (10+),Tier 4 ➔ Tier 3,Active
Databases,Spanner,6,1,0,7,3,4,0,6,P20220428047,🚀 Steady Growth (3-9),Tier 4 ➔ Tier 3,Active
Infrastructure Modernization,Google Cloud Networking,82,37,5,124,38,34,52,117,P20220428047,🔥 High Velocity (10+),Tier 4 ➔ Tier 3,Active
Infrastructure Modernization,Google Cloud VMware Engine,24,3,0,27,15,10,2,27,P20220428047,🔥 High Velocity (10+),Tier 4 ➔ Tier 3,Active
Infrastructure Modernization,Google Compute Engine,115,62,29,206,77,53,76,176,P20220428047,🔥 High Velocity (10+),Tier 4 ➔ Tier 3,Active
Infrastructure Modernization,Google Distributed Cloud,11,0,0,11,6,1,4,10,P20220428047,🔥 High Velocity (10+),Tier 4 ➔ Tier 3,Active
Infrastructure Modernization,Oracle,5,0,0,5,3,1,1,5,P20220428047,🚀 Steady Growth (3-9),Tier 4 ➔ Tier 3,Active
Infrastructure Modernization,SAP on Google Cloud,11,0,1,12,9,0,3,10,P20220428047,🔥 High Velocity (10+),Tier 4 ➔ Tier 3,Active
Security,Cloud Security,54,2,0,56,20,16,20,55,P20220428047,🔥 High Velocity (10+),Tier 4 ➔ Tier 3,Active
Security,Security Command Center,3,0,0,3,1,2,0,3,P20220428047,🚀 Steady Growth (3-9),Tier 4 ➔ Tier 3,Active
Security,Security Operations,2,1,0,3,2,1,0,3,P20220428047,🚀 Steady Growth (3-9),Tier 4 ➔ Tier 3,Active
Workspace,Workspace,4,0,0,4,2,0,2,4,P20220428047,🚀 Steady Growth (3-9),Tier 4 ➔ Tier 3,Active
TOTAL,-,686,203,65,954,325,294,335,374,-,-,-,-
,,,,,,,,,,,,,
PRACTITIONER PROFILES PROGRESSION DETAIL (INDIVIDUAL LEVEL TRANSITIONS),,,,,,,,,,,,,
Profile ID,Practice Area,Product,Tier Movement,Transition Month,Transition Date,Previous Score,New Score,Score Delta,Previous Tier,New Tier,DRP Partner Key,Promotion Type,Status
KYNPHONA2,Artificial Intelligence,Gemini Enterprise,Tier 4 ➔ Tier 3,July,2026-07-01,15.0,20.0,+5.0,Tier 4,Tier 3,P20220428047,Tier Upgrade,Promoted
KYNKMSIE5,Artificial Intelligence,Gemini Enterprise Agent Platform,Tier 4 ➔ Tier 3,July,2026-07-01,15.0,25.0,+10.0,Tier 4,Tier 3,P20220428047,Tier Upgrade,Promoted
KYNBLDTW1,Infrastructure Modernization,Google Compute Engine,Tier 3 ➔ Tier 2,July,2026-07-01,30.0,35.0,+5.0,Tier 3,Tier 2,P20220428047,Tier Upgrade,Promoted
KYNVJQNC4,Infrastructure Modernization,Google Compute Engine,Tier 4 ➔ Tier 3,July,2026-07-01,19.0,29.0,+10.0,Tier 4,Tier 3,P20220428047,Tier Upgrade,Promoted
KYNCACWK0,Infrastructure Modernization,Google Compute Engine,Tier 4 ➔ Tier 3,July,2026-07-01,18.0,23.0,+5.0,Tier 4,Tier 3,P20220428047,Tier Upgrade,Promoted
KYNJCLNC7,Infrastructure Modernization,Google Compute Engine,Tier 4 ➔ Tier 3,July,2026-07-01,15.0,20.0,+5.0,Tier 4,Tier 3,P20220428047,Tier Upgrade,Promoted
KYNLSRMP0,Security,Cloud Security,Tier 4 ➔ Tier 3,July,2026-07-01,15.0,20.0,+5.0,Tier 4,Tier 3,P20220428047,Tier Upgrade,Promoted
KYNEMVKA7,Artificial Intelligence,Gemini Enterprise Agent Platform,Tier 4 ➔ Tier 3,July,2026-07-02,15.0,20.0,+5.0,Tier 4,Tier 3,P20220428047,Tier Upgrade,Promoted
KYNVSPMJ3,Infrastructure Modernization,Google Cloud Networking,Tier 4 ➔ Tier 3,July,2026-07-02,14.0,24.0,+10.0,Tier 4,Tier 3,P20220428047,Tier Upgrade,Promoted
KYNVSPMJ3,Infrastructure Modernization,Google Distributed Cloud,Tier 4 ➔ Tier 3,July,2026-07-02,14.0,24.0,+10.0,Tier 4,Tier 3,P20220428047,Tier Upgrade,Promoted
KYNBETVC3,Infrastructure Modernization,SAP on Google Cloud,Tier 4 ➔ Tier 3,July,2026-07-02,14.0,24.0,+10.0,Tier 4,Tier 3,P20220428047,Tier Upgrade,Promoted
KYNRNYKO3,Infrastructure Modernization,Google Cloud Networking,Tier 4 ➔ Tier 3,July,2026-07-02,15.0,20.0,+5.0,Tier 4,Tier 3,P20220428047,Tier Upgrade,Promoted
KYNNGXHE0,Security,Security Operations,Tier 4 ➔ Tier 3,July,2026-07-02,19.0,24.0,+5.0,Tier 4,Tier 3,P20220428047,Tier Upgrade,Promoted
KYNPSRYH5,Databases,Cloud SQL,Tier 4 ➔ Tier 3,July,2026-07-03,18.0,23.0,+5.0,Tier 4,Tier 3,P20220428047,Tier Upgrade,Promoted
KYNGMSP41,Application Modernization,Google Kubernetes Engine,Tier 3 ➔ Tier 2,July,2026-07-04,29.0,39.0,+10.0,Tier 3,Tier 2,P20220428047,Tier Upgrade,Promoted
KYNGMSP41,Application Modernization,Cloud Run,Tier 4 ➔ Tier 3,July,2026-07-04,14.0,24.0,+10.0,Tier 4,Tier 3,P20220428047,Tier Upgrade,Promoted
KYNMNNHH5,Application Modernization,Google Kubernetes Engine,Tier 4 ➔ Tier 3,July,2026-07-04,12.0,22.0,+10.0,Tier 4,Tier 3,P20220428047,Tier Upgrade,Promoted
KYNSV7K12,Application Modernization,Google Kubernetes Engine,Tier 4 ➔ Tier 3,July,2026-07-04,15.0,20.0,+5.0,Tier 4,Tier 3,P20220428047,Tier Upgrade,Promoted
KYNNPBCM8,Artificial Intelligence,Gemini Enterprise Agent Platform,Tier 4 ➔ Tier 3,July,2026-07-04,15.0,20.0,+5.0,Tier 4,Tier 3,P20220428047,Tier Upgrade,Promoted
KYNJJLEI3,Artificial Intelligence,Gemini Enterprise Agent Platform,Tier 4 ➔ Tier 3,July,2026-07-04,16.0,21.0,+5.0,Tier 4,Tier 3,P20220428047,Tier Upgrade,Promoted
KYNJJLEI3,Data & Analytics,Dataproc,Tier 4 ➔ Tier 3,July,2026-07-04,11.0,21.0,+10.0,Tier 4,Tier 3,P20220428047,Tier Upgrade,Promoted
KYNFF2X31,Data & Analytics,BigQuery,Tier 4 ➔ Tier 3,July,2026-07-04,19.0,24.0,+5.0,Tier 4,Tier 3,P20220428047,Tier Upgrade,Promoted
KYNJJLEI3,Data & Analytics,Dataflow,Tier 3 ➔ Tier 2,July,2026-07-04,31.0,46.0,+15.0,Tier 3,Tier 2,P20220428047,Tier Upgrade,Promoted
KYNFF2X31,Data & Analytics,Dataflow,Tier 4 ➔ Tier 3,July,2026-07-04,19.0,24.0,+5.0,Tier 4,Tier 3,P20220428047,Tier Upgrade,Promoted
KYNJJLEI3,Data & Analytics,BigQuery,Tier 3 ➔ Tier 2,July,2026-07-04,21.0,36.0,+15.0,Tier 3,Tier 2,P20220428047,Tier Upgrade,Promoted
KYNBTWNJ0,Infrastructure Modernization,Google Compute Engine,Tier 4 ➔ Tier 3,July,2026-07-04,15.0,20.0,+5.0,Tier 4,Tier 3,P20220428047,Tier Upgrade,Promoted
KYNHDCFP5,Infrastructure Modernization,Google Cloud Networking,Tier 4 ➔ Tier 3,July,2026-07-04,10.0,20.0,+10.0,Tier 4,Tier 3,P20220428047,Tier Upgrade,Promoted
KYNHDCFP5,Infrastructure Modernization,Google Compute Engine,Tier 4 ➔ Tier 3,July,2026-07-04,10.0,20.0,+10.0,Tier 4,Tier 3,P20220428047,Tier Upgrade,Promoted
KYNFF2X31,Infrastructure Modernization,Google Compute Engine,Tier 2 ➔ Tier 1,July,2026-07-04,44.0,54.0,+10.0,Tier 2,Tier 1,P20220428047,Tier Upgrade,Promoted
KYNBDOCC7,Infrastructure Modernization,Google Compute Engine,Tier 4 ➔ Tier 3,July,2026-07-04,9.0,24.0,+15.0,Tier 4,Tier 3,P20220428047,Tier Upgrade,Promoted
KYNGMSP41,Infrastructure Modernization,Google Compute Engine,Tier 2 ➔ Tier 1,July,2026-07-04,44.0,59.0,+15.0,Tier 2,Tier 1,P20220428047,Tier Upgrade,Promoted
KYNJJLEI3,Infrastructure Modernization,Google Compute Engine,Tier 2 ➔ Tier 1,July,2026-07-04,46.0,61.0,+15.0,Tier 2,Tier 1,P20220428047,Tier Upgrade,Promoted
KYNYAENS8,Infrastructure Modernization,Google Cloud Networking,Tier 4 ➔ Tier 3,July,2026-07-04,19.0,24.0,+5.0,Tier 4,Tier 3,P20220428047,Tier Upgrade,Promoted
KYNNPBCM8,Infrastructure Modernization,Google Cloud Networking,Tier 4 ➔ Tier 3,July,2026-07-04,15.0,25.0,+10.0,Tier 4,Tier 3,P20220428047,Tier Upgrade,Promoted
KYNGMSP41,Infrastructure Modernization,Google Cloud VMware Engine,Tier 4 ➔ Tier 3,July,2026-07-04,14.0,24.0,+10.0,Tier 4,Tier 3,P20220428047,Tier Upgrade,Promoted
KYNDTWOR7,Infrastructure Modernization,SAP on Google Cloud,Tier 4 ➔ Tier 3,July,2026-07-04,14.0,24.0,+10.0,Tier 4,Tier 3,P20220428047,Tier Upgrade,Promoted
KYNNPFTX6,Application Modernization,Google Kubernetes Engine,Tier 4 ➔ Tier 3,July,2026-07-05,15.0,20.0,+5.0,Tier 4,Tier 3,P20220428047,Tier Upgrade,Promoted
KYNDV6EU0,Artificial Intelligence,AI Applications,Tier 4 ➔ Tier 3,July,2026-07-05,14.0,24.0,+10.0,Tier 4,Tier 3,P20220428047,Tier Upgrade,Promoted
KYNNKXWJ9,Artificial Intelligence,Gemini Enterprise Agent Platform,Tier 4 ➔ Tier 3,July,2026-07-05,19.0,24.0,+5.0,Tier 4,Tier 3,P20220428047,Tier Upgrade,Promoted
KYNDV6EU0,Artificial Intelligence,Gemini Enterprise Agent Platform,Tier 4 ➔ Tier 3,July,2026-07-05,14.0,29.0,+15.0,Tier 4,Tier 3,P20220428047,Tier Upgrade,Promoted
KYNFBCJC6,Data & Analytics,Looker,Tier 3 ➔ Tier 2,July,2026-07-05,34.0,39.0,+5.0,Tier 3,Tier 2,P20220428047,Tier Upgrade,Promoted
KYNYAENS8,Infrastructure Modernization,Google Compute Engine,Tier 4 ➔ Tier 3,July,2026-07-05,19.0,24.0,+5.0,Tier 4,Tier 3,P20220428047,Tier Upgrade,Promoted
KYNSREHU2,Infrastructure Modernization,Google Compute Engine,Tier 3 ➔ Tier 2,July,2026-07-05,30.0,40.0,+10.0,Tier 3,Tier 2,P20220428047,Tier Upgrade,Promoted
KYNNSBJL4,Infrastructure Modernization,Google Compute Engine,Tier 3 ➔ Tier 2,July,2026-07-05,30.0,35.0,+5.0,Tier 3,Tier 2,P20220428047,Tier Upgrade,Promoted
KYNPHONA2,Infrastructure Modernization,Google Distributed Cloud,Tier 4 ➔ Tier 3,July,2026-07-05,15.0,20.0,+5.0,Tier 4,Tier 3,P20220428047,Tier Upgrade,Promoted
KYNNKXWJ9,Artificial Intelligence,Gemini Enterprise Agent Platform,Tier 3 ➔ Tier 2,July,2026-07-06,24.0,39.0,+15.0,Tier 3,Tier 2,P20220428047,Tier Upgrade,Promoted
KYNMBBBI0,Infrastructure Modernization,Google Compute Engine,Tier 4 ➔ Tier 3,July,2026-07-06,15.0,20.0,+5.0,Tier 4,Tier 3,P20220428047,Tier Upgrade,Promoted
KYNSKHDX9,Artificial Intelligence,Gemini Enterprise Agent Platform,Tier 4 ➔ Tier 3,July,2026-07-07,19.0,34.0,+15.0,Tier 4,Tier 3,P20220428047,Tier Upgrade,Promoted
KYNFSGFF8,Artificial Intelligence,Gemini Enterprise,Tier 3 ➔ Tier 2,July,2026-07-07,33.0,38.0,+5.0,Tier 3,Tier 2,P20220428047,Tier Upgrade,Promoted
KYNKSICR3,Databases,AlloyDB for PostgreSQL,Tier 4 ➔ Tier 3,July,2026-07-07,19.0,29.0,+10.0,Tier 4,Tier 3,P20220428047,Tier Upgrade,Promoted
KYNVNZTF9,Infrastructure Modernization,Google Distributed Cloud,Tier 4 ➔ Tier 3,July,2026-07-07,15.0,20.0,+5.0,Tier 4,Tier 3,P20220428047,Tier Upgrade,Promoted
KYNGMNSV1,Infrastructure Modernization,Google Compute Engine,Tier 3 ➔ Tier 2,July,2026-07-07,30.0,35.0,+5.0,Tier 3,Tier 2,P20220428047,Tier Upgrade,Promoted
KYNRIINK5,Artificial Intelligence,Gemini Enterprise Agent Platform,Tier 2 ➔ Tier 1,July,2026-07-08,47.0,52.0,+5.0,Tier 2,Tier 1,P20220428047,Tier Upgrade,Promoted
KYNRIINK5,Artificial Intelligence,Gemini Enterprise for Customer Experience,Tier 2 ➔ Tier 1,July,2026-07-08,47.0,52.0,+5.0,Tier 2,Tier 1,P20220428047,Tier Upgrade,Promoted
KYNFBCJC6,Data & Analytics,Dataproc,Tier 3 ➔ Tier 2,July,2026-07-08,29.0,39.0,+10.0,Tier 3,Tier 2,P20220428047,Tier Upgrade,Promoted
KYNMZXYZ7,Data & Analytics,Dataflow,Tier 4 ➔ Tier 3,July,2026-07-08,10.0,20.0,+10.0,Tier 4,Tier 3,P20220428047,Tier Upgrade,Promoted
KYNRIINK5,Data & Analytics,Dataflow,Tier 4 ➔ Tier 3,July,2026-07-08,17.0,22.0,+5.0,Tier 4,Tier 3,P20220428047,Tier Upgrade,Promoted
KYNVSPMJ3,Infrastructure Modernization,Google Compute Engine,Tier 2 ➔ Tier 1,July,2026-07-08,49.0,54.0,+5.0,Tier 2,Tier 1,P20220428047,Tier Upgrade,Promoted
KYNNKXWJ9,Infrastructure Modernization,Google Compute Engine,Tier 4 ➔ Tier 3,July,2026-07-08,19.0,29.0,+10.0,Tier 4,Tier 3,P20220428047,Tier Upgrade,Promoted
KYNVSDQT3,Infrastructure Modernization,Google Compute Engine,Tier 4 ➔ Tier 3,July,2026-07-08,15.0,25.0,+10.0,Tier 4,Tier 3,P20220428047,Tier Upgrade,Promoted
KYNNAYIL0,Application Modernization,Google Kubernetes Engine,Tier 4 ➔ Tier 3,July,2026-07-09,15.0,30.0,+15.0,Tier 4,Tier 3,P20220428047,Tier Upgrade,Promoted
KYNSKRRL4,Artificial Intelligence,Gemini Enterprise,Tier 4 ➔ Tier 3,July,2026-07-09,15.0,29.0,+14.0,Tier 4,Tier 3,P20220428047,Tier Upgrade,Promoted
KYNNAYIL0,Infrastructure Modernization,Google Cloud Networking,Tier 4 ➔ Tier 3,July,2026-07-09,15.0,25.0,+10.0,Tier 4,Tier 3,P20220428047,Tier Upgrade,Promoted
KYNNAYIL0,Infrastructure Modernization,Google Compute Engine,Tier 4 ➔ Tier 3,July,2026-07-09,15.0,30.0,+15.0,Tier 4,Tier 3,P20220428047,Tier Upgrade,Promoted
KYNRDKJE1,Infrastructure Modernization,Google Compute Engine,Tier 4 ➔ Tier 3,July,2026-07-09,19.0,29.0,+10.0,Tier 4,Tier 3,P20220428047,Tier Upgrade,Promoted
KYNANAMI6,Artificial Intelligence,Gemini Enterprise,Tier 3 ➔ Tier 2,July,2026-07-10,30.0,40.0,+10.0,Tier 3,Tier 2,P20220428047,Tier Upgrade,Promoted
KYNIREWS0,Infrastructure Modernization,Google Compute Engine,Tier 4 ➔ Tier 3,July,2026-07-10,19.0,29.0,+10.0,Tier 4,Tier 3,P20220428047,Tier Upgrade,Promoted
KYNNKXWJ9,Infrastructure Modernization,Google Compute Engine,Tier 3 ➔ Tier 2,July,2026-07-10,29.0,44.0,+15.0,Tier 3,Tier 2,P20220428047,Tier Upgrade,Promoted
KYNFF2X31,Application Modernization,Google Kubernetes Engine,Tier 4 ➔ Tier 3,July,2026-07-11,19.0,24.0,+5.0,Tier 4,Tier 3,P20220428047,Tier Upgrade,Promoted
KYNFBCJC6,Application Modernization,Apigee API Management,Tier 3 ➔ Tier 2,July,2026-07-11,34.0,39.0,+5.0,Tier 3,Tier 2,P20220428047,Tier Upgrade,Promoted
KYNNAYIL0,Application Modernization,Cloud Run,Tier 4 ➔ Tier 3,July,2026-07-11,15.0,20.0,+5.0,Tier 4,Tier 3,P20220428047,Tier Upgrade,Promoted
KYNMPPXT5,Artificial Intelligence,Gemini Enterprise Agent Platform,Tier 3 ➔ Tier 2,July,2026-07-11,30.0,40.0,+10.0,Tier 3,Tier 2,P20220428047,Tier Upgrade,Promoted
KYNFF2X31,Artificial Intelligence,Gemini Enterprise Agent Platform,Tier 4 ➔ Tier 3,July,2026-07-11,14.0,24.0,+10.0,Tier 4,Tier 3,P20220428047,Tier Upgrade,Promoted
KYNPTLTP6,Data & Analytics,Dataflow,Tier 4 ➔ Tier 3,July,2026-07-11,19.0,29.0,+10.0,Tier 4,Tier 3,P20220428047,Tier Upgrade,Promoted
KYNNS0290,Infrastructure Modernization,Google Compute Engine,Tier 3 ➔ Tier 2,July,2026-07-11,30.0,40.0,+10.0,Tier 3,Tier 2,P20220428047,Tier Upgrade,Promoted
KYNFF2X31,Infrastructure Modernization,Google Cloud VMware Engine,Tier 3 ➔ Tier 2,July,2026-07-11,34.0,39.0,+5.0,Tier 3,Tier 2,P20220428047,Tier Upgrade,Promoted
KYNJRTSQ0,Infrastructure Modernization,Google Compute Engine,Tier 3 ➔ Tier 2,July,2026-07-11,34.0,44.0,+10.0,Tier 3,Tier 2,P20220428047,Tier Upgrade,Promoted
KYNNS0290,Infrastructure Modernization,SAP on Google Cloud,Tier 4 ➔ Tier 3,July,2026-07-11,10.0,20.0,+10.0,Tier 4,Tier 3,P20220428047,Tier Upgrade,Promoted
KYNBVZRJ9,Infrastructure Modernization,Google Compute Engine,Tier 4 ➔ Tier 3,July,2026-07-11,18.0,28.0,+10.0,Tier 4,Tier 3,P20220428047,Tier Upgrade,Promoted
KYNNS0290,Infrastructure Modernization,Google Cloud VMware Engine,Tier 4 ➔ Tier 3,July,2026-07-11,10.0,20.0,+10.0,Tier 4,Tier 3,P20220428047,Tier Upgrade,Promoted
KYNRPUMF4,Security,Cloud Security,Tier 4 ➔ Tier 3,July,2026-07-11,15.0,20.0,+5.0,Tier 4,Tier 3,P20220428047,Tier Upgrade,Promoted
KYNARJQC8,Artificial Intelligence,Gemini Enterprise Agent Platform,Tier 4 ➔ Tier 3,July,2026-07-12,15.0,20.0,+5.0,Tier 4,Tier 3,P20220428047,Tier Upgrade,Promoted
KYNECIJU1,Data & Analytics,BigQuery,Tier 4 ➔ Tier 3,July,2026-07-12,18.0,23.0,+5.0,Tier 4,Tier 3,P20220428047,Tier Upgrade,Promoted
KYNECIJU1,Data & Analytics,Dataflow,Tier 4 ➔ Tier 3,July,2026-07-12,18.0,28.0,+10.0,Tier 4,Tier 3,P20220428047,Tier Upgrade,Promoted
KYNGBLHZ6,Application Modernization,Google Kubernetes Engine,Tier 4 ➔ Tier 3,July,2026-07-13,15.0,20.0,+5.0,Tier 4,Tier 3,P20220428047,Tier Upgrade,Promoted
KYNECIJU1,Data & Analytics,Looker,Tier 4 ➔ Tier 3,July,2026-07-13,18.0,23.0,+5.0,Tier 4,Tier 3,P20220428047,Tier Upgrade,Promoted
KYNECIJU1,Infrastructure Modernization,Google Cloud Networking,Tier 4 ➔ Tier 3,July,2026-07-13,18.0,23.0,+5.0,Tier 4,Tier 3,P20220428047,Tier Upgrade,Promoted
KYNSMQNK1,Infrastructure Modernization,Google Cloud Networking,Tier 4 ➔ Tier 3,July,2026-07-13,15.0,20.0,+5.0,Tier 4,Tier 3,P20220428047,Tier Upgrade,Promoted
KYNSMQNK1,Application Modernization,Google Kubernetes Engine,Tier 4 ➔ Tier 3,July,2026-07-14,15.0,20.0,+5.0,Tier 4,Tier 3,P20220428047,Tier Upgrade,Promoted
KYNSMQNK1,Infrastructure Modernization,Google Compute Engine,Tier 4 ➔ Tier 3,July,2026-07-14,15.0,25.0,+10.0,Tier 4,Tier 3,P20220428047,Tier Upgrade,Promoted
KYNRDKJE1,Infrastructure Modernization,Google Compute Engine,Tier 3 ➔ Tier 2,July,2026-07-14,34.0,39.0,+5.0,Tier 3,Tier 2,P20220428047,Tier Upgrade,Promoted
KYNNTYBQ2,Infrastructure Modernization,Google Compute Engine,Tier 4 ➔ Tier 3,July,2026-07-14,19.0,24.0,+5.0,Tier 4,Tier 3,P20220428047,Tier Upgrade,Promoted
KYNDJDPE7,Infrastructure Modernization,Google Distributed Cloud,Tier 4 ➔ Tier 3,July,2026-07-14,18.0,23.0,+5.0,Tier 4,Tier 3,P20220428047,Tier Upgrade,Promoted
KYNSMQNK1,Infrastructure Modernization,Google Distributed Cloud,Tier 4 ➔ Tier 3,July,2026-07-14,10.0,20.0,+10.0,Tier 4,Tier 3,P20220428047,Tier Upgrade,Promoted
KYNCACWK0,Application Modernization,Google Kubernetes Engine,Tier 4 ➔ Tier 3,July,2026-07-15,18.0,33.0,+15.0,Tier 4,Tier 3,P20220428047,Tier Upgrade,Promoted
KYNKKRSG1,Artificial Intelligence,Gemini Enterprise Agent Platform,Tier 4 ➔ Tier 3,July,2026-07-15,5.0,20.0,+15.0,Tier 4,Tier 3,P20220428047,Tier Upgrade,Promoted
KYNDJDPE7,Data & Analytics,BigQuery,Tier 3 ➔ Tier 2,July,2026-07-15,33.0,38.0,+5.0,Tier 3,Tier 2,P20220428047,Tier Upgrade,Promoted
KYNKSICR3,Infrastructure Modernization,Oracle,Tier 4 ➔ Tier 3,July,2026-07-15,14.0,24.0,+10.0,Tier 4,Tier 3,P20220428047,Tier Upgrade,Promoted
KYNVPN020,Infrastructure Modernization,Google Cloud Networking,Tier 4 ➔ Tier 3,July,2026-07-15,16.0,21.0,+5.0,Tier 4,Tier 3,P20220428047,Tier Upgrade,Promoted
KYNFOGBU2,Application Modernization,Google Kubernetes Engine,Tier 4 ➔ Tier 3,July,2026-07-16,19.0,29.0,+10.0,Tier 4,Tier 3,P20220428047,Tier Upgrade,Promoted
KYNSPFSK7,Application Modernization,Google Kubernetes Engine,Tier 4 ➔ Tier 3,July,2026-07-16,19.0,29.0,+10.0,Tier 4,Tier 3,P20220428047,Tier Upgrade,Promoted
KYNPTVCQ7,Application Modernization,Google Kubernetes Engine,Tier 3 ➔ Tier 2,July,2026-07-16,26.0,36.0,+10.0,Tier 3,Tier 2,P20220428047,Tier Upgrade,Promoted
KYNPCJGW8,Application Modernization,Google Kubernetes Engine,Tier 4 ➔ Tier 3,July,2026-07-16,19.0,24.0,+5.0,Tier 4,Tier 3,P20220428047,Tier Upgrade,Promoted
KYNESZLL4,Application Modernization,Google Kubernetes Engine,Tier 3 ➔ Tier 2,July,2026-07-16,34.0,39.0,+5.0,Tier 3,Tier 2,P20220428047,Tier Upgrade,Promoted
KYNLHYKI6,Application Modernization,Google Kubernetes Engine,Tier 4 ➔ Tier 3,July,2026-07-16,10.0,20.0,+10.0,Tier 4,Tier 3,P20220428047,Tier Upgrade,Promoted
KYNKSICR3,Artificial Intelligence,Gemini Enterprise Agent Platform,Tier 2 ➔ Tier 1,July,2026-07-16,49.0,54.0,+5.0,Tier 2,Tier 1,P20220428047,Tier Upgrade,Promoted
KYNKSICR3,Artificial Intelligence,AI Applications,Tier 2 ➔ Tier 1,July,2026-07-16,49.0,54.0,+5.0,Tier 2,Tier 1,P20220428047,Tier Upgrade,Promoted
KYNAMNOM0,Artificial Intelligence,AI Applications,Tier 4 ➔ Tier 3,July,2026-07-16,19.0,24.0,+5.0,Tier 4,Tier 3,P20220428047,Tier Upgrade,Promoted
KYNMTEMB0,Artificial Intelligence,Gemini Enterprise Agent Platform,Tier 2 ➔ Tier 1,July,2026-07-16,45.0,50.0,+5.0,Tier 2,Tier 1,P20220428047,Tier Upgrade,Promoted
KYNAVGOU3,Data & Analytics,BigQuery,Tier 4 ➔ Tier 3,July,2026-07-16,14.0,24.0,+10.0,Tier 4,Tier 3,P20220428047,Tier Upgrade,Promoted
KYNJJLEI3,Data & Analytics,Looker,Tier 4 ➔ Tier 3,July,2026-07-16,16.0,21.0,+5.0,Tier 4,Tier 3,P20220428047,Tier Upgrade,Promoted
KYNPTVCQ7,Data & Analytics,BigQuery,Tier 4 ➔ Tier 3,July,2026-07-16,16.0,26.0,+10.0,Tier 4,Tier 3,P20220428047,Tier Upgrade,Promoted
KYNJJLEI3,Data & Analytics,Dataflow,Tier 2 ➔ Tier 1,July,2026-07-16,46.0,51.0,+5.0,Tier 2,Tier 1,P20220428047,Tier Upgrade,Promoted
KYNPTLTP6,Data & Analytics,BigQuery,Tier 3 ➔ Tier 2,July,2026-07-16,34.0,44.0,+10.0,Tier 3,Tier 2,P20220428047,Tier Upgrade,Promoted
KYNPTLTP6,Data & Analytics,Dataproc,Tier 4 ➔ Tier 3,July,2026-07-16,19.0,29.0,+10.0,Tier 4,Tier 3,P20220428047,Tier Upgrade,Promoted
KYNESZLL4,Data & Analytics,BigQuery,Tier 4 ➔ Tier 3,July,2026-07-16,19.0,29.0,+10.0,Tier 4,Tier 3,P20220428047,Tier Upgrade,Promoted
KYNMTEMB0,Data & Analytics,Dataflow,Tier 4 ➔ Tier 3,July,2026-07-16,15.0,20.0,+5.0,Tier 4,Tier 3,P20220428047,Tier Upgrade,Promoted
KYNDMTSN9,Data & Analytics,BigQuery,Tier 4 ➔ Tier 3,July,2026-07-16,14.0,24.0,+10.0,Tier 4,Tier 3,P20220428047,Tier Upgrade,Promoted
KYNNGLAY7,Data & Analytics,Looker,Tier 4 ➔ Tier 3,July,2026-07-16,15.0,20.0,+5.0,Tier 4,Tier 3,P20220428047,Tier Upgrade,Promoted
KYNMMPXJ3,Data & Analytics,BigQuery,Tier 4 ➔ Tier 3,July,2026-07-16,10.0,20.0,+10.0,Tier 4,Tier 3,P20220428047,Tier Upgrade,Promoted
KYNSPFSK7,Data & Analytics,BigQuery,Tier 4 ➔ Tier 3,July,2026-07-16,19.0,29.0,+10.0,Tier 4,Tier 3,P20220428047,Tier Upgrade,Promoted
KYNFOGBU2,Data & Analytics,BigQuery,Tier 4 ➔ Tier 3,July,2026-07-16,14.0,24.0,+10.0,Tier 4,Tier 3,P20220428047,Tier Upgrade,Promoted
KYNPTLTP6,Data & Analytics,Dataflow,Tier 3 ➔ Tier 2,July,2026-07-16,29.0,39.0,+10.0,Tier 3,Tier 2,P20220428047,Tier Upgrade,Promoted
KYNLHYKI6,Data & Analytics,BigQuery,Tier 4 ➔ Tier 3,July,2026-07-16,10.0,20.0,+10.0,Tier 4,Tier 3,P20220428047,Tier Upgrade,Promoted
KYNDJYWN1,Data & Analytics,Dataflow,Tier 3 ➔ Tier 2,July,2026-07-16,30.0,35.0,+5.0,Tier 3,Tier 2,P20220428047,Tier Upgrade,Promoted
KYNMSYDZ9,Databases,Cloud SQL,Tier 4 ➔ Tier 3,July,2026-07-16,17.0,22.0,+5.0,Tier 4,Tier 3,P20220428047,Tier Upgrade,Promoted
KYNFBCJC6,Databases,AlloyDB for PostgreSQL,Tier 4 ➔ Tier 3,July,2026-07-16,19.0,29.0,+10.0,Tier 4,Tier 3,P20220428047,Tier Upgrade,Promoted
KYNESZLL4,Databases,Cloud SQL,Tier 4 ➔ Tier 3,July,2026-07-16,19.0,24.0,+5.0,Tier 4,Tier 3,P20220428047,Tier Upgrade,Promoted
KYNSPFSK7,Databases,Cloud SQL,Tier 4 ➔ Tier 3,July,2026-07-16,19.0,24.0,+5.0,Tier 4,Tier 3,P20220428047,Tier Upgrade,Promoted
KYNPTVCQ7,Databases,Cloud SQL,Tier 4 ➔ Tier 3,July,2026-07-16,16.0,21.0,+5.0,Tier 4,Tier 3,P20220428047,Tier Upgrade,Promoted
KYNPCJGW8,Infrastructure Modernization,Google Compute Engine,Tier 2 ➔ Tier 1,July,2026-07-16,44.0,54.0,+10.0,Tier 2,Tier 1,P20220428047,Tier Upgrade,Promoted
KYNSPFSK7,Infrastructure Modernization,Google Cloud Networking,Tier 4 ➔ Tier 3,July,2026-07-16,19.0,29.0,+10.0,Tier 4,Tier 3,P20220428047,Tier Upgrade,Promoted
KYNAMNOM0,Infrastructure Modernization,Google Cloud Networking,Tier 2 ➔ Tier 1,July,2026-07-16,49.0,54.0,+5.0,Tier 2,Tier 1,P20220428047,Tier Upgrade,Promoted
KYNISAHD3,Infrastructure Modernization,Google Cloud Networking,Tier 4 ➔ Tier 3,July,2026-07-16,14.0,24.0,+10.0,Tier 4,Tier 3,P20220428047,Tier Upgrade,Promoted
KYNESZLL4,Infrastructure Modernization,Google Compute Engine,Tier 2 ➔ Tier 1,July,2026-07-16,39.0,74.0,+35.0,Tier 2,Tier 1,P20220428047,Tier Upgrade,Promoted
KYNDJYWN1,Infrastructure Modernization,Google Compute Engine,Tier 4 ➔ Tier 3,July,2026-07-16,15.0,20.0,+5.0,Tier 4,Tier 3,P20220428047,Tier Upgrade,Promoted
KYNAVGOU3,Infrastructure Modernization,Google Compute Engine,Tier 2 ➔ Tier 1,July,2026-07-16,49.0,80.0,+31.0,Tier 2,Tier 1,P20220428047,Tier Upgrade,Promoted
KYNMA5AJ0,Infrastructure Modernization,Oracle,Tier 4 ➔ Tier 3,July,2026-07-16,19.0,34.0,+15.0,Tier 4,Tier 3,P20220428047,Tier Upgrade,Promoted
KYNMA5AJ0,Infrastructure Modernization,SAP on Google Cloud,Tier 4 ➔ Tier 3,July,2026-07-16,19.0,24.0,+5.0,Tier 4,Tier 3,P20220428047,Tier Upgrade,Promoted
KYNPTVCQ7,Infrastructure Modernization,SAP on Google Cloud,Tier 4 ➔ Tier 3,July,2026-07-16,16.0,21.0,+5.0,Tier 4,Tier 3,P20220428047,Tier Upgrade,Promoted
KYNGSERE1,Infrastructure Modernization,Google Cloud Networking,Tier 4 ➔ Tier 3,July,2026-07-16,19.0,24.0,+5.0,Tier 4,Tier 3,P20220428047,Tier Upgrade,Promoted
KYNPTVCQ7,Infrastructure Modernization,Google Compute Engine,Tier 2 ➔ Tier 1,July,2026-07-16,36.0,71.0,+35.0,Tier 2,Tier 1,P20220428047,Tier Upgrade,Promoted
KYNMTEMB0,Infrastructure Modernization,Google Compute Engine,Tier 4 ➔ Tier 3,July,2026-07-16,15.0,20.0,+5.0,Tier 4,Tier 3,P20220428047,Tier Upgrade,Promoted
KYNESZLL4,Infrastructure Modernization,SAP on Google Cloud,Tier 4 ➔ Tier 3,July,2026-07-16,19.0,24.0,+5.0,Tier 4,Tier 3,P20220428047,Tier Upgrade,Promoted
KYNISAHD3,Infrastructure Modernization,SAP on Google Cloud,Tier 4 ➔ Tier 3,July,2026-07-16,14.0,24.0,+10.0,Tier 4,Tier 3,P20220428047,Tier Upgrade,Promoted
KYNAVGOU3,Infrastructure Modernization,SAP on Google Cloud,Tier 4 ➔ Tier 3,July,2026-07-16,19.0,24.0,+5.0,Tier 4,Tier 3,P20220428047,Tier Upgrade,Promoted
KYNMMPXJ3,Infrastructure Modernization,Google Cloud Networking,Tier 2 ➔ Tier 1,July,2026-07-16,40.0,50.0,+10.0,Tier 2,Tier 1,P20220428047,Tier Upgrade,Promoted
KYNMA5AJ0,Infrastructure Modernization,Google Cloud Networking,Tier 2 ➔ Tier 1,July,2026-07-16,49.0,54.0,+5.0,Tier 2,Tier 1,P20220428047,Tier Upgrade,Promoted
KYNPCJGW8,Infrastructure Modernization,Google Cloud Networking,Tier 3 ➔ Tier 2,July,2026-07-16,34.0,39.0,+5.0,Tier 3,Tier 2,P20220428047,Tier Upgrade,Promoted
KYNRBXUS3,Infrastructure Modernization,Google Compute Engine,Tier 4 ➔ Tier 3,July,2026-07-16,19.0,29.0,+10.0,Tier 4,Tier 3,P20220428047,Tier Upgrade,Promoted
KYNPTVCQ7,Infrastructure Modernization,Google Cloud Networking,Tier 3 ➔ Tier 2,July,2026-07-16,31.0,41.0,+10.0,Tier 3,Tier 2,P20220428047,Tier Upgrade,Promoted
KYNSPFSK7,Infrastructure Modernization,SAP on Google Cloud,Tier 4 ➔ Tier 3,July,2026-07-16,19.0,24.0,+5.0,Tier 4,Tier 3,P20220428047,Tier Upgrade,Promoted
KYNPVNRO5,Infrastructure Modernization,Google Compute Engine,Tier 3 ➔ Tier 2,July,2026-07-16,30.0,35.0,+5.0,Tier 3,Tier 2,P20220428047,Tier Upgrade,Promoted
KYNAVGOU3,Infrastructure Modernization,Google Cloud Networking,Tier 3 ➔ Tier 2,July,2026-07-16,34.0,44.0,+10.0,Tier 3,Tier 2,P20220428047,Tier Upgrade,Promoted
KYNBRZPV5,Infrastructure Modernization,Google Compute Engine,Tier 4 ➔ Tier 3,July,2026-07-16,15.0,20.0,+5.0,Tier 4,Tier 3,P20220428047,Tier Upgrade,Promoted
KYNPCJGW8,Security,Cloud Security,Tier 4 ➔ Tier 3,July,2026-07-16,19.0,24.0,+5.0,Tier 4,Tier 3,P20220428047,Tier Upgrade,Promoted
KYNAHHXH7,Artificial Intelligence,Gemini Enterprise,Tier 2 ➔ Tier 1,July,2026-07-17,49.0,54.0,+5.0,Tier 2,Tier 1,P20220428047,Tier Upgrade,Promoted
KYNAHHXH7,Artificial Intelligence,AI Applications,Tier 2 ➔ Tier 1,July,2026-07-17,49.0,54.0,+5.0,Tier 2,Tier 1,P20220428047,Tier Upgrade,Promoted
KYNIBQAQ2,Artificial Intelligence,Gemini Enterprise Agent Platform,Tier 4 ➔ Tier 3,July,2026-07-17,19.0,24.0,+5.0,Tier 4,Tier 3,P20220428047,Tier Upgrade,Promoted
KYNKMSIE5,Artificial Intelligence,Gemini Enterprise Agent Platform,Tier 3 ➔ Tier 2,July,2026-07-17,30.0,35.0,+5.0,Tier 3,Tier 2,P20220428047,Tier Upgrade,Promoted
KYNAHHXH7,Artificial Intelligence,Gemini Enterprise Agent Platform,Tier 2 ➔ Tier 1,July,2026-07-17,49.0,54.0,+5.0,Tier 2,Tier 1,P20220428047,Tier Upgrade,Promoted
KYNFBCJC6,Databases,AlloyDB for PostgreSQL,Tier 3 ➔ Tier 2,July,2026-07-17,29.0,39.0,+10.0,Tier 3,Tier 2,P20220428047,Tier Upgrade,Promoted
KYNDJDPE7,Infrastructure Modernization,Google Compute Engine,Tier 3 ➔ Tier 2,July,2026-07-17,33.0,38.0,+5.0,Tier 3,Tier 2,P20220428047,Tier Upgrade,Promoted
KYNAHHXH7,Infrastructure Modernization,Google Compute Engine,Tier 3 ➔ Tier 2,July,2026-07-17,34.0,39.0,+5.0,Tier 3,Tier 2,P20220428047,Tier Upgrade,Promoted
KYNSDBAC0,Application Modernization,Google Kubernetes Engine,Tier 4 ➔ Tier 3,July,2026-07-19,15.0,20.0,+5.0,Tier 4,Tier 3,P20220428047,Tier Upgrade,Promoted
KYNRRSBV9,Artificial Intelligence,Gemini Enterprise,Tier 4 ➔ Tier 3,July,2026-07-19,15.0,20.0,+5.0,Tier 4,Tier 3,P20220428047,Tier Upgrade,Promoted
KYNVSPMJ3,Artificial Intelligence,Gemini Enterprise,Tier 4 ➔ Tier 3,July,2026-07-19,14.0,24.0,+10.0,Tier 4,Tier 3,P20220428047,Tier Upgrade,Promoted
KYNNMSSY0,Data & Analytics,Dataflow,Tier 2 ➔ Tier 1,July,2026-07-19,49.0,54.0,+5.0,Tier 2,Tier 1,P20220428047,Tier Upgrade,Promoted
KYNFBCJC6,Databases,Cloud SQL,Tier 4 ➔ Tier 3,July,2026-07-19,19.0,24.0,+5.0,Tier 4,Tier 3,P20220428047,Tier Upgrade,Promoted
KYNPSRYH5,Databases,Spanner,Tier 4 ➔ Tier 3,July,2026-07-19,18.0,23.0,+5.0,Tier 4,Tier 3,P20220428047,Tier Upgrade,Promoted
KYNEVJYI8,Infrastructure Modernization,Google Cloud Networking,Tier 4 ➔ Tier 3,July,2026-07-19,10.0,20.0,+10.0,Tier 4,Tier 3,P20220428047,Tier Upgrade,Promoted
KYNSMCLD7,Infrastructure Modernization,Google Compute Engine,Tier 3 ➔ Tier 2,July,2026-07-19,34.0,39.0,+5.0,Tier 3,Tier 2,P20220428047,Tier Upgrade,Promoted
KYNPSHVB2,Infrastructure Modernization,Google Compute Engine,Tier 3 ➔ Tier 2,July,2026-07-19,34.0,39.0,+5.0,Tier 3,Tier 2,P20220428047,Tier Upgrade,Promoted
KYNSAMSW3,Infrastructure Modernization,Google Cloud VMware Engine,Tier 4 ➔ Tier 3,July,2026-07-19,12.0,22.0,+10.0,Tier 4,Tier 3,P20220428047,Tier Upgrade,Promoted
KYNDJDPE7,Infrastructure Modernization,Google Cloud VMware Engine,Tier 4 ➔ Tier 3,July,2026-07-19,18.0,23.0,+5.0,Tier 4,Tier 3,P20220428047,Tier Upgrade,Promoted
KYNMTEMB0,Security,Security Operations,Tier 4 ➔ Tier 3,July,2026-07-19,10.0,20.0,+10.0,Tier 4,Tier 3,P20220428047,Tier Upgrade,Promoted
KYNSAMSW3,Workspace,Workspace,Tier 4 ➔ Tier 3,July,2026-07-19,12.0,22.0,+10.0,Tier 4,Tier 3,P20220428047,Tier Upgrade,Promoted
KYNNKXWJ9,Artificial Intelligence,Gemini Enterprise Agent Platform,Tier 2 ➔ Tier 1,July,2026-07-20,44.0,54.0,+10.0,Tier 2,Tier 1,P20220428047,Tier Upgrade,Promoted
KYNKMSIE5,Artificial Intelligence,Gemini Enterprise,Tier 4 ➔ Tier 3,July,2026-07-20,10.0,20.0,+10.0,Tier 4,Tier 3,P20220428047,Tier Upgrade,Promoted
KYNAMGHP2,Artificial Intelligence,Gemini Enterprise Agent Platform,Tier 4 ➔ Tier 3,July,2026-07-20,15.0,20.0,+5.0,Tier 4,Tier 3,P20220428047,Tier Upgrade,Promoted
KYNNKXWJ9,Infrastructure Modernization,Google Compute Engine,Tier 2 ➔ Tier 1,July,2026-07-20,49.0,54.0,+5.0,Tier 2,Tier 1,P20220428047,Tier Upgrade,Promoted
KYNCACWK0,Application Modernization,Google Kubernetes Engine,Tier 3 ➔ Tier 2,July,2026-07-21,33.0,38.0,+5.0,Tier 3,Tier 2,P20220428047,Tier Upgrade,Promoted
KYNRRSBV9,Application Modernization,Google Kubernetes Engine,Tier 4 ➔ Tier 3,July,2026-07-21,15.0,20.0,+5.0,Tier 4,Tier 3,P20220428047,Tier Upgrade,Promoted
KYNSSYVN3,Application Modernization,Cloud Run,Tier 3 ➔ Tier 2,July,2026-07-21,33.0,38.0,+5.0,Tier 3,Tier 2,P20220428047,Tier Upgrade,Promoted
KYNRRSBV9,Artificial Intelligence,Gemini Enterprise,Tier 3 ➔ Tier 2,July,2026-07-21,30.0,40.0,+10.0,Tier 3,Tier 2,P20220428047,Tier Upgrade,Promoted
KYNRRSBV9,Artificial Intelligence,Gemini Enterprise for Customer Experience,Tier 4 ➔ Tier 3,July,2026-07-21,15.0,20.0,+5.0,Tier 4,Tier 3,P20220428047,Tier Upgrade,Promoted
KYNGMEZA9,Data & Analytics,BigQuery,Tier 4 ➔ Tier 3,July,2026-07-21,19.0,24.0,+5.0,Tier 4,Tier 3,P20220428047,Tier Upgrade,Promoted
KYNGMEZA9,Infrastructure Modernization,Google Compute Engine,Tier 3 ➔ Tier 2,July,2026-07-21,34.0,39.0,+5.0,Tier 3,Tier 2,P20220428047,Tier Upgrade,Promoted
KYNPVJDN0,Infrastructure Modernization,Google Compute Engine,Tier 2 ➔ Tier 1,July,2026-07-21,49.0,54.0,+5.0,Tier 2,Tier 1,P20220428047,Tier Upgrade,Promoted
KYNRRSBV9,Infrastructure Modernization,Google Cloud VMware Engine,Tier 4 ➔ Tier 3,July,2026-07-21,15.0,20.0,+5.0,Tier 4,Tier 3,P20220428047,Tier Upgrade,Promoted
KYNSKWBQ4,Infrastructure Modernization,Google Compute Engine,Tier 4 ➔ Tier 3,July,2026-07-21,15.0,25.0,+10.0,Tier 4,Tier 3,P20220428047,Tier Upgrade,Promoted
KYNRRSBV9,Infrastructure Modernization,Oracle,Tier 4 ➔ Tier 3,July,2026-07-21,15.0,20.0,+5.0,Tier 4,Tier 3,P20220428047,Tier Upgrade,Promoted
KYNAHHXH7,Security,Security Command Center,Tier 4 ➔ Tier 3,July,2026-07-21,19.0,24.0,+5.0,Tier 4,Tier 3,P20220428047,Tier Upgrade,Promoted
KYNRRSBV9,Workspace,Workspace,Tier 4 ➔ Tier 3,July,2026-07-21,15.0,20.0,+5.0,Tier 4,Tier 3,P20220428047,Tier Upgrade,Promoted
KYNAHHXH7,Application Modernization,Google Kubernetes Engine,Tier 4 ➔ Tier 3,July,2026-07-22,19.0,24.0,+5.0,Tier 4,Tier 3,P20220428047,Tier Upgrade,Promoted
KYNPWYDB6,Application Modernization,Google Kubernetes Engine,Tier 4 ➔ Tier 3,July,2026-07-22,19.0,24.0,+5.0,Tier 4,Tier 3,P20220428047,Tier Upgrade,Promoted
KYNZYCBG9,Artificial Intelligence,Gemini Enterprise Agent Platform,Tier 4 ➔ Tier 3,July,2026-07-22,17.0,22.0,+5.0,Tier 4,Tier 3,P20220428047,Tier Upgrade,Promoted
KYNPSRYH5,Data & Analytics,BigQuery,Tier 4 ➔ Tier 3,July,2026-07-22,18.0,23.0,+5.0,Tier 4,Tier 3,P20220428047,Tier Upgrade,Promoted
KYNPWYDB6,Infrastructure Modernization,Google Compute Engine,Tier 3 ➔ Tier 2,July,2026-07-22,29.0,39.0,+10.0,Tier 3,Tier 2,P20220428047,Tier Upgrade,Promoted
KYNNVNFR9,Infrastructure Modernization,Google Cloud Networking,Tier 4 ➔ Tier 3,July,2026-07-22,15.0,20.0,+5.0,Tier 4,Tier 3,P20220428047,Tier Upgrade,Promoted
KYNPPXLV0,Infrastructure Modernization,Google Cloud Networking,Tier 3 ➔ Tier 2,July,2026-07-22,34.0,39.0,+5.0,Tier 3,Tier 2,P20220428047,Tier Upgrade,Promoted
KYNAPBQM1,Application Modernization,Google Kubernetes Engine,Tier 4 ➔ Tier 3,July,2026-07-23,15.0,20.0,+5.0,Tier 4,Tier 3,P20220428047,Tier Upgrade,Promoted
KYNRLTJW8,Application Modernization,Cloud Run,Tier 4 ➔ Tier 3,July,2026-07-23,18.0,23.0,+5.0,Tier 4,Tier 3,P20220428047,Tier Upgrade,Promoted
KYNRLTJW8,Application Modernization,Google Kubernetes Engine,Tier 4 ➔ Tier 3,July,2026-07-23,18.0,23.0,+5.0,Tier 4,Tier 3,P20220428047,Tier Upgrade,Promoted
KYNAKVEV3,Artificial Intelligence,Gemini Enterprise,Tier 4 ➔ Tier 3,July,2026-07-23,19.0,24.0,+5.0,Tier 4,Tier 3,P20220428047,Tier Upgrade,Promoted
KYNCRLXJ5,Artificial Intelligence,Gemini Enterprise Agent Platform,Tier 4 ➔ Tier 3,July,2026-07-23,19.0,24.0,+5.0,Tier 4,Tier 3,P20220428047,Tier Upgrade,Promoted
KYNDJDPE7,Artificial Intelligence,Gemini Enterprise Agent Platform,Tier 4 ➔ Tier 3,July,2026-07-23,18.0,28.0,+10.0,Tier 4,Tier 3,P20220428047,Tier Upgrade,Promoted
KYNTMUXH3,Artificial Intelligence,Gemini Enterprise,Tier 3 ➔ Tier 2,July,2026-07-23,30.0,40.0,+10.0,Tier 3,Tier 2,P20220428047,Tier Upgrade,Promoted
KYNDJDPE7,Artificial Intelligence,AI Applications,Tier 4 ➔ Tier 3,July,2026-07-23,13.0,23.0,+10.0,Tier 4,Tier 3,P20220428047,Tier Upgrade,Promoted
KYNJVEYI4,Data & Analytics,BigQuery,Tier 3 ➔ Tier 2,July,2026-07-23,29.0,39.0,+10.0,Tier 3,Tier 2,P20220428047,Tier Upgrade,Promoted
KYNMRPOQ6,Data & Analytics,BigQuery,Tier 3 ➔ Tier 2,July,2026-07-23,34.0,39.0,+5.0,Tier 3,Tier 2,P20220428047,Tier Upgrade,Promoted
KYNSPCBQ4,Infrastructure Modernization,Google Cloud Networking,Tier 4 ➔ Tier 3,July,2026-07-23,15.0,20.0,+5.0,Tier 4,Tier 3,P20220428047,Tier Upgrade,Promoted
KYNLGHYI9,Application Modernization,Google Kubernetes Engine,Tier 4 ➔ Tier 3,July,2026-07-24,15.0,30.0,+15.0,Tier 4,Tier 3,P20220428047,Tier Upgrade,Promoted
KYNPMNPT5,Application Modernization,Google Kubernetes Engine,Tier 2 ➔ Tier 1,July,2026-07-24,49.0,54.0,+5.0,Tier 2,Tier 1,P20220428047,Tier Upgrade,Promoted
KYNPMMLA4,Application Modernization,Google Kubernetes Engine,Tier 4 ➔ Tier 3,July,2026-07-24,19.0,24.0,+5.0,Tier 4,Tier 3,P20220428047,Tier Upgrade,Promoted
KYNHNNWP8,Application Modernization,Google Kubernetes Engine,Tier 4 ➔ Tier 3,July,2026-07-24,18.0,23.0,+5.0,Tier 4,Tier 3,P20220428047,Tier Upgrade,Promoted
KYNSMIYI1,Application Modernization,Google Kubernetes Engine,Tier 4 ➔ Tier 3,July,2026-07-24,19.0,24.0,+5.0,Tier 4,Tier 3,P20220428047,Tier Upgrade,Promoted
KYNRSXZA3,Application Modernization,Google Kubernetes Engine,Tier 4 ➔ Tier 3,July,2026-07-24,16.0,21.0,+5.0,Tier 4,Tier 3,P20220428047,Tier Upgrade,Promoted
KYNTARTQ5,Application Modernization,Google Kubernetes Engine,Tier 3 ➔ Tier 2,July,2026-07-24,32.0,37.0,+5.0,Tier 3,Tier 2,P20220428047,Tier Upgrade,Promoted
KYNSMVVR0,Application Modernization,Google Kubernetes Engine,Tier 4 ➔ Tier 3,July,2026-07-24,19.0,24.0,+5.0,Tier 4,Tier 3,P20220428047,Tier Upgrade,Promoted
KYNUKNNC1,Application Modernization,Google Kubernetes Engine,Tier 2 ➔ Tier 1,July,2026-07-24,45.0,50.0,+5.0,Tier 2,Tier 1,P20220428047,Tier Upgrade,Promoted
KYNSNHLD7,Application Modernization,Google Kubernetes Engine,Tier 4 ➔ Tier 3,July,2026-07-24,15.0,20.0,+5.0,Tier 4,Tier 3,P20220428047,Tier Upgrade,Promoted
KYNMPUTS3,Application Modernization,Google Kubernetes Engine,Tier 4 ➔ Tier 3,July,2026-07-24,15.0,20.0,+5.0,Tier 4,Tier 3,P20220428047,Tier Upgrade,Promoted
KYNSNHLD7,Application Modernization,Cloud Run,Tier 4 ➔ Tier 3,July,2026-07-24,15.0,20.0,+5.0,Tier 4,Tier 3,P20220428047,Tier Upgrade,Promoted
KYNDKUNN6,Application Modernization,Google Kubernetes Engine,Tier 4 ➔ Tier 3,July,2026-07-24,19.0,24.0,+5.0,Tier 4,Tier 3,P20220428047,Tier Upgrade,Promoted
KYNJS3PX0,Artificial Intelligence,Gemini Enterprise Agent Platform,Tier 4 ➔ Tier 3,July,2026-07-24,18.0,28.0,+10.0,Tier 4,Tier 3,P20220428047,Tier Upgrade,Promoted
KYNFSPMH7,Data & Analytics,BigQuery,Tier 4 ➔ Tier 3,July,2026-07-24,15.0,20.0,+5.0,Tier 4,Tier 3,P20220428047,Tier Upgrade,Promoted
KYNFSPMH7,Data & Analytics,Dataflow,Tier 4 ➔ Tier 3,July,2026-07-24,15.0,25.0,+10.0,Tier 4,Tier 3,P20220428047,Tier Upgrade,Promoted
KYNIREAZ8,Infrastructure Modernization,Google Compute Engine,Tier 4 ➔ Tier 3,July,2026-07-24,10.0,20.0,+10.0,Tier 4,Tier 3,P20220428047,Tier Upgrade,Promoted
KYNMPUTS3,Infrastructure Modernization,Google Compute Engine,Tier 4 ➔ Tier 3,July,2026-07-24,15.0,25.0,+10.0,Tier 4,Tier 3,P20220428047,Tier Upgrade,Promoted
KYNAPBQM1,Infrastructure Modernization,Google Cloud Networking,Tier 4 ➔ Tier 3,July,2026-07-24,15.0,20.0,+5.0,Tier 4,Tier 3,P20220428047,Tier Upgrade,Promoted
KYNHNNWP8,Infrastructure Modernization,Google Compute Engine,Tier 4 ➔ Tier 3,July,2026-07-24,18.0,28.0,+10.0,Tier 4,Tier 3,P20220428047,Tier Upgrade,Promoted
KYNHKYEL0,Infrastructure Modernization,Google Compute Engine,Tier 4 ➔ Tier 3,July,2026-07-24,19.0,24.0,+5.0,Tier 4,Tier 3,P20220428047,Tier Upgrade,Promoted
KYNHKZQE8,Infrastructure Modernization,Google Compute Engine,Tier 4 ➔ Tier 3,July,2026-07-24,15.0,20.0,+5.0,Tier 4,Tier 3,P20220428047,Tier Upgrade,Promoted
KYNDJDPE7,Infrastructure Modernization,Google Cloud Networking,Tier 3 ➔ Tier 2,July,2026-07-24,33.0,38.0,+5.0,Tier 3,Tier 2,P20220428047,Tier Upgrade,Promoted
KYNUSUTA1,Infrastructure Modernization,Google Compute Engine,Tier 4 ➔ Tier 3,July,2026-07-24,15.0,25.0,+10.0,Tier 4,Tier 3,P20220428047,Tier Upgrade,Promoted
KYNMBWAN0,Infrastructure Modernization,Google Cloud Networking,Tier 3 ➔ Tier 2,July,2026-07-24,29.0,39.0,+10.0,Tier 3,Tier 2,P20220428047,Tier Upgrade,Promoted
KYNDTXWG6,Infrastructure Modernization,Google Cloud Networking,Tier 4 ➔ Tier 3,July,2026-07-24,19.0,29.0,+10.0,Tier 4,Tier 3,P20220428047,Tier Upgrade,Promoted
KYNKPDHG9,Infrastructure Modernization,Google Compute Engine,Tier 4 ➔ Tier 3,July,2026-07-24,14.0,24.0,+10.0,Tier 4,Tier 3,P20220428047,Tier Upgrade,Promoted
KYNTARTQ5,Infrastructure Modernization,Google Cloud Networking,Tier 4 ➔ Tier 3,July,2026-07-24,17.0,22.0,+5.0,Tier 4,Tier 3,P20220428047,Tier Upgrade,Promoted
KYNDKUNN6,Infrastructure Modernization,Google Cloud Networking,Tier 4 ➔ Tier 3,July,2026-07-24,19.0,24.0,+5.0,Tier 4,Tier 3,P20220428047,Tier Upgrade,Promoted
KYNSNHLD7,Infrastructure Modernization,Google Cloud Networking,Tier 4 ➔ Tier 3,July,2026-07-24,15.0,25.0,+10.0,Tier 4,Tier 3,P20220428047,Tier Upgrade,Promoted
KYNHNNWP8,Infrastructure Modernization,Google Cloud Networking,Tier 4 ➔ Tier 3,July,2026-07-24,18.0,28.0,+10.0,Tier 4,Tier 3,P20220428047,Tier Upgrade,Promoted
KYNMBWAN0,Infrastructure Modernization,Google Compute Engine,Tier 3 ➔ Tier 2,July,2026-07-24,29.0,39.0,+10.0,Tier 3,Tier 2,P20220428047,Tier Upgrade,Promoted
KYNRBXUS3,Infrastructure Modernization,Google Compute Engine,Tier 3 ➔ Tier 2,July,2026-07-24,34.0,39.0,+5.0,Tier 3,Tier 2,P20220428047,Tier Upgrade,Promoted
KYNSNHLD7,Infrastructure Modernization,Google Compute Engine,Tier 3 ➔ Tier 2,July,2026-07-24,25.0,35.0,+10.0,Tier 3,Tier 2,P20220428047,Tier Upgrade,Promoted
KYNUKNNC1,Infrastructure Modernization,Google Cloud Networking,Tier 3 ➔ Tier 2,July,2026-07-24,30.0,35.0,+5.0,Tier 3,Tier 2,P20220428047,Tier Upgrade,Promoted
KYNSNHLD7,Infrastructure Modernization,Google Cloud VMware Engine,Tier 4 ➔ Tier 3,July,2026-07-24,15.0,20.0,+5.0,Tier 4,Tier 3,P20220428047,Tier Upgrade,Promoted
KYNVGOHN4,Infrastructure Modernization,Google Compute Engine,Tier 4 ➔ Tier 3,July,2026-07-24,19.0,24.0,+5.0,Tier 4,Tier 3,P20220428047,Tier Upgrade,Promoted
KYNVJQNC4,Infrastructure Modernization,Google Cloud VMware Engine,Tier 4 ➔ Tier 3,July,2026-07-24,14.0,24.0,+10.0,Tier 4,Tier 3,P20220428047,Tier Upgrade,Promoted
KYNMPUTS3,Infrastructure Modernization,Google Cloud Networking,Tier 4 ➔ Tier 3,July,2026-07-24,15.0,25.0,+10.0,Tier 4,Tier 3,P20220428047,Tier Upgrade,Promoted
KYNVJQNC4,Infrastructure Modernization,Google Compute Engine,Tier 3 ➔ Tier 2,July,2026-07-24,34.0,49.0,+15.0,Tier 3,Tier 2,P20220428047,Tier Upgrade,Promoted
KYNLGHYI9,Infrastructure Modernization,Google Compute Engine,Tier 4 ➔ Tier 3,July,2026-07-24,15.0,30.0,+15.0,Tier 4,Tier 3,P20220428047,Tier Upgrade,Promoted
KYNSSSNX8,Infrastructure Modernization,Google Cloud Networking,Tier 4 ➔ Tier 3,July,2026-07-24,19.0,24.0,+5.0,Tier 4,Tier 3,P20220428047,Tier Upgrade,Promoted
KYNGKIEV4,Infrastructure Modernization,Google Compute Engine,Tier 4 ➔ Tier 3,July,2026-07-24,15.0,20.0,+5.0,Tier 4,Tier 3,P20220428047,Tier Upgrade,Promoted
KYNTARTQ5,Infrastructure Modernization,Google Compute Engine,Tier 4 ➔ Tier 3,July,2026-07-24,17.0,22.0,+5.0,Tier 4,Tier 3,P20220428047,Tier Upgrade,Promoted
KYNPMMLA4,Infrastructure Modernization,Google Cloud Networking,Tier 3 ➔ Tier 2,July,2026-07-24,34.0,39.0,+5.0,Tier 3,Tier 2,P20220428047,Tier Upgrade,Promoted
KYNSSSNX8,Infrastructure Modernization,Google Compute Engine,Tier 4 ➔ Tier 3,July,2026-07-24,19.0,24.0,+5.0,Tier 4,Tier 3,P20220428047,Tier Upgrade,Promoted
KYNHNNWP8,Security,Cloud Security,Tier 4 ➔ Tier 3,July,2026-07-24,18.0,28.0,+10.0,Tier 4,Tier 3,P20220428047,Tier Upgrade,Promoted
KYNUKNNC1,Security,Cloud Security,Tier 4 ➔ Tier 3,July,2026-07-24,15.0,20.0,+5.0,Tier 4,Tier 3,P20220428047,Tier Upgrade,Promoted
KYNVJSEN7,Security,Cloud Security,Tier 4 ➔ Tier 3,July,2026-07-24,19.0,24.0,+5.0,Tier 4,Tier 3,P20220428047,Tier Upgrade,Promoted
KYNDKUNN6,Security,Cloud Security,Tier 4 ➔ Tier 3,July,2026-07-24,19.0,24.0,+5.0,Tier 4,Tier 3,P20220428047,Tier Upgrade,Promoted
KYNSSSNX8,Security,Cloud Security,Tier 4 ➔ Tier 3,July,2026-07-24,19.0,24.0,+5.0,Tier 4,Tier 3,P20220428047,Tier Upgrade,Promoted
KYNIREAZ8,Security,Cloud Security,Tier 4 ➔ Tier 3,July,2026-07-24,10.0,20.0,+10.0,Tier 4,Tier 3,P20220428047,Tier Upgrade,Promoted
KYNDJDPE7,Security,Cloud Security,Tier 4 ➔ Tier 3,July,2026-07-24,18.0,23.0,+5.0,Tier 4,Tier 3,P20220428047,Tier Upgrade,Promoted
KYNDTXWG6,Security,Cloud Security,Tier 4 ➔ Tier 3,July,2026-07-24,14.0,24.0,+10.0,Tier 4,Tier 3,P20220428047,Tier Upgrade,Promoted
KYNPMMLA4,Security,Cloud Security,Tier 4 ➔ Tier 3,July,2026-07-24,19.0,24.0,+5.0,Tier 4,Tier 3,P20220428047,Tier Upgrade,Promoted
KYNSNHLD7,Security,Cloud Security,Tier 4 ➔ Tier 3,July,2026-07-24,15.0,25.0,+10.0,Tier 4,Tier 3,P20220428047,Tier Upgrade,Promoted
KYNMPUTS3,Security,Cloud Security,Tier 4 ➔ Tier 3,July,2026-07-24,15.0,25.0,+10.0,Tier 4,Tier 3,P20220428047,Tier Upgrade,Promoted
KYNMBWAN0,Security,Cloud Security,Tier 4 ➔ Tier 3,July,2026-07-24,19.0,29.0,+10.0,Tier 4,Tier 3,P20220428047,Tier Upgrade,Promoted
KYNTARTQ5,Security,Cloud Security,Tier 4 ➔ Tier 3,July,2026-07-24,17.0,22.0,+5.0,Tier 4,Tier 3,P20220428047,Tier Upgrade,Promoted
KYNRRSBV9,Artificial Intelligence,Gemini Enterprise Agent Platform,Tier 4 ➔ Tier 3,July,2026-07-26,15.0,30.0,+15.0,Tier 4,Tier 3,P20220428047,Tier Upgrade,Promoted
KYNJHPHM4,Artificial Intelligence,Gemini Enterprise,Tier 4 ➔ Tier 3,July,2026-07-26,14.0,24.0,+10.0,Tier 4,Tier 3,P20220428047,Tier Upgrade,Promoted
KYNAVCRG3,Artificial Intelligence,Gemini Enterprise,Tier 4 ➔ Tier 3,July,2026-07-26,10.0,20.0,+10.0,Tier 4,Tier 3,P20220428047,Tier Upgrade,Promoted
KYNIREAZ8,Infrastructure Modernization,Google Compute Engine,Tier 3 ➔ Tier 2,July,2026-07-26,20.0,35.0,+15.0,Tier 3,Tier 2,P20220428047,Tier Upgrade,Promoted
KYNSSFAY1,Infrastructure Modernization,Google Compute Engine,Tier 3 ➔ Tier 2,July,2026-07-26,31.0,36.0,+5.0,Tier 3,Tier 2,P20220428047,Tier Upgrade,Promoted
KYNRSLKX0,Infrastructure Modernization,Google Cloud Networking,Tier 3 ➔ Tier 2,July,2026-07-26,34.0,39.0,+5.0,Tier 3,Tier 2,P20220428047,Tier Upgrade,Promoted
KYNSSYVN3,Infrastructure Modernization,Google Distributed Cloud,Tier 4 ➔ Tier 3,July,2026-07-26,13.0,23.0,+10.0,Tier 4,Tier 3,P20220428047,Tier Upgrade,Promoted
KYNTBIGW8,Artificial Intelligence,Gemini Enterprise,Tier 4 ➔ Tier 3,July,2026-07-27,15.0,20.0,+5.0,Tier 4,Tier 3,P20220428047,Tier Upgrade,Promoted
KYNAVCRG3,Artificial Intelligence,Gemini Enterprise,Tier 3 ➔ Tier 2,July,2026-07-27,20.0,35.0,+15.0,Tier 3,Tier 2,P20220428047,Tier Upgrade,Promoted
KYNAVCRG3,Infrastructure Modernization,Google Cloud Networking,Tier 4 ➔ Tier 3,July,2026-07-27,15.0,20.0,+5.0,Tier 4,Tier 3,P20220428047,Tier Upgrade,Promoted
KYNAVCRG3,Infrastructure Modernization,Google Compute Engine,Tier 4 ➔ Tier 3,July,2026-07-27,15.0,20.0,+5.0,Tier 4,Tier 3,P20220428047,Tier Upgrade,Promoted
KYNGBLHZ6,Security,Cloud Security,Tier 4 ➔ Tier 3,July,2026-07-27,15.0,20.0,+5.0,Tier 4,Tier 3,P20220428047,Tier Upgrade,Promoted
KYNJAEOJ1,Application Modernization,Google Kubernetes Engine,Tier 4 ➔ Tier 3,July,2026-07-28,18.0,23.0,+5.0,Tier 4,Tier 3,P20220428047,Tier Upgrade,Promoted
KYNSDBFI1,Artificial Intelligence,Gemini Enterprise Agent Platform,Tier 4 ➔ Tier 3,July,2026-07-28,16.0,21.0,+5.0,Tier 4,Tier 3,P20220428047,Tier Upgrade,Promoted
KYNLGHYI9,Application Modernization,Google Kubernetes Engine,Tier 3 ➔ Tier 2,July,2026-07-29,30.0,35.0,+5.0,Tier 3,Tier 2,P20220428047,Tier Upgrade,Promoted
KYNABNER2,Application Modernization,Google Kubernetes Engine,Tier 4 ➔ Tier 3,July,2026-07-29,19.0,24.0,+5.0,Tier 4,Tier 3,P20220428047,Tier Upgrade,Promoted
KYNMFTDU1,Application Modernization,Google Kubernetes Engine,Tier 4 ➔ Tier 3,July,2026-07-29,15.0,20.0,+5.0,Tier 4,Tier 3,P20220428047,Tier Upgrade,Promoted
KYNSSJSM9,Artificial Intelligence,Gemini Enterprise Agent Platform,Tier 2 ➔ Tier 1,July,2026-07-29,49.0,54.0,+5.0,Tier 2,Tier 1,P20220428047,Tier Upgrade,Promoted
KYNPG3BT0,Artificial Intelligence,Gemini Enterprise for Customer Experience,Tier 4 ➔ Tier 3,July,2026-07-29,19.0,24.0,+5.0,Tier 4,Tier 3,P20220428047,Tier Upgrade,Promoted
KYNRRSBV9,Artificial Intelligence,Gemini Enterprise Agent Platform,Tier 3 ➔ Tier 2,July,2026-07-29,30.0,35.0,+5.0,Tier 3,Tier 2,P20220428047,Tier Upgrade,Promoted
KYNMTEMB0,Artificial Intelligence,Gemini Enterprise for Customer Experience,Tier 3 ➔ Tier 2,July,2026-07-29,30.0,35.0,+5.0,Tier 3,Tier 2,P20220428047,Tier Upgrade,Promoted
KYNSSJSM9,Artificial Intelligence,Gemini Enterprise,Tier 4 ➔ Tier 3,July,2026-07-29,19.0,24.0,+5.0,Tier 4,Tier 3,P20220428047,Tier Upgrade,Promoted
KYNSSJSM9,Artificial Intelligence,Gemini Enterprise for Customer Experience,Tier 4 ➔ Tier 3,July,2026-07-29,19.0,24.0,+5.0,Tier 4,Tier 3,P20220428047,Tier Upgrade,Promoted
KYNNMSSY0,Artificial Intelligence,Gemini Enterprise Agent Platform,Tier 2 ➔ Tier 1,July,2026-07-29,49.0,54.0,+5.0,Tier 2,Tier 1,P20220428047,Tier Upgrade,Promoted
KYNASVWT4,Artificial Intelligence,Gemini Enterprise,Tier 4 ➔ Tier 3,July,2026-07-29,15.0,25.0,+10.0,Tier 4,Tier 3,P20220428047,Tier Upgrade,Promoted
KYNFBCJC6,Databases,Spanner,Tier 4 ➔ Tier 3,July,2026-07-29,19.0,29.0,+10.0,Tier 4,Tier 3,P20220428047,Tier Upgrade,Promoted
KYNFBCJC6,Databases,Cloud SQL,Tier 3 ➔ Tier 2,July,2026-07-29,34.0,39.0,+5.0,Tier 3,Tier 2,P20220428047,Tier Upgrade,Promoted
KYNSSJSM9,Infrastructure Modernization,Google Cloud VMware Engine,Tier 4 ➔ Tier 3,July,2026-07-29,19.0,29.0,+10.0,Tier 4,Tier 3,P20220428047,Tier Upgrade,Promoted
KYNFLUKR9,Infrastructure Modernization,Google Compute Engine,Tier 3 ➔ Tier 2,July,2026-07-29,25.0,45.0,+20.0,Tier 3,Tier 2,P20220428047,Tier Upgrade,Promoted
KYNLTTOY1,Infrastructure Modernization,Google Compute Engine,Tier 4 ➔ Tier 3,July,2026-07-29,14.0,34.0,+20.0,Tier 4,Tier 3,P20220428047,Tier Upgrade,Promoted
KYNDURTO5,Infrastructure Modernization,Google Cloud VMware Engine,Tier 4 ➔ Tier 3,July,2026-07-29,10.0,20.0,+10.0,Tier 4,Tier 3,P20220428047,Tier Upgrade,Promoted
KYNCMZVD5,Infrastructure Modernization,Google Cloud VMware Engine,Tier 4 ➔ Tier 3,July,2026-07-29,14.0,24.0,+10.0,Tier 4,Tier 3,P20220428047,Tier Upgrade,Promoted
KYNPWYDB6,Infrastructure Modernization,Google Cloud Networking,Tier 3 ➔ Tier 2,July,2026-07-29,34.0,39.0,+5.0,Tier 3,Tier 2,P20220428047,Tier Upgrade,Promoted
KYNIGKHW3,Infrastructure Modernization,Google Compute Engine,Tier 4 ➔ Tier 3,July,2026-07-29,15.0,25.0,+10.0,Tier 4,Tier 3,P20220428047,Tier Upgrade,Promoted
KYNADHLY3,Infrastructure Modernization,Google Compute Engine,Tier 3 ➔ Tier 2,July,2026-07-29,20.0,40.0,+20.0,Tier 3,Tier 2,P20220428047,Tier Upgrade,Promoted
KYNEREWQ7,Infrastructure Modernization,Google Compute Engine,Tier 3 ➔ Tier 2,July,2026-07-29,25.0,45.0,+20.0,Tier 3,Tier 2,P20220428047,Tier Upgrade,Promoted
KYNBTATT6,Infrastructure Modernization,Google Compute Engine,Tier 4 ➔ Tier 3,July,2026-07-29,19.0,29.0,+10.0,Tier 4,Tier 3,P20220428047,Tier Upgrade,Promoted
KYNABNER2,Infrastructure Modernization,Google Compute Engine,Tier 2 ➔ Tier 1,July,2026-07-29,39.0,54.0,+15.0,Tier 2,Tier 1,P20220428047,Tier Upgrade,Promoted
KYNMFTDU1,Infrastructure Modernization,Google Compute Engine,Tier 3 ➔ Tier 2,July,2026-07-29,20.0,40.0,+20.0,Tier 3,Tier 2,P20220428047,Tier Upgrade,Promoted
KYNGBRRO8,Infrastructure Modernization,Google Cloud VMware Engine,Tier 4 ➔ Tier 3,July,2026-07-29,14.0,24.0,+10.0,Tier 4,Tier 3,P20220428047,Tier Upgrade,Promoted
KYNABNER2,Infrastructure Modernization,Google Cloud VMware Engine,Tier 4 ➔ Tier 3,July,2026-07-29,14.0,24.0,+10.0,Tier 4,Tier 3,P20220428047,Tier Upgrade,Promoted
KYNGBBMA9,Infrastructure Modernization,Google Cloud VMware Engine,Tier 4 ➔ Tier 3,July,2026-07-29,14.0,24.0,+10.0,Tier 4,Tier 3,P20220428047,Tier Upgrade,Promoted
KYNAGMWL5,Infrastructure Modernization,Google Compute Engine,Tier 3 ➔ Tier 2,July,2026-07-29,34.0,39.0,+5.0,Tier 3,Tier 2,P20220428047,Tier Upgrade,Promoted
KYNGBBMA9,Infrastructure Modernization,Google Compute Engine,Tier 3 ➔ Tier 2,July,2026-07-29,34.0,49.0,+15.0,Tier 3,Tier 2,P20220428047,Tier Upgrade,Promoted
KYNEPJSV4,Infrastructure Modernization,Google Cloud VMware Engine,Tier 4 ➔ Tier 3,July,2026-07-29,14.0,24.0,+10.0,Tier 4,Tier 3,P20220428047,Tier Upgrade,Promoted
KYNLGHYI9,Security,Cloud Security,Tier 4 ➔ Tier 3,July,2026-07-29,15.0,20.0,+5.0,Tier 4,Tier 3,P20220428047,Tier Upgrade,Promoted
KYNEREWQ7,Security,Cloud Security,Tier 4 ➔ Tier 3,July,2026-07-29,15.0,20.0,+5.0,Tier 4,Tier 3,P20220428047,Tier Upgrade,Promoted
KYNPWYDB6,Security,Cloud Security,Tier 4 ➔ Tier 3,July,2026-07-29,19.0,24.0,+5.0,Tier 4,Tier 3,P20220428047,Tier Upgrade,Promoted
KYNFBCJC6,Databases,Spanner,Tier 3 ➔ Tier 2,July,2026-07-30,29.0,49.0,+20.0,Tier 3,Tier 2,P20220428047,Tier Upgrade,Promoted
KYNIGKHW3,Infrastructure Modernization,Google Compute Engine,Tier 3 ➔ Tier 2,July,2026-07-30,25.0,35.0,+10.0,Tier 3,Tier 2,P20220428047,Tier Upgrade,Promoted
KYNNMSSY0,Infrastructure Modernization,Google Cloud Networking,Tier 4 ➔ Tier 3,July,2026-07-30,19.0,24.0,+5.0,Tier 4,Tier 3,P20220428047,Tier Upgrade,Promoted
KYNNMSSY0,Application Modernization,Google Kubernetes Engine,Tier 4 ➔ Tier 3,July,2026-07-31,19.0,24.0,+5.0,Tier 4,Tier 3,P20220428047,Tier Upgrade,Promoted
KYNFKEMZ7,Artificial Intelligence,Gemini Enterprise,Tier 4 ➔ Tier 3,July,2026-07-31,10.0,25.0,+15.0,Tier 4,Tier 3,P20220428047,Tier Upgrade,Promoted
KYNNMSSY0,Infrastructure Modernization,Google Compute Engine,Tier 3 ➔ Tier 2,July,2026-07-31,34.0,39.0,+5.0,Tier 3,Tier 2,P20220428047,Tier Upgrade,Promoted
KYNGSERE1,Application Modernization,Google Kubernetes Engine,Tier 4 ➔ Tier 3,August,2026-08-02,19.0,24.0,+5.0,Tier 4,Tier 3,P20220428047,Tier Upgrade,Promoted
KYNARJQC8,Application Modernization,Google Kubernetes Engine,Tier 4 ➔ Tier 3,August,2026-08-02,15.0,20.0,+5.0,Tier 4,Tier 3,P20220428047,Tier Upgrade,Promoted
KYNARXFP1,Artificial Intelligence,Gemini Enterprise,Tier 4 ➔ Tier 3,August,2026-08-02,18.0,28.0,+10.0,Tier 4,Tier 3,P20220428047,Tier Upgrade,Promoted
KYNARXFP1,Artificial Intelligence,AI Applications,Tier 4 ➔ Tier 3,August,2026-08-02,18.0,23.0,+5.0,Tier 4,Tier 3,P20220428047,Tier Upgrade,Promoted
KYNCBXPT5,Artificial Intelligence,Gemini Enterprise Agent Platform,Tier 4 ➔ Tier 3,August,2026-08-02,19.0,24.0,+5.0,Tier 4,Tier 3,P20220428047,Tier Upgrade,Promoted
KYNASVWT4,Artificial Intelligence,Gemini Enterprise,Tier 3 ➔ Tier 2,August,2026-08-02,25.0,35.0,+10.0,Tier 3,Tier 2,P20220428047,Tier Upgrade,Promoted
KYNPSJTN3,Artificial Intelligence,Gemini Enterprise,Tier 4 ➔ Tier 3,August,2026-08-02,14.0,29.0,+15.0,Tier 4,Tier 3,P20220428047,Tier Upgrade,Promoted
KYNBTATT6,Infrastructure Modernization,Google Compute Engine,Tier 3 ➔ Tier 2,August,2026-08-02,34.0,39.0,+5.0,Tier 3,Tier 2,P20220428047,Tier Upgrade,Promoted
KYNGKIEV4,Infrastructure Modernization,Google Compute Engine,Tier 3 ➔ Tier 2,August,2026-08-02,30.0,40.0,+10.0,Tier 3,Tier 2,P20220428047,Tier Upgrade,Promoted
KYNFBCJC6,Infrastructure Modernization,Oracle,Tier 4 ➔ Tier 3,August,2026-08-02,19.0,29.0,+10.0,Tier 4,Tier 3,P20220428047,Tier Upgrade,Promoted
KYNECIJU1,Security,Cloud Security,Tier 4 ➔ Tier 3,August,2026-08-02,18.0,23.0,+5.0,Tier 4,Tier 3,P20220428047,Tier Upgrade,Promoted
KYNIBQAQ2,Data & Analytics,Looker,Tier 4 ➔ Tier 3,August,2026-08-03,14.0,24.0,+10.0,Tier 4,Tier 3,P20220428047,Tier Upgrade,Promoted
KYNMTEMB0,Application Modernization,Google Kubernetes Engine,Tier 4 ➔ Tier 3,August,2026-08-04,15.0,20.0,+5.0,Tier 4,Tier 3,P20220428047,Tier Upgrade,Promoted
KYNRKRIE1,Artificial Intelligence,Gemini Enterprise Agent Platform,Tier 3 ➔ Tier 2,August,2026-08-04,34.0,44.0,+10.0,Tier 3,Tier 2,P20220428047,Tier Upgrade,Promoted
KYNVSPMJ3,Artificial Intelligence,Gemini Enterprise,Tier 3 ➔ Tier 2,August,2026-08-04,29.0,39.0,+10.0,Tier 3,Tier 2,P20220428047,Tier Upgrade,Promoted
KYNKKRSG1,Artificial Intelligence,Gemini Enterprise Agent Platform,Tier 3 ➔ Tier 2,August,2026-08-04,30.0,40.0,+10.0,Tier 3,Tier 2,P20220428047,Tier Upgrade,Promoted
KYNVSPMJ3,Artificial Intelligence,Gemini Enterprise Agent Platform,Tier 4 ➔ Tier 3,August,2026-08-04,14.0,24.0,+10.0,Tier 4,Tier 3,P20220428047,Tier Upgrade,Promoted
KYNMTEMB0,Infrastructure Modernization,Google Cloud Networking,Tier 4 ➔ Tier 3,August,2026-08-04,15.0,20.0,+5.0,Tier 4,Tier 3,P20220428047,Tier Upgrade,Promoted
KYNVSPMJ3,Infrastructure Modernization,Google Cloud VMware Engine,Tier 4 ➔ Tier 3,August,2026-08-04,19.0,24.0,+5.0,Tier 4,Tier 3,P20220428047,Tier Upgrade,Promoted
KYNSSFOX3,Infrastructure Modernization,Google Compute Engine,Tier 4 ➔ Tier 3,August,2026-08-04,15.0,20.0,+5.0,Tier 4,Tier 3,P20220428047,Tier Upgrade,Promoted
KYNPWYDB6,Application Modernization,Cloud Run,Tier 4 ➔ Tier 3,August,2026-08-05,19.0,24.0,+5.0,Tier 4,Tier 3,P20220428047,Tier Upgrade,Promoted
KYNSSXXI6,Application Modernization,Google Kubernetes Engine,Tier 4 ➔ Tier 3,August,2026-08-05,11.0,21.0,+10.0,Tier 4,Tier 3,P20220428047,Tier Upgrade,Promoted
KYNAHHXH7,Application Modernization,Cloud Run,Tier 4 ➔ Tier 3,August,2026-08-05,19.0,24.0,+5.0,Tier 4,Tier 3,P20220428047,Tier Upgrade,Promoted
KYNDM0DB1,Application Modernization,Cloud Run,Tier 4 ➔ Tier 3,August,2026-08-05,15.0,20.0,+5.0,Tier 4,Tier 3,P20220428047,Tier Upgrade,Promoted
KYNRHMKP9,Application Modernization,Cloud Run,Tier 4 ➔ Tier 3,August,2026-08-05,19.0,24.0,+5.0,Tier 4,Tier 3,P20220428047,Tier Upgrade,Promoted
KYNMPEYN8,Application Modernization,Google Kubernetes Engine,Tier 4 ➔ Tier 3,August,2026-08-05,15.0,25.0,+10.0,Tier 4,Tier 3,P20220428047,Tier Upgrade,Promoted
KYNMPEYN8,Application Modernization,Cloud Run,Tier 4 ➔ Tier 3,August,2026-08-05,15.0,20.0,+5.0,Tier 4,Tier 3,P20220428047,Tier Upgrade,Promoted
KYNSRITJ1,Application Modernization,Google Kubernetes Engine,Tier 4 ➔ Tier 3,August,2026-08-05,19.0,24.0,+5.0,Tier 4,Tier 3,P20220428047,Tier Upgrade,Promoted
KYNPWYDB6,Application Modernization,Google Kubernetes Engine,Tier 3 ➔ Tier 2,August,2026-08-05,29.0,39.0,+10.0,Tier 3,Tier 2,P20220428047,Tier Upgrade,Promoted
KYNMHGQS0,Application Modernization,Google Kubernetes Engine,Tier 4 ➔ Tier 3,August,2026-08-05,15.0,25.0,+10.0,Tier 4,Tier 3,P20220428047,Tier Upgrade,Promoted
KYNRHMKP9,Artificial Intelligence,Gemini Enterprise Agent Platform,Tier 3 ➔ Tier 2,August,2026-08-05,24.0,39.0,+15.0,Tier 3,Tier 2,P20220428047,Tier Upgrade,Promoted
KYNMPEYN8,Data & Analytics,BigQuery,Tier 4 ➔ Tier 3,August,2026-08-05,15.0,30.0,+15.0,Tier 4,Tier 3,P20220428047,Tier Upgrade,Promoted
KYNPWYDB6,Data & Analytics,BigQuery,Tier 4 ➔ Tier 3,August,2026-08-05,14.0,29.0,+15.0,Tier 4,Tier 3,P20220428047,Tier Upgrade,Promoted
KYNPWYDB6,Data & Analytics,Dataproc,Tier 4 ➔ Tier 3,August,2026-08-05,14.0,24.0,+10.0,Tier 4,Tier 3,P20220428047,Tier Upgrade,Promoted
KYNAHHXH7,Data & Analytics,BigQuery,Tier 4 ➔ Tier 3,August,2026-08-05,19.0,34.0,+15.0,Tier 4,Tier 3,P20220428047,Tier Upgrade,Promoted
KYNAHHXH7,Data & Analytics,Dataflow,Tier 4 ➔ Tier 3,August,2026-08-05,14.0,24.0,+10.0,Tier 4,Tier 3,P20220428047,Tier Upgrade,Promoted
KYNRHMKP9,Data & Analytics,BigQuery,Tier 3 ➔ Tier 2,August,2026-08-05,29.0,44.0,+15.0,Tier 3,Tier 2,P20220428047,Tier Upgrade,Promoted
KYNDM0DB1,Data & Analytics,BigQuery,Tier 4 ➔ Tier 3,August,2026-08-05,15.0,30.0,+15.0,Tier 4,Tier 3,P20220428047,Tier Upgrade,Promoted
KYNRHMKP9,Data & Analytics,Dataflow,Tier 3 ➔ Tier 2,August,2026-08-05,34.0,44.0,+10.0,Tier 3,Tier 2,P20220428047,Tier Upgrade,Promoted
KYNSSXXI6,Data & Analytics,BigQuery,Tier 4 ➔ Tier 3,August,2026-08-05,11.0,26.0,+15.0,Tier 4,Tier 3,P20220428047,Tier Upgrade,Promoted
KYNDM0DB1,Databases,Cloud SQL,Tier 4 ➔ Tier 3,August,2026-08-05,15.0,30.0,+15.0,Tier 4,Tier 3,P20220428047,Tier Upgrade,Promoted
KYNPWYDB6,Databases,Cloud SQL,Tier 4 ➔ Tier 3,August,2026-08-05,14.0,29.0,+15.0,Tier 4,Tier 3,P20220428047,Tier Upgrade,Promoted
KYNAHHXH7,Databases,Cloud SQL,Tier 4 ➔ Tier 3,August,2026-08-05,19.0,34.0,+15.0,Tier 4,Tier 3,P20220428047,Tier Upgrade,Promoted
KYNRHMKP9,Databases,Cloud SQL,Tier 4 ➔ Tier 3,August,2026-08-05,19.0,34.0,+15.0,Tier 4,Tier 3,P20220428047,Tier Upgrade,Promoted
KYNSSXXI6,Databases,Cloud SQL,Tier 4 ➔ Tier 3,August,2026-08-05,11.0,26.0,+15.0,Tier 4,Tier 3,P20220428047,Tier Upgrade,Promoted
KYNMPEYN8,Databases,Cloud SQL,Tier 4 ➔ Tier 3,August,2026-08-05,15.0,30.0,+15.0,Tier 4,Tier 3,P20220428047,Tier Upgrade,Promoted
KYNYHF880,Infrastructure Modernization,Google Compute Engine,Tier 4 ➔ Tier 3,August,2026-08-05,5.0,20.0,+15.0,Tier 4,Tier 3,P20220428047,Tier Upgrade,Promoted
KYNLKKLE3,Infrastructure Modernization,Google Compute Engine,Tier 4 ➔ Tier 3,August,2026-08-05,5.0,30.0,+25.0,Tier 4,Tier 3,P20220428047,Tier Upgrade,Promoted
KYNSRITJ1,Infrastructure Modernization,Google Cloud Networking,Tier 3 ➔ Tier 2,August,2026-08-05,34.0,39.0,+5.0,Tier 3,Tier 2,P20220428047,Tier Upgrade,Promoted
KYNDM0DB1,Infrastructure Modernization,Google Cloud Networking,Tier 3 ➔ Tier 2,August,2026-08-05,25.0,35.0,+10.0,Tier 3,Tier 2,P20220428047,Tier Upgrade,Promoted
KYNPWYDB6,Infrastructure Modernization,Google Compute Engine,Tier 2 ➔ Tier 1,August,2026-08-05,39.0,64.0,+25.0,Tier 2,Tier 1,P20220428047,Tier Upgrade,Promoted
KYNSSXXI6,Infrastructure Modernization,Google Cloud Networking,Tier 4 ➔ Tier 3,August,2026-08-05,11.0,21.0,+10.0,Tier 4,Tier 3,P20220428047,Tier Upgrade,Promoted
KYNDKXKB2,Infrastructure Modernization,Google Cloud Networking,Tier 4 ➔ Tier 3,August,2026-08-05,10.0,20.0,+10.0,Tier 4,Tier 3,P20220428047,Tier Upgrade,Promoted
KYNAHHXH7,Infrastructure Modernization,Google Cloud VMware Engine,Tier 3 ➔ Tier 2,August,2026-08-05,34.0,49.0,+15.0,Tier 3,Tier 2,P20220428047,Tier Upgrade,Promoted
KYNRLTJW8,Infrastructure Modernization,Google Cloud Networking,Tier 4 ➔ Tier 3,August,2026-08-05,18.0,23.0,+5.0,Tier 4,Tier 3,P20220428047,Tier Upgrade,Promoted
KYNMHGQS0,Infrastructure Modernization,Google Compute Engine,Tier 3 ➔ Tier 2,August,2026-08-05,20.0,45.0,+25.0,Tier 3,Tier 2,P20220428047,Tier Upgrade,Promoted
KYNRHMKP9,Infrastructure Modernization,Google Cloud Networking,Tier 4 ➔ Tier 3,August,2026-08-05,19.0,29.0,+10.0,Tier 4,Tier 3,P20220428047,Tier Upgrade,Promoted
KYNAVVFE1,Infrastructure Modernization,Google Compute Engine,Tier 3 ➔ Tier 2,August,2026-08-05,22.0,47.0,+25.0,Tier 3,Tier 2,P20220428047,Tier Upgrade,Promoted
KYNMPEYN8,Infrastructure Modernization,Google Cloud VMware Engine,Tier 4 ➔ Tier 3,August,2026-08-05,15.0,30.0,+15.0,Tier 4,Tier 3,P20220428047,Tier Upgrade,Promoted
KYNAVVFE1,Infrastructure Modernization,Google Cloud Networking,Tier 3 ➔ Tier 2,August,2026-08-05,27.0,37.0,+10.0,Tier 3,Tier 2,P20220428047,Tier Upgrade,Promoted
KYNRHMKP9,Infrastructure Modernization,Google Cloud VMware Engine,Tier 4 ➔ Tier 3,August,2026-08-05,19.0,34.0,+15.0,Tier 4,Tier 3,P20220428047,Tier Upgrade,Promoted
KYNDM0DB1,Infrastructure Modernization,Google Cloud VMware Engine,Tier 4 ➔ Tier 3,August,2026-08-05,15.0,30.0,+15.0,Tier 4,Tier 3,P20220428047,Tier Upgrade,Promoted
KYNAHHXH7,Infrastructure Modernization,Google Compute Engine,Tier 2 ➔ Tier 1,August,2026-08-05,39.0,64.0,+25.0,Tier 2,Tier 1,P20220428047,Tier Upgrade,Promoted
KYNDKXKB2,Infrastructure Modernization,Google Compute Engine,Tier 4 ➔ Tier 3,August,2026-08-05,10.0,25.0,+15.0,Tier 4,Tier 3,P20220428047,Tier Upgrade,Promoted
KYNRLTJW8,Security,Cloud Security,Tier 4 ➔ Tier 3,August,2026-08-05,18.0,23.0,+5.0,Tier 4,Tier 3,P20220428047,Tier Upgrade,Promoted
KYNAHHXH7,Security,Security Operations,Tier 3 ➔ Tier 2,August,2026-08-05,34.0,39.0,+5.0,Tier 3,Tier 2,P20220428047,Tier Upgrade,Promoted
KYNMNZXV4,Artificial Intelligence,Gemini Enterprise,Tier 4 ➔ Tier 3,August,2026-08-06,15.0,20.0,+5.0,Tier 4,Tier 3,P20220428047,Tier Upgrade,Promoted
KYNDNH2V0,Artificial Intelligence,Gemini Enterprise,Tier 4 ➔ Tier 3,August,2026-08-06,14.0,24.0,+10.0,Tier 4,Tier 3,P20220428047,Tier Upgrade,Promoted
KYNUSQVA3,Data & Analytics,Dataflow,Tier 4 ➔ Tier 3,August,2026-08-06,14.0,24.0,+10.0,Tier 4,Tier 3,P20220428047,Tier Upgrade,Promoted
KYNYCVGA0,Infrastructure Modernization,Google Cloud Networking,Tier 3 ➔ Tier 2,August,2026-08-06,25.0,35.0,+10.0,Tier 3,Tier 2,P20220428047,Tier Upgrade,Promoted
KYNNSZIX4,Security,Cloud Security,Tier 4 ➔ Tier 3,August,2026-08-06,15.0,20.0,+5.0,Tier 4,Tier 3,P20220428047,Tier Upgrade,Promoted
KYNSRITJ1,Security,Cloud Security,Tier 4 ➔ Tier 3,August,2026-08-06,19.0,24.0,+5.0,Tier 4,Tier 3,P20220428047,Tier Upgrade,Promoted
KYNJGDYM5,Artificial Intelligence,Gemini Enterprise,Tier 4 ➔ Tier 3,August,2026-08-07,5.0,25.0,+20.0,Tier 4,Tier 3,P20220428047,Tier Upgrade,Promoted
KYNRPUMF4,Artificial Intelligence,AI Applications,Tier 4 ➔ Tier 3,August,2026-08-07,19.0,24.0,+5.0,Tier 4,Tier 3,P20220428047,Tier Upgrade,Promoted
KYNTRWS10,Artificial Intelligence,Gemini Enterprise Agent Platform,Tier 4 ➔ Tier 3,August,2026-08-07,19.0,24.0,+5.0,Tier 4,Tier 3,P20220428047,Tier Upgrade,Promoted
KYNLKKLE3,Artificial Intelligence,Gemini Enterprise Agent Platform,Tier 4 ➔ Tier 3,August,2026-08-07,15.0,20.0,+5.0,Tier 4,Tier 3,P20220428047,Tier Upgrade,Promoted
KYNSKBCX2,Artificial Intelligence,AI Applications,Tier 4 ➔ Tier 3,August,2026-08-07,15.0,20.0,+5.0,Tier 4,Tier 3,P20220428047,Tier Upgrade,Promoted
KYNSKBCX2,Artificial Intelligence,Gemini Enterprise Agent Platform,Tier 4 ➔ Tier 3,August,2026-08-07,15.0,20.0,+5.0,Tier 4,Tier 3,P20220428047,Tier Upgrade,Promoted
KYNMHGQS0,Artificial Intelligence,Gemini Enterprise Agent Platform,Tier 4 ➔ Tier 3,August,2026-08-07,15.0,20.0,+5.0,Tier 4,Tier 3,P20220428047,Tier Upgrade,Promoted
KYNAVVFE1,Data & Analytics,Dataflow,Tier 4 ➔ Tier 3,August,2026-08-07,17.0,22.0,+5.0,Tier 4,Tier 3,P20220428047,Tier Upgrade,Promoted
KYNMPEYN8,Data & Analytics,BigQuery,Tier 3 ➔ Tier 2,August,2026-08-07,30.0,40.0,+10.0,Tier 3,Tier 2,P20220428047,Tier Upgrade,Promoted
KYNSKBCX2,Data & Analytics,BigQuery,Tier 4 ➔ Tier 3,August,2026-08-07,15.0,25.0,+10.0,Tier 4,Tier 3,P20220428047,Tier Upgrade,Promoted
KYNSSXXI6,Data & Analytics,Dataflow,Tier 4 ➔ Tier 3,August,2026-08-07,16.0,26.0,+10.0,Tier 4,Tier 3,P20220428047,Tier Upgrade,Promoted
KYNPWYDB6,Data & Analytics,BigQuery,Tier 3 ➔ Tier 2,August,2026-08-07,29.0,39.0,+10.0,Tier 3,Tier 2,P20220428047,Tier Upgrade,Promoted
KYNMPEYN8,Data & Analytics,Dataflow,Tier 4 ➔ Tier 3,August,2026-08-07,15.0,20.0,+5.0,Tier 4,Tier 3,P20220428047,Tier Upgrade,Promoted
KYNMHGQS0,Data & Analytics,BigQuery,Tier 4 ➔ Tier 3,August,2026-08-07,15.0,25.0,+10.0,Tier 4,Tier 3,P20220428047,Tier Upgrade,Promoted
KYNAHHXH7,Data & Analytics,BigQuery,Tier 3 ➔ Tier 2,August,2026-08-07,34.0,44.0,+10.0,Tier 3,Tier 2,P20220428047,Tier Upgrade,Promoted
KYNLKKLE3,Data & Analytics,BigQuery,Tier 4 ➔ Tier 3,August,2026-08-07,15.0,25.0,+10.0,Tier 4,Tier 3,P20220428047,Tier Upgrade,Promoted
KYNPWYDB6,Data & Analytics,Dataflow,Tier 4 ➔ Tier 3,August,2026-08-07,19.0,24.0,+5.0,Tier 4,Tier 3,P20220428047,Tier Upgrade,Promoted
KYNRHMKP9,Data & Analytics,BigQuery,Tier 2 ➔ Tier 1,August,2026-08-07,44.0,54.0,+10.0,Tier 2,Tier 1,P20220428047,Tier Upgrade,Promoted
KYNDM0DB1,Data & Analytics,BigQuery,Tier 3 ➔ Tier 2,August,2026-08-07,30.0,40.0,+10.0,Tier 3,Tier 2,P20220428047,Tier Upgrade,Promoted
KYNMWQGE1,Data & Analytics,BigQuery,Tier 4 ➔ Tier 3,August,2026-08-07,14.0,24.0,+10.0,Tier 4,Tier 3,P20220428047,Tier Upgrade,Promoted
KYNSSXXI6,Data & Analytics,BigQuery,Tier 3 ➔ Tier 2,August,2026-08-07,26.0,36.0,+10.0,Tier 3,Tier 2,P20220428047,Tier Upgrade,Promoted
KYNDM0DB1,Data & Analytics,Dataflow,Tier 4 ➔ Tier 3,August,2026-08-07,15.0,20.0,+5.0,Tier 4,Tier 3,P20220428047,Tier Upgrade,Promoted
KYNMWQGE1,Databases,Cloud SQL,Tier 4 ➔ Tier 3,August,2026-08-07,19.0,24.0,+5.0,Tier 4,Tier 3,P20220428047,Tier Upgrade,Promoted
KYNDM0DB1,Databases,Cloud SQL,Tier 3 ➔ Tier 2,August,2026-08-07,30.0,35.0,+5.0,Tier 3,Tier 2,P20220428047,Tier Upgrade,Promoted
KYNLKKLE3,Databases,Cloud SQL,Tier 4 ➔ Tier 3,August,2026-08-07,15.0,20.0,+5.0,Tier 4,Tier 3,P20220428047,Tier Upgrade,Promoted
KYNSKBCX2,Databases,Cloud SQL,Tier 4 ➔ Tier 3,August,2026-08-07,15.0,20.0,+5.0,Tier 4,Tier 3,P20220428047,Tier Upgrade,Promoted
KYNAHHXH7,Databases,Spanner,Tier 4 ➔ Tier 3,August,2026-08-07,19.0,24.0,+5.0,Tier 4,Tier 3,P20220428047,Tier Upgrade,Promoted
KYNAHHXH7,Databases,Cloud SQL,Tier 3 ➔ Tier 2,August,2026-08-07,34.0,39.0,+5.0,Tier 3,Tier 2,P20220428047,Tier Upgrade,Promoted
KYNRHMKP9,Databases,Cloud SQL,Tier 3 ➔ Tier 2,August,2026-08-07,34.0,39.0,+5.0,Tier 3,Tier 2,P20220428047,Tier Upgrade,Promoted
KYNMPEYN8,Databases,Spanner,Tier 4 ➔ Tier 3,August,2026-08-07,15.0,20.0,+5.0,Tier 4,Tier 3,P20220428047,Tier Upgrade,Promoted
KYNMPEYN8,Databases,Cloud SQL,Tier 3 ➔ Tier 2,August,2026-08-07,30.0,35.0,+5.0,Tier 3,Tier 2,P20220428047,Tier Upgrade,Promoted
KYNRHMKP9,Databases,Spanner,Tier 4 ➔ Tier 3,August,2026-08-07,19.0,24.0,+5.0,Tier 4,Tier 3,P20220428047,Tier Upgrade,Promoted
KYNDM0DB1,Databases,Spanner,Tier 4 ➔ Tier 3,August,2026-08-07,15.0,20.0,+5.0,Tier 4,Tier 3,P20220428047,Tier Upgrade,Promoted
KYNMHGQS0,Databases,Cloud SQL,Tier 4 ➔ Tier 3,August,2026-08-07,15.0,20.0,+5.0,Tier 4,Tier 3,P20220428047,Tier Upgrade,Promoted
KYNLKKLE3,Infrastructure Modernization,Google Compute Engine,Tier 3 ➔ Tier 2,August,2026-08-07,30.0,40.0,+10.0,Tier 3,Tier 2,P20220428047,Tier Upgrade,Promoted
KYNFLUKR9,Infrastructure Modernization,Google Compute Engine,Tier 2 ➔ Tier 1,August,2026-08-07,45.0,50.0,+5.0,Tier 2,Tier 1,P20220428047,Tier Upgrade,Promoted
KYNMHGQS0,Infrastructure Modernization,Google Compute Engine,Tier 2 ➔ Tier 1,August,2026-08-07,45.0,55.0,+10.0,Tier 2,Tier 1,P20220428047,Tier Upgrade,Promoted
KYNAVVFE1,Infrastructure Modernization,Google Compute Engine,Tier 2 ➔ Tier 1,August,2026-08-07,47.0,57.0,+10.0,Tier 2,Tier 1,P20220428047,Tier Upgrade,Promoted
KYNSSXXI6,Infrastructure Modernization,Google Compute Engine,Tier 2 ➔ Tier 1,August,2026-08-07,36.0,51.0,+15.0,Tier 2,Tier 1,P20220428047,Tier Upgrade,Promoted
KYNEREWQ7,Infrastructure Modernization,Google Compute Engine,Tier 2 ➔ Tier 1,August,2026-08-07,45.0,50.0,+5.0,Tier 2,Tier 1,P20220428047,Tier Upgrade,Promoted
KYNSKBCX2,Infrastructure Modernization,Google Compute Engine,Tier 3 ➔ Tier 2,August,2026-08-07,25.0,35.0,+10.0,Tier 3,Tier 2,P20220428047,Tier Upgrade,Promoted
KYNRHMKP9,Infrastructure Modernization,Google Compute Engine,Tier 2 ➔ Tier 1,August,2026-08-07,44.0,54.0,+10.0,Tier 2,Tier 1,P20220428047,Tier Upgrade,Promoted
KYNGBBMA9,Infrastructure Modernization,Google Compute Engine,Tier 2 ➔ Tier 1,August,2026-08-07,49.0,54.0,+5.0,Tier 2,Tier 1,P20220428047,Tier Upgrade,Promoted
KYNJTXAE5,Application Modernization,Google Kubernetes Engine,Tier 4 ➔ Tier 3,August,2026-08-09,9.0,29.0,+20.0,Tier 4,Tier 3,P20220428047,Tier Upgrade,Promoted
KYNITXER3,Application Modernization,Google Kubernetes Engine,Tier 3 ➔ Tier 2,August,2026-08-09,29.0,49.0,+20.0,Tier 3,Tier 2,P20220428047,Tier Upgrade,Promoted
KYNITXER3,Application Modernization,Cloud Run,Tier 3 ➔ Tier 2,August,2026-08-09,29.0,49.0,+20.0,Tier 3,Tier 2,P20220428047,Tier Upgrade,Promoted
KYNJPJLX0,Application Modernization,Google Kubernetes Engine,Tier 4 ➔ Tier 3,August,2026-08-09,9.0,29.0,+20.0,Tier 4,Tier 3,P20220428047,Tier Upgrade,Promoted
KYNACIUL3,Application Modernization,Google Kubernetes Engine,Tier 3 ➔ Tier 2,August,2026-08-09,34.0,49.0,+15.0,Tier 3,Tier 2,P20220428047,Tier Upgrade,Promoted
KYNJTXAE5,Application Modernization,Cloud Run,Tier 4 ➔ Tier 3,August,2026-08-09,9.0,29.0,+20.0,Tier 4,Tier 3,P20220428047,Tier Upgrade,Promoted
KYNCMDSO6,Application Modernization,Cloud Run,Tier 4 ➔ Tier 3,August,2026-08-09,5.0,20.0,+15.0,Tier 4,Tier 3,P20220428047,Tier Upgrade,Promoted
KYNCMDSO6,Application Modernization,Google Kubernetes Engine,Tier 4 ➔ Tier 3,August,2026-08-09,5.0,20.0,+15.0,Tier 4,Tier 3,P20220428047,Tier Upgrade,Promoted
KYNCBUSY4,Application Modernization,Cloud Run,Tier 4 ➔ Tier 3,August,2026-08-09,5.0,20.0,+15.0,Tier 4,Tier 3,P20220428047,Tier Upgrade,Promoted
KYNACIUL3,Application Modernization,Cloud Run,Tier 3 ➔ Tier 2,August,2026-08-09,24.0,39.0,+15.0,Tier 3,Tier 2,P20220428047,Tier Upgrade,Promoted
KYNCBUSY4,Application Modernization,Google Kubernetes Engine,Tier 4 ➔ Tier 3,August,2026-08-09,5.0,20.0,+15.0,Tier 4,Tier 3,P20220428047,Tier Upgrade,Promoted
KYNDNH2V3,Application Modernization,Google Kubernetes Engine,Tier 2 ➔ Tier 1,August,2026-08-09,44.0,64.0,+20.0,Tier 2,Tier 1,P20220428047,Tier Upgrade,Promoted
KYNHOJXZ6,Application Modernization,Cloud Run,Tier 4 ➔ Tier 3,August,2026-08-09,19.0,24.0,+5.0,Tier 4,Tier 3,P20220428047,Tier Upgrade,Promoted
KYNJPJLX0,Application Modernization,Cloud Run,Tier 4 ➔ Tier 3,August,2026-08-09,9.0,29.0,+20.0,Tier 4,Tier 3,P20220428047,Tier Upgrade,Promoted
KYNFSPMH7,Artificial Intelligence,Gemini Enterprise Agent Platform,Tier 4 ➔ Tier 3,August,2026-08-09,15.0,20.0,+5.0,Tier 4,Tier 3,P20220428047,Tier Upgrade,Promoted
KYNYACHQ2,Artificial Intelligence,Gemini Enterprise Agent Platform,Tier 4 ➔ Tier 3,August,2026-08-09,19.0,29.0,+10.0,Tier 4,Tier 3,P20220428047,Tier Upgrade,Promoted
KYNYACHQ2,Artificial Intelligence,Gemini Enterprise,Tier 4 ➔ Tier 3,August,2026-08-09,19.0,34.0,+15.0,Tier 4,Tier 3,P20220428047,Tier Upgrade,Promoted
KYNITXER3,Data & Analytics,Dataproc,Tier 4 ➔ Tier 3,August,2026-08-09,14.0,24.0,+10.0,Tier 4,Tier 3,P20220428047,Tier Upgrade,Promoted
KYNITXER3,Data & Analytics,Looker,Tier 4 ➔ Tier 3,August,2026-08-09,14.0,24.0,+10.0,Tier 4,Tier 3,P20220428047,Tier Upgrade,Promoted
KYNITXER3,Data & Analytics,Dataflow,Tier 4 ➔ Tier 3,August,2026-08-09,14.0,24.0,+10.0,Tier 4,Tier 3,P20220428047,Tier Upgrade,Promoted
KYNITXER3,Databases,Cloud SQL,Tier 3 ➔ Tier 2,August,2026-08-09,24.0,44.0,+20.0,Tier 3,Tier 2,P20220428047,Tier Upgrade,Promoted
KYNCMDSO6,Databases,Cloud SQL,Tier 4 ➔ Tier 3,August,2026-08-09,5.0,20.0,+15.0,Tier 4,Tier 3,P20220428047,Tier Upgrade,Promoted
KYNACIUL3,Databases,Cloud SQL,Tier 4 ➔ Tier 3,August,2026-08-09,19.0,34.0,+15.0,Tier 4,Tier 3,P20220428047,Tier Upgrade,Promoted
KYNCMDSO6,Infrastructure Modernization,Google Compute Engine,Tier 4 ➔ Tier 3,August,2026-08-09,5.0,20.0,+15.0,Tier 4,Tier 3,P20220428047,Tier Upgrade,Promoted
KYNITXER3,Infrastructure Modernization,Google Compute Engine,Tier 3 ➔ Tier 2,August,2026-08-09,24.0,44.0,+20.0,Tier 3,Tier 2,P20220428047,Tier Upgrade,Promoted
KYNDNH2V3,Infrastructure Modernization,Google Cloud Networking,Tier 2 ➔ Tier 1,August,2026-08-09,49.0,69.0,+20.0,Tier 2,Tier 1,P20220428047,Tier Upgrade,Promoted
KYNACIUL3,Infrastructure Modernization,Google Compute Engine,Tier 2 ➔ Tier 1,August,2026-08-09,39.0,54.0,+15.0,Tier 2,Tier 1,P20220428047,Tier Upgrade,Promoted
KYNTRWS10,Infrastructure Modernization,Google Compute Engine,Tier 2 ➔ Tier 1,August,2026-08-09,44.0,54.0,+10.0,Tier 2,Tier 1,P20220428047,Tier Upgrade,Promoted
KYNCMDSO6,Infrastructure Modernization,Google Cloud Networking,Tier 4 ➔ Tier 3,August,2026-08-09,5.0,20.0,+15.0,Tier 4,Tier 3,P20220428047,Tier Upgrade,Promoted
KYNRKHCK7,Infrastructure Modernization,Google Compute Engine,Tier 4 ➔ Tier 3,August,2026-08-09,15.0,20.0,+5.0,Tier 4,Tier 3,P20220428047,Tier Upgrade,Promoted
KYNDNH2V3,Infrastructure Modernization,Google Compute Engine,Tier 2 ➔ Tier 1,August,2026-08-09,44.0,64.0,+20.0,Tier 2,Tier 1,P20220428047,Tier Upgrade,Promoted
KYNGETVZ1,Infrastructure Modernization,Google Compute Engine,Tier 4 ➔ Tier 3,August,2026-08-09,15.0,20.0,+5.0,Tier 4,Tier 3,P20220428047,Tier Upgrade,Promoted
KYNHOJXZ6,Infrastructure Modernization,Google Cloud Networking,Tier 3 ➔ Tier 2,August,2026-08-09,34.0,39.0,+5.0,Tier 3,Tier 2,P20220428047,Tier Upgrade,Promoted
KYNACIUL3,Infrastructure Modernization,Google Cloud Networking,Tier 2 ➔ Tier 1,August,2026-08-09,39.0,54.0,+15.0,Tier 2,Tier 1,P20220428047,Tier Upgrade,Promoted
KYNSVCRB5,Security,Cloud Security,Tier 4 ➔ Tier 3,August,2026-08-09,16.0,21.0,+5.0,Tier 4,Tier 3,P20220428047,Tier Upgrade,Promoted
KYNMMREF0,Security,Cloud Security,Tier 4 ➔ Tier 3,August,2026-08-09,17.0,22.0,+5.0,Tier 4,Tier 3,P20220428047,Tier Upgrade,Promoted
KYNTPMPC0,Artificial Intelligence,Gemini Enterprise Agent Platform,Tier 4 ➔ Tier 3,August,2026-08-10,15.0,20.0,+5.0,Tier 4,Tier 3,P20220428047,Tier Upgrade,Promoted
KYNPPTWG5,Artificial Intelligence,Gemini Enterprise Agent Platform,Tier 4 ➔ Tier 3,August,2026-08-11,10.0,20.0,+10.0,Tier 4,Tier 3,P20220428047,Tier Upgrade,Promoted
KYNJGDYM5,Artificial Intelligence,Gemini Enterprise,Tier 3 ➔ Tier 2,August,2026-08-11,25.0,40.0,+15.0,Tier 3,Tier 2,P20220428047,Tier Upgrade,Promoted
KYNPHONA2,Artificial Intelligence,Gemini Enterprise Agent Platform,Tier 4 ➔ Tier 3,August,2026-08-11,15.0,25.0,+10.0,Tier 4,Tier 3,P20220428047,Tier Upgrade,Promoted
KYNPHONA2,Artificial Intelligence,Gemini Enterprise,Tier 3 ➔ Tier 2,August,2026-08-11,30.0,40.0,+10.0,Tier 3,Tier 2,P20220428047,Tier Upgrade,Promoted
KYNJGDYM5,Artificial Intelligence,AI Applications,Tier 4 ➔ Tier 3,August,2026-08-11,15.0,20.0,+5.0,Tier 4,Tier 3,P20220428047,Tier Upgrade,Promoted
KYNLPNAT0,Application Modernization,Cloud Run,Tier 4 ➔ Tier 3,August,2026-08-12,10.0,20.0,+10.0,Tier 4,Tier 3,P20220428047,Tier Upgrade,Promoted
KYNJRQTV6,Application Modernization,Apigee API Management,Tier 4 ➔ Tier 3,August,2026-08-12,15.0,20.0,+5.0,Tier 4,Tier 3,P20220428047,Tier Upgrade,Promoted
KYNITXER3,Application Modernization,Cloud Run,Tier 2 ➔ Tier 1,August,2026-08-12,49.0,70.0,+21.0,Tier 2,Tier 1,P20220428047,Tier Upgrade,Promoted
KYNITXER3,Application Modernization,Apigee API Management,Tier 4 ➔ Tier 3,August,2026-08-12,19.0,29.0,+10.0,Tier 4,Tier 3,P20220428047,Tier Upgrade,Promoted
KYNMVIZJ9,Application Modernization,Apigee API Management,Tier 4 ➔ Tier 3,August,2026-08-12,14.0,24.0,+10.0,Tier 4,Tier 3,P20220428047,Tier Upgrade,Promoted
KYNLPNAT0,Application Modernization,Apigee API Management,Tier 4 ➔ Tier 3,August,2026-08-12,10.0,20.0,+10.0,Tier 4,Tier 3,P20220428047,Tier Upgrade,Promoted
KYNJHPHM4,Artificial Intelligence,Gemini Enterprise Agent Platform,Tier 2 ➔ Tier 1,August,2026-08-12,49.0,54.0,+5.0,Tier 2,Tier 1,P20220428047,Tier Upgrade,Promoted
KYNJRQTV6,Artificial Intelligence,Gemini Enterprise,Tier 2 ➔ Tier 1,August,2026-08-12,45.0,50.0,+5.0,Tier 2,Tier 1,P20220428047,Tier Upgrade,Promoted
KYNJRQTV6,Artificial Intelligence,Gemini Enterprise Agent Platform,Tier 2 ➔ Tier 1,August,2026-08-12,45.0,50.0,+5.0,Tier 2,Tier 1,P20220428047,Tier Upgrade,Promoted
KYNITXER3,Data & Analytics,Dataproc,Tier 3 ➔ Tier 2,August,2026-08-12,24.0,49.0,+25.0,Tier 3,Tier 2,P20220428047,Tier Upgrade,Promoted
KYNJPJLX0,Data & Analytics,Looker,Tier 4 ➔ Tier 3,August,2026-08-12,9.0,34.0,+25.0,Tier 4,Tier 3,P20220428047,Tier Upgrade,Promoted
KYNMTNVB7,Data & Analytics,BigQuery,Tier 4 ➔ Tier 3,August,2026-08-12,10.0,20.0,+10.0,Tier 4,Tier 3,P20220428047,Tier Upgrade,Promoted
KYNCBUSY4,Data & Analytics,Dataproc,Tier 4 ➔ Tier 3,August,2026-08-12,5.0,25.0,+20.0,Tier 4,Tier 3,P20220428047,Tier Upgrade,Promoted
KYNJTXAE5,Data & Analytics,Dataproc,Tier 4 ➔ Tier 3,August,2026-08-12,9.0,29.0,+20.0,Tier 4,Tier 3,P20220428047,Tier Upgrade,Promoted
KYNITXER3,Data & Analytics,Looker,Tier 3 ➔ Tier 2,August,2026-08-12,24.0,49.0,+25.0,Tier 3,Tier 2,P20220428047,Tier Upgrade,Promoted
KYNCBUSY4,Data & Analytics,Looker,Tier 4 ➔ Tier 3,August,2026-08-12,5.0,30.0,+25.0,Tier 4,Tier 3,P20220428047,Tier Upgrade,Promoted
KYNJTXAE5,Data & Analytics,Looker,Tier 4 ➔ Tier 3,August,2026-08-12,9.0,34.0,+25.0,Tier 4,Tier 3,P20220428047,Tier Upgrade,Promoted
KYNITXER3,Infrastructure Modernization,Google Compute Engine,Tier 2 ➔ Tier 1,August,2026-08-12,44.0,54.0,+10.0,Tier 2,Tier 1,P20220428047,Tier Upgrade,Promoted
KYNMMBMQ2,Infrastructure Modernization,Google Compute Engine,Tier 4 ➔ Tier 3,August,2026-08-12,5.0,25.0,+20.0,Tier 4,Tier 3,P20220428047,Tier Upgrade,Promoted
KYNSTECW8,Infrastructure Modernization,Google Compute Engine,Tier 4 ➔ Tier 3,August,2026-08-12,15.0,20.0,+5.0,Tier 4,Tier 3,P20220428047,Tier Upgrade,Promoted
KYNMVIZJ9,Infrastructure Modernization,Google Compute Engine,Tier 4 ➔ Tier 3,August,2026-08-12,14.0,24.0,+10.0,Tier 4,Tier 3,P20220428047,Tier Upgrade,Promoted
KYNCBUSY4,Infrastructure Modernization,Google Compute Engine,Tier 4 ➔ Tier 3,August,2026-08-12,15.0,25.0,+10.0,Tier 4,Tier 3,P20220428047,Tier Upgrade,Promoted
KYNITXER3,Security,Cloud Security,Tier 3 ➔ Tier 2,August,2026-08-12,29.0,39.0,+10.0,Tier 3,Tier 2,P20220428047,Tier Upgrade,Promoted
KYNDNH2V3,Security,Cloud Security,Tier 3 ➔ Tier 2,August,2026-08-12,29.0,39.0,+10.0,Tier 3,Tier 2,P20220428047,Tier Upgrade,Promoted
KYNPCJGW8,Artificial Intelligence,Gemini Enterprise,Tier 4 ➔ Tier 3,August,2026-08-13,14.0,24.0,+10.0,Tier 4,Tier 3,P20220428047,Tier Upgrade,Promoted
KYNPSRYH5,Infrastructure Modernization,Google Cloud Networking,Tier 3 ➔ Tier 2,August,2026-08-13,33.0,38.0,+5.0,Tier 3,Tier 2,P20220428047,Tier Upgrade,Promoted
KYNSKWBQ4,Infrastructure Modernization,Google Compute Engine,Tier 3 ➔ Tier 2,August,2026-08-13,30.0,35.0,+5.0,Tier 3,Tier 2,P20220428047,Tier Upgrade,Promoted
KYNVJQNC4,Application Modernization,Google Kubernetes Engine,Tier 4 ➔ Tier 3,August,2026-08-14,19.0,24.0,+5.0,Tier 4,Tier 3,P20220428047,Tier Upgrade,Promoted
KYNRKRIE1,Artificial Intelligence,Gemini Enterprise,Tier 4 ➔ Tier 3,August,2026-08-14,14.0,29.0,+15.0,Tier 4,Tier 3,P20220428047,Tier Upgrade,Promoted
KYNJANIT9,Artificial Intelligence,Gemini Enterprise,Tier 3 ➔ Tier 2,August,2026-08-14,34.0,44.0,+10.0,Tier 3,Tier 2,P20220428047,Tier Upgrade,Promoted
KYNMMREF0,Artificial Intelligence,Gemini Enterprise Agent Platform,Tier 4 ➔ Tier 3,August,2026-08-14,17.0,22.0,+5.0,Tier 4,Tier 3,P20220428047,Tier Upgrade,Promoted
KYNMTEMB0,Data & Analytics,BigQuery,Tier 4 ➔ Tier 3,August,2026-08-14,15.0,20.0,+5.0,Tier 4,Tier 3,P20220428047,Tier Upgrade,Promoted
KYNVJQNC4,Infrastructure Modernization,Google Cloud Networking,Tier 4 ➔ Tier 3,August,2026-08-14,19.0,24.0,+5.0,Tier 4,Tier 3,P20220428047,Tier Upgrade,Promoted
KYNVJQNC4,Infrastructure Modernization,Google Compute Engine,Tier 2 ➔ Tier 1,August,2026-08-14,49.0,54.0,+5.0,Tier 2,Tier 1,P20220428047,Tier Upgrade,Promoted
KYNHTMEX8,Infrastructure Modernization,Google Cloud Networking,Tier 4 ➔ Tier 3,August,2026-08-14,19.0,24.0,+5.0,Tier 4,Tier 3,P20220428047,Tier Upgrade,Promoted
KYNCKMGC0,Infrastructure Modernization,Google Compute Engine,Tier 4 ➔ Tier 3,August,2026-08-16,15.0,20.0,+5.0,Tier 4,Tier 3,P20220428047,Tier Upgrade,Promoted
KYNARFWH7,Infrastructure Modernization,Google Compute Engine,Tier 4 ➔ Tier 3,August,2026-08-16,15.0,20.0,+5.0,Tier 4,Tier 3,P20220428047,Tier Upgrade,Promoted
KYNHTMEX8,Security,Cloud Security,Tier 4 ➔ Tier 3,August,2026-08-16,19.0,24.0,+5.0,Tier 4,Tier 3,P20220428047,Tier Upgrade,Promoted
KYNYIZAW9,Infrastructure Modernization,Google Cloud Networking,Tier 4 ➔ Tier 3,August,2026-08-17,16.0,21.0,+5.0,Tier 4,Tier 3,P20220428047,Tier Upgrade,Promoted
KYNVSDQT3,Application Modernization,Google Kubernetes Engine,Tier 4 ➔ Tier 3,August,2026-08-18,15.0,20.0,+5.0,Tier 4,Tier 3,P20220428047,Tier Upgrade,Promoted
KYNYHF880,Artificial Intelligence,Gemini Enterprise Agent Platform,Tier 4 ➔ Tier 3,August,2026-08-18,10.0,20.0,+10.0,Tier 4,Tier 3,P20220428047,Tier Upgrade,Promoted
KYNAKYMB8,Infrastructure Modernization,Google Cloud VMware Engine,Tier 4 ➔ Tier 3,August,2026-08-18,19.0,24.0,+5.0,Tier 4,Tier 3,P20220428047,Tier Upgrade,Promoted
KYNSGUXI6,Security,Security Command Center,Tier 4 ➔ Tier 3,August,2026-08-18,19.0,24.0,+5.0,Tier 4,Tier 3,P20220428047,Tier Upgrade,Promoted
KYNNBVCV5,Application Modernization,Google Kubernetes Engine,Tier 4 ➔ Tier 3,August,2026-08-19,10.0,20.0,+10.0,Tier 4,Tier 3,P20220428047,Tier Upgrade,Promoted
KYNNSBJL4,Artificial Intelligence,Gemini Enterprise Agent Platform,Tier 4 ➔ Tier 3,August,2026-08-19,10.0,20.0,+10.0,Tier 4,Tier 3,P20220428047,Tier Upgrade,Promoted
KYNNBVCV5,Infrastructure Modernization,Google Compute Engine,Tier 4 ➔ Tier 3,August,2026-08-19,10.0,20.0,+10.0,Tier 4,Tier 3,P20220428047,Tier Upgrade,Promoted
KYNAEQKN8,Infrastructure Modernization,Google Cloud Networking,Tier 4 ➔ Tier 3,August,2026-08-19,19.0,24.0,+5.0,Tier 4,Tier 3,P20220428047,Tier Upgrade,Promoted
KYNDKUXE4,Application Modernization,Google Kubernetes Engine,Tier 4 ➔ Tier 3,August,2026-08-20,15.0,20.0,+5.0,Tier 4,Tier 3,P20220428047,Tier Upgrade,Promoted
KYNDKUNN6,Application Modernization,Cloud Run,Tier 4 ➔ Tier 3,August,2026-08-20,19.0,24.0,+5.0,Tier 4,Tier 3,P20220428047,Tier Upgrade,Promoted
KYNHKYEL0,Application Modernization,Google Kubernetes Engine,Tier 2 ➔ Tier 1,August,2026-08-20,49.0,54.0,+5.0,Tier 2,Tier 1,P20220428047,Tier Upgrade,Promoted
KYNRRPEY1,Application Modernization,Google Kubernetes Engine,Tier 4 ➔ Tier 3,August,2026-08-20,19.0,24.0,+5.0,Tier 4,Tier 3,P20220428047,Tier Upgrade,Promoted
KYNMBBMU1,Application Modernization,Google Kubernetes Engine,Tier 4 ➔ Tier 3,August,2026-08-20,19.0,24.0,+5.0,Tier 4,Tier 3,P20220428047,Tier Upgrade,Promoted
KYNVSPMJ3,Application Modernization,Google Kubernetes Engine,Tier 4 ➔ Tier 3,August,2026-08-20,19.0,24.0,+5.0,Tier 4,Tier 3,P20220428047,Tier Upgrade,Promoted
KYNGDRJD5,Artificial Intelligence,Gemini Enterprise Agent Platform,Tier 4 ➔ Tier 3,August,2026-08-20,10.0,25.0,+15.0,Tier 4,Tier 3,P20220428047,Tier Upgrade,Promoted
KYNDKUNN6,Data & Analytics,Dataflow,Tier 4 ➔ Tier 3,August,2026-08-20,19.0,24.0,+5.0,Tier 4,Tier 3,P20220428047,Tier Upgrade,Promoted
KYNPDPNN7,Infrastructure Modernization,Google Cloud Networking,Tier 4 ➔ Tier 3,August,2026-08-20,15.0,20.0,+5.0,Tier 4,Tier 3,P20220428047,Tier Upgrade,Promoted
KYNJHIFA9,Infrastructure Modernization,Google Cloud Networking,Tier 3 ➔ Tier 2,August,2026-08-20,29.0,39.0,+10.0,Tier 3,Tier 2,P20220428047,Tier Upgrade,Promoted
KYNRSXZA3,Infrastructure Modernization,Google Cloud Networking,Tier 3 ➔ Tier 2,August,2026-08-20,31.0,36.0,+5.0,Tier 3,Tier 2,P20220428047,Tier Upgrade,Promoted
KYNRRPEY1,Infrastructure Modernization,Google Cloud Networking,Tier 4 ➔ Tier 3,August,2026-08-20,19.0,29.0,+10.0,Tier 4,Tier 3,P20220428047,Tier Upgrade,Promoted
KYNAPSLQ0,Infrastructure Modernization,Google Compute Engine,Tier 4 ➔ Tier 3,August,2026-08-20,19.0,24.0,+5.0,Tier 4,Tier 3,P20220428047,Tier Upgrade,Promoted
KYNSRPGS0,Infrastructure Modernization,Google Cloud Networking,Tier 4 ➔ Tier 3,August,2026-08-20,19.0,24.0,+5.0,Tier 4,Tier 3,P20220428047,Tier Upgrade,Promoted
KYNMBBMU1,Infrastructure Modernization,Google Compute Engine,Tier 3 ➔ Tier 2,August,2026-08-20,34.0,44.0,+10.0,Tier 3,Tier 2,P20220428047,Tier Upgrade,Promoted
KYNRRRMM5,Infrastructure Modernization,Google Cloud VMware Engine,Tier 3 ➔ Tier 2,August,2026-08-20,34.0,39.0,+5.0,Tier 3,Tier 2,P20220428047,Tier Upgrade,Promoted
KYNJHIFA9,Infrastructure Modernization,Google Compute Engine,Tier 2 ➔ Tier 1,August,2026-08-20,39.0,54.0,+15.0,Tier 2,Tier 1,P20220428047,Tier Upgrade,Promoted
KYNUKNNC1,Infrastructure Modernization,Google Compute Engine,Tier 3 ➔ Tier 2,August,2026-08-20,30.0,35.0,+5.0,Tier 3,Tier 2,P20220428047,Tier Upgrade,Promoted
KYNSPFGM5,Infrastructure Modernization,Google Compute Engine,Tier 4 ➔ Tier 3,August,2026-08-20,15.0,20.0,+5.0,Tier 4,Tier 3,P20220428047,Tier Upgrade,Promoted
KYNRRRMM5,Infrastructure Modernization,Google Compute Engine,Tier 2 ➔ Tier 1,August,2026-08-20,49.0,59.0,+10.0,Tier 2,Tier 1,P20220428047,Tier Upgrade,Promoted
KYNSMVVR0,Infrastructure Modernization,Google Cloud VMware Engine,Tier 4 ➔ Tier 3,August,2026-08-20,19.0,24.0,+5.0,Tier 4,Tier 3,P20220428047,Tier Upgrade,Promoted
KYNHKYEL0,Infrastructure Modernization,Google Cloud Networking,Tier 4 ➔ Tier 3,August,2026-08-20,19.0,24.0,+5.0,Tier 4,Tier 3,P20220428047,Tier Upgrade,Promoted
KYNRRPEY1,Infrastructure Modernization,Google Compute Engine,Tier 4 ➔ Tier 3,August,2026-08-20,19.0,29.0,+10.0,Tier 4,Tier 3,P20220428047,Tier Upgrade,Promoted
KYNDKUNN6,Infrastructure Modernization,Google Compute Engine,Tier 2 ➔ Tier 1,August,2026-08-20,44.0,54.0,+10.0,Tier 2,Tier 1,P20220428047,Tier Upgrade,Promoted
KYNADNLB6,Infrastructure Modernization,Google Cloud Networking,Tier 4 ➔ Tier 3,August,2026-08-20,19.0,29.0,+10.0,Tier 4,Tier 3,P20220428047,Tier Upgrade,Promoted
KYNMBBMU1,Infrastructure Modernization,Google Cloud Networking,Tier 3 ➔ Tier 2,August,2026-08-20,29.0,39.0,+10.0,Tier 3,Tier 2,P20220428047,Tier Upgrade,Promoted
KYNRRPEY1,Security,Cloud Security,Tier 4 ➔ Tier 3,August,2026-08-20,19.0,29.0,+10.0,Tier 4,Tier 3,P20220428047,Tier Upgrade,Promoted
KYNRRRMM5,Security,Cloud Security,Tier 4 ➔ Tier 3,August,2026-08-20,19.0,24.0,+5.0,Tier 4,Tier 3,P20220428047,Tier Upgrade,Promoted
KYNAWUYS0,Application Modernization,Google Kubernetes Engine,Tier 4 ➔ Tier 3,August,2026-08-21,10.0,20.0,+10.0,Tier 4,Tier 3,P20220428047,Tier Upgrade,Promoted
KYNVCE721,Artificial Intelligence,Gemini Enterprise Agent Platform,Tier 4 ➔ Tier 3,August,2026-08-21,15.0,20.0,+5.0,Tier 4,Tier 3,P20220428047,Tier Upgrade,Promoted
KYNNPBCM8,Data & Analytics,BigQuery,Tier 4 ➔ Tier 3,August,2026-08-21,10.0,20.0,+10.0,Tier 4,Tier 3,P20220428047,Tier Upgrade,Promoted
KYNAWUYS0,Infrastructure Modernization,Google Compute Engine,Tier 4 ➔ Tier 3,August,2026-08-21,10.0,20.0,+10.0,Tier 4,Tier 3,P20220428047,Tier Upgrade,Promoted
KYNJSLEY6,Infrastructure Modernization,Google Cloud Networking,Tier 4 ➔ Tier 3,August,2026-08-21,15.0,20.0,+5.0,Tier 4,Tier 3,P20220428047,Tier Upgrade,Promoted
KYNPNWBN6,Application Modernization,Google Kubernetes Engine,Tier 4 ➔ Tier 3,August,2026-08-25,19.0,24.0,+5.0,Tier 4,Tier 3,P20220428047,Tier Upgrade,Promoted
KYNMMYQY4,Application Modernization,Google Kubernetes Engine,Tier 4 ➔ Tier 3,August,2026-08-25,19.0,24.0,+5.0,Tier 4,Tier 3,P20220428047,Tier Upgrade,Promoted
KYNEGLLV2,Artificial Intelligence,Gemini Enterprise,Tier 4 ➔ Tier 3,August,2026-08-25,10.0,30.0,+20.0,Tier 4,Tier 3,P20220428047,Tier Upgrade,Promoted
KYNAVDLD1,Artificial Intelligence,Gemini Enterprise Agent Platform,Tier 4 ➔ Tier 3,August,2026-08-25,10.0,25.0,+15.0,Tier 4,Tier 3,P20220428047,Tier Upgrade,Promoted
KYNVKILE1,Artificial Intelligence,Gemini Enterprise Agent Platform,Tier 4 ➔ Tier 3,August,2026-08-25,15.0,30.0,+15.0,Tier 4,Tier 3,P20220428047,Tier Upgrade,Promoted
KYNTRWS10,Data & Analytics,BigQuery,Tier 4 ➔ Tier 3,August,2026-08-25,19.0,24.0,+5.0,Tier 4,Tier 3,P20220428047,Tier Upgrade,Promoted
KYNRLTJW8,Data & Analytics,BigQuery,Tier 4 ➔ Tier 3,August,2026-08-25,18.0,23.0,+5.0,Tier 4,Tier 3,P20220428047,Tier Upgrade,Promoted
KYNTRWS10,Databases,Cloud SQL,Tier 4 ➔ Tier 3,August,2026-08-25,19.0,24.0,+5.0,Tier 4,Tier 3,P20220428047,Tier Upgrade,Promoted
KYNARFWH7,Infrastructure Modernization,Google Cloud Networking,Tier 4 ➔ Tier 3,August,2026-08-25,15.0,20.0,+5.0,Tier 4,Tier 3,P20220428047,Tier Upgrade,Promoted
KYNSCQLL3,Infrastructure Modernization,Google Cloud Networking,Tier 4 ➔ Tier 3,August,2026-08-25,10.0,20.0,+10.0,Tier 4,Tier 3,P20220428047,Tier Upgrade,Promoted
KYNKTEZX9,Infrastructure Modernization,Google Cloud Networking,Tier 3 ➔ Tier 2,August,2026-08-25,30.0,35.0,+5.0,Tier 3,Tier 2,P20220428047,Tier Upgrade,Promoted
KYNSCQLL3,Infrastructure Modernization,Google Compute Engine,Tier 4 ➔ Tier 3,August,2026-08-25,15.0,20.0,+5.0,Tier 4,Tier 3,P20220428047,Tier Upgrade,Promoted
KYNSOPJQ4,Infrastructure Modernization,Google Cloud Networking,Tier 3 ➔ Tier 2,August,2026-08-25,30.0,35.0,+5.0,Tier 3,Tier 2,P20220428047,Tier Upgrade,Promoted
KYNFF2X30,Infrastructure Modernization,Google Compute Engine,Tier 4 ➔ Tier 3,August,2026-08-25,15.0,20.0,+5.0,Tier 4,Tier 3,P20220428047,Tier Upgrade,Promoted
KYNEMPTD3,Security,Cloud Security,Tier 4 ➔ Tier 3,August,2026-08-25,19.0,24.0,+5.0,Tier 4,Tier 3,P20220428047,Tier Upgrade,Promoted
KYNAVDLD1,Security,Cloud Security,Tier 4 ➔ Tier 3,August,2026-08-25,15.0,20.0,+5.0,Tier 4,Tier 3,P20220428047,Tier Upgrade,Promoted
KYNSAURI8,Application Modernization,Google Kubernetes Engine,Tier 4 ➔ Tier 3,August,2026-08-26,15.0,25.0,+10.0,Tier 4,Tier 3,P20220428047,Tier Upgrade,Promoted
KYNSAURI8,Application Modernization,Apigee API Management,Tier 4 ➔ Tier 3,August,2026-08-26,15.0,20.0,+5.0,Tier 4,Tier 3,P20220428047,Tier Upgrade,Promoted
KYNSAURI8,Application Modernization,Cloud Run,Tier 4 ➔ Tier 3,August,2026-08-26,15.0,20.0,+5.0,Tier 4,Tier 3,P20220428047,Tier Upgrade,Promoted
KYNSAURI8,Artificial Intelligence,AI Applications,Tier 4 ➔ Tier 3,August,2026-08-26,15.0,25.0,+10.0,Tier 4,Tier 3,P20220428047,Tier Upgrade,Promoted
KYNGBLHZ6,Artificial Intelligence,Gemini Enterprise,Tier 4 ➔ Tier 3,August,2026-08-26,15.0,20.0,+5.0,Tier 4,Tier 3,P20220428047,Tier Upgrade,Promoted
KYNTRWS10,Artificial Intelligence,Gemini Enterprise,Tier 4 ➔ Tier 3,August,2026-08-26,19.0,24.0,+5.0,Tier 4,Tier 3,P20220428047,Tier Upgrade,Promoted
KYNSAURI8,Data & Analytics,Dataflow,Tier 4 ➔ Tier 3,August,2026-08-26,15.0,25.0,+10.0,Tier 4,Tier 3,P20220428047,Tier Upgrade,Promoted
KYNSAURI8,Data & Analytics,Dataproc,Tier 4 ➔ Tier 3,August,2026-08-26,15.0,20.0,+5.0,Tier 4,Tier 3,P20220428047,Tier Upgrade,Promoted
KYNSAURI8,Data & Analytics,BigQuery,Tier 4 ➔ Tier 3,August,2026-08-26,15.0,20.0,+5.0,Tier 4,Tier 3,P20220428047,Tier Upgrade,Promoted
KYNSAURI8,Security,Security Command Center,Tier 4 ➔ Tier 3,August,2026-08-26,15.0,20.0,+5.0,Tier 4,Tier 3,P20220428047,Tier Upgrade,Promoted
KYNSAURI8,Security,Cloud Security,Tier 4 ➔ Tier 3,August,2026-08-26,15.0,20.0,+5.0,Tier 4,Tier 3,P20220428047,Tier Upgrade,Promoted
KYNLBALC8,Application Modernization,Cloud Run,Tier 4 ➔ Tier 3,August,2026-08-27,14.0,24.0,+10.0,Tier 4,Tier 3,P20220428047,Tier Upgrade,Promoted
KYNPSEDN6,Infrastructure Modernization,Google Compute Engine,Tier 4 ➔ Tier 3,August,2026-08-27,15.0,20.0,+5.0,Tier 4,Tier 3,P20220428047,Tier Upgrade,Promoted
KYNLBALC8,Infrastructure Modernization,Google Cloud VMware Engine,Tier 4 ➔ Tier 3,August,2026-08-27,19.0,24.0,+5.0,Tier 4,Tier 3,P20220428047,Tier Upgrade,Promoted
KYNLBALC8,Security,Cloud Security,Tier 4 ➔ Tier 3,August,2026-08-27,19.0,29.0,+10.0,Tier 4,Tier 3,P20220428047,Tier Upgrade,Promoted
KYNKPIEA8,Artificial Intelligence,Gemini Enterprise Agent Platform,Tier 4 ➔ Tier 3,August,2026-08-28,8.0,28.0,+20.0,Tier 4,Tier 3,P20220428047,Tier Upgrade,Promoted
KYNMTFPG0,Artificial Intelligence,Gemini Enterprise Agent Platform,Tier 4 ➔ Tier 3,August,2026-08-28,17.0,22.0,+5.0,Tier 4,Tier 3,P20220428047,Tier Upgrade,Promoted
KYNEMPTD3,Artificial Intelligence,Gemini Enterprise Agent Platform,Tier 4 ➔ Tier 3,August,2026-08-28,14.0,29.0,+15.0,Tier 4,Tier 3,P20220428047,Tier Upgrade,Promoted
KYNAVBQE5,Artificial Intelligence,Gemini Enterprise Agent Platform,Tier 4 ➔ Tier 3,August,2026-08-28,15.0,25.0,+10.0,Tier 4,Tier 3,P20220428047,Tier Upgrade,Promoted
KYNPBA0S0,Infrastructure Modernization,Google Compute Engine,Tier 4 ➔ Tier 3,August,2026-08-28,15.0,20.0,+5.0,Tier 4,Tier 3,P20220428047,Tier Upgrade,Promoted
KYNDTWOR7,Infrastructure Modernization,Google Compute Engine,Tier 3 ➔ Tier 2,August,2026-08-28,34.0,39.0,+5.0,Tier 3,Tier 2,P20220428047,Tier Upgrade,Promoted
KYNPVJDN0,Infrastructure Modernization,Google Cloud VMware Engine,Tier 4 ➔ Tier 3,August,2026-08-28,19.0,24.0,+5.0,Tier 4,Tier 3,P20220428047,Tier Upgrade,Promoted
KYNPBA0S0,Infrastructure Modernization,Google Cloud Networking,Tier 4 ➔ Tier 3,August,2026-08-28,15.0,20.0,+5.0,Tier 4,Tier 3,P20220428047,Tier Upgrade,Promoted
KYNBETVC3,Security,Cloud Security,Tier 4 ➔ Tier 3,August,2026-08-28,19.0,24.0,+5.0,Tier 4,Tier 3,P20220428047,Tier Upgrade,Promoted
KYNMNZXV4,Artificial Intelligence,Gemini Enterprise,Tier 3 ➔ Tier 2,August,2026-08-30,25.0,35.0,+10.0,Tier 3,Tier 2,P20220428047,Tier Upgrade,Promoted
KYNSUXYB5,Artificial Intelligence,Gemini Enterprise Agent Platform,Tier 4 ➔ Tier 3,August,2026-08-30,19.0,29.0,+10.0,Tier 4,Tier 3,P20220428047,Tier Upgrade,Promoted
KYNDSCIC2,Artificial Intelligence,Gemini Enterprise Agent Platform,Tier 4 ➔ Tier 3,August,2026-08-30,10.0,20.0,+10.0,Tier 4,Tier 3,P20220428047,Tier Upgrade,Promoted
KYNDTWOR7,Artificial Intelligence,Gemini Enterprise Agent Platform,Tier 2 ➔ Tier 1,August,2026-08-30,44.0,54.0,+10.0,Tier 2,Tier 1,P20220428047,Tier Upgrade,Promoted
KYNMJWMY2,Artificial Intelligence,Gemini Enterprise,Tier 4 ➔ Tier 3,August,2026-08-30,15.0,25.0,+10.0,Tier 4,Tier 3,P20220428047,Tier Upgrade,Promoted
KYNAGTAM5,Artificial Intelligence,Gemini Enterprise Agent Platform,Tier 4 ➔ Tier 3,August,2026-08-30,5.0,25.0,+20.0,Tier 4,Tier 3,P20220428047,Tier Upgrade,Promoted
KYNDTWOR7,Data & Analytics,BigQuery,Tier 4 ➔ Tier 3,August,2026-08-30,19.0,24.0,+5.0,Tier 4,Tier 3,P20220428047,Tier Upgrade,Promoted
KYNYIZAW9,Infrastructure Modernization,Google Compute Engine,Tier 4 ➔ Tier 3,August,2026-08-30,16.0,21.0,+5.0,Tier 4,Tier 3,P20220428047,Tier Upgrade,Promoted
KYNHPWJA9,Infrastructure Modernization,Google Compute Engine,Tier 4 ➔ Tier 3,August,2026-08-30,14.0,24.0,+10.0,Tier 4,Tier 3,P20220428047,Tier Upgrade,Promoted
KYNCCCYT5,Infrastructure Modernization,Google Cloud Networking,Tier 3 ➔ Tier 2,August,2026-08-30,30.0,35.0,+5.0,Tier 3,Tier 2,P20220428047,Tier Upgrade,Promoted
KYNFF2X31,Infrastructure Modernization,Google Cloud Networking,Tier 4 ➔ Tier 3,August,2026-08-30,19.0,24.0,+5.0,Tier 4,Tier 3,P20220428047,Tier Upgrade,Promoted
KYNCCCYT5,Infrastructure Modernization,Google Compute Engine,Tier 3 ➔ Tier 2,August,2026-08-30,30.0,35.0,+5.0,Tier 3,Tier 2,P20220428047,Tier Upgrade,Promoted
KYNPVJDN0,Infrastructure Modernization,Google Distributed Cloud,Tier 4 ➔ Tier 3,August,2026-08-30,19.0,24.0,+5.0,Tier 4,Tier 3,P20220428047,Tier Upgrade,Promoted
KYNRCDHG6,Application Modernization,Cloud Run,Tier 4 ➔ Tier 3,August,2026-08-31,15.0,20.0,+5.0,Tier 4,Tier 3,P20220428047,Tier Upgrade,Promoted
KYNYTXOM3,Artificial Intelligence,Gemini Enterprise Agent Platform,Tier 4 ➔ Tier 3,August,2026-08-31,15.0,20.0,+5.0,Tier 4,Tier 3,P20220428047,Tier Upgrade,Promoted
KYNBETVC3,Artificial Intelligence,Gemini Enterprise Agent Platform,Tier 4 ➔ Tier 3,August,2026-08-31,14.0,24.0,+10.0,Tier 4,Tier 3,P20220428047,Tier Upgrade,Promoted
KYNDGVKH4,Artificial Intelligence,Gemini Enterprise,Tier 4 ➔ Tier 3,August,2026-08-31,12.0,22.0,+10.0,Tier 4,Tier 3,P20220428047,Tier Upgrade,Promoted
KYNKSICR3,Artificial Intelligence,GECX - CX Agent Studio,Tier 4 ➔ Tier 3,September,2026-09-01,19.0,34.0,+15.0,Tier 4,Tier 3,P20220428047,Tier Upgrade,Promoted
KYNSAMSW3,Artificial Intelligence,GECX - CX Agent Studio,Tier 4 ➔ Tier 3,September,2026-09-01,17.0,27.0,+10.0,Tier 4,Tier 3,P20220428047,Tier Upgrade,Promoted
KYNJSFNV3,Artificial Intelligence,GECX - CX Agent Studio,Tier 4 ➔ Tier 3,September,2026-09-01,15.0,20.0,+5.0,Tier 4,Tier 3,P20220428047,Tier Upgrade,Promoted
KYNMTWFE4,Artificial Intelligence,GECX - CX Agent Studio,Tier 4 ➔ Tier 3,September,2026-09-01,19.0,29.0,+10.0,Tier 4,Tier 3,P20220428047,Tier Upgrade,Promoted
KYNPG3BT0,Artificial Intelligence,GECX - CX Agent Studio,Tier 4 ➔ Tier 3,September,2026-09-01,19.0,24.0,+5.0,Tier 4,Tier 3,P20220428047,Tier Upgrade,Promoted
KYNMTEMB0,Artificial Intelligence,GECX - CX Agent Studio,Tier 4 ➔ Tier 3,September,2026-09-01,15.0,25.0,+10.0,Tier 4,Tier 3,P20220428047,Tier Upgrade,Promoted
KYNACANF7,Artificial Intelligence,GECX - CX Agent Studio,Tier 4 ➔ Tier 3,September,2026-09-01,19.0,24.0,+5.0,Tier 4,Tier 3,P20220428047,Tier Upgrade,Promoted
KYNPTLTP6,Artificial Intelligence,GECX - CX Agent Studio,Tier 4 ➔ Tier 3,September,2026-09-01,19.0,34.0,+15.0,Tier 4,Tier 3,P20220428047,Tier Upgrade,Promoted
KYNSSZEZ0,Artificial Intelligence,GECX - CX Agent Studio,Tier 4 ➔ Tier 3,September,2026-09-01,15.0,20.0,+5.0,Tier 4,Tier 3,P20220428047,Tier Upgrade,Promoted
KYNFBCJC6,Artificial Intelligence,GECX - CX Agent Studio,Tier 3 ➔ Tier 2,September,2026-09-01,24.0,39.0,+15.0,Tier 3,Tier 2,P20220428047,Tier Upgrade,Promoted
KYNPLNLB3,Artificial Intelligence,GECX - CX Agent Studio,Tier 4 ➔ Tier 3,September,2026-09-01,15.0,20.0,+5.0,Tier 4,Tier 3,P20220428047,Tier Upgrade,Promoted
KYNRIINK5,Artificial Intelligence,GECX - CX Agent Studio,Tier 4 ➔ Tier 3,September,2026-09-01,17.0,32.0,+15.0,Tier 4,Tier 3,P20220428047,Tier Upgrade,Promoted
KYNAHHXH7,Artificial Intelligence,GECX - CX Agent Studio,Tier 4 ➔ Tier 3,September,2026-09-01,19.0,24.0,+5.0,Tier 4,Tier 3,P20220428047,Tier Upgrade,Promoted
KYNUSQVA3,Data & Analytics,BigQuery,Tier 2 ➔ Tier 1,September,2026-09-01,49.0,54.0,+5.0,Tier 2,Tier 1,P20220428047,Tier Upgrade,Promoted
KYNBETVC3,Infrastructure Modernization,Google Compute Engine,Tier 3 ➔ Tier 2,September,2026-09-01,34.0,39.0,+5.0,Tier 3,Tier 2,P20220428047,Tier Upgrade,Promoted
KYNSKWOD9,Infrastructure Modernization,Google Compute Engine,Tier 4 ➔ Tier 3,September,2026-09-01,19.0,24.0,+5.0,Tier 4,Tier 3,P20220428047,Tier Upgrade,Promoted
KYNPSEDN6,Security,Cloud Security,Tier 4 ➔ Tier 3,September,2026-09-01,15.0,20.0,+5.0,Tier 4,Tier 3,P20220428047,Tier Upgrade,Promoted
KYNPWNUA5,Security,Cloud Security,Tier 4 ➔ Tier 3,September,2026-09-02,19.0,24.0,+5.0,Tier 4,Tier 3,P20220428047,Tier Upgrade,Promoted
KYNMDOIX5,Application Modernization,Google Kubernetes Engine,Tier 4 ➔ Tier 3,September,2026-09-03,15.0,20.0,+5.0,Tier 4,Tier 3,P20220428047,Tier Upgrade,Promoted
KYNACJNZ0,Artificial Intelligence,Gemini Enterprise,Tier 4 ➔ Tier 3,September,2026-09-03,15.0,20.0,+5.0,Tier 4,Tier 3,P20220428047,Tier Upgrade,Promoted
KYNAJLOZ0,Artificial Intelligence,Gemini Enterprise Agent Platform,Tier 4 ➔ Tier 3,September,2026-09-03,15.0,20.0,+5.0,Tier 4,Tier 3,P20220428047,Tier Upgrade,Promoted
KYNGMSP41,Application Modernization,Google Kubernetes Engine,Tier 3 ➔ Tier 2,September,2026-09-04,34.0,44.0,+10.0,Tier 3,Tier 2,P20220428047,Tier Upgrade,Promoted
KYNGMSP41,Application Modernization,Cloud Run,Tier 4 ➔ Tier 3,September,2026-09-04,14.0,24.0,+10.0,Tier 4,Tier 3,P20220428047,Tier Upgrade,Promoted
KYNJJLEI3,Data & Analytics,Looker,Tier 4 ➔ Tier 3,September,2026-09-04,11.0,21.0,+10.0,Tier 4,Tier 3,P20220428047,Tier Upgrade,Promoted
KYNJJLEI3,Data & Analytics,Dataproc,Tier 4 ➔ Tier 3,September,2026-09-04,11.0,21.0,+10.0,Tier 4,Tier 3,P20220428047,Tier Upgrade,Promoted
KYNJJLEI3,Data & Analytics,Dataflow,Tier 2 ➔ Tier 1,September,2026-09-04,41.0,51.0,+10.0,Tier 2,Tier 1,P20220428047,Tier Upgrade,Promoted
KYNGMSP41,Data & Analytics,BigQuery,Tier 4 ➔ Tier 3,September,2026-09-04,14.0,24.0,+10.0,Tier 4,Tier 3,P20220428047,Tier Upgrade,Promoted
KYNJJLEI3,Data & Analytics,BigQuery,Tier 3 ➔ Tier 2,September,2026-09-04,31.0,41.0,+10.0,Tier 3,Tier 2,P20220428047,Tier Upgrade,Promoted
KYNHCMUC3,Infrastructure Modernization,Google Compute Engine,Tier 4 ➔ Tier 3,September,2026-09-04,10.0,20.0,+10.0,Tier 4,Tier 3,P20220428047,Tier Upgrade,Promoted
KYNJLZKJ3,Infrastructure Modernization,SAP on Google Cloud,Tier 2 ➔ Tier 1,September,2026-09-04,39.0,59.0,+20.0,Tier 2,Tier 1,P20220428047,Tier Upgrade,Promoted
KYNJLZKJ3,Infrastructure Modernization,Google Compute Engine,Tier 2 ➔ Tier 1,September,2026-09-04,49.0,59.0,+10.0,Tier 2,Tier 1,P20220428047,Tier Upgrade,Promoted
KYNRGTBE9,Application Modernization,Google Kubernetes Engine,Tier 4 ➔ Tier 3,September,2026-09-06,14.0,29.0,+15.0,Tier 4,Tier 3,P20220428047,Tier Upgrade,Promoted
KYNPWNUA5,Artificial Intelligence,Gemini Enterprise Agent Platform,Tier 4 ➔ Tier 3,September,2026-09-06,19.0,29.0,+10.0,Tier 4,Tier 3,P20220428047,Tier Upgrade,Promoted
KYNRGTBE9,Infrastructure Modernization,Google Distributed Cloud,Tier 4 ➔ Tier 3,September,2026-09-06,19.0,29.0,+10.0,Tier 4,Tier 3,P20220428047,Tier Upgrade,Promoted
KYNSASUN8,Artificial Intelligence,Gemini Enterprise Agent Platform,Tier 4 ➔ Tier 3,September,2026-09-07,15.0,25.0,+10.0,Tier 4,Tier 3,P20220428047,Tier Upgrade,Promoted
KYNRGTBE9,Infrastructure Modernization,Google Compute Engine,Tier 4 ➔ Tier 3,September,2026-09-07,19.0,29.0,+10.0,Tier 4,Tier 3,P20220428047,Tier Upgrade,Promoted
KYNPRCHB9,Workspace,Workspace,Tier 4 ➔ Tier 3,September,2026-09-08,15.0,25.0,+10.0,Tier 4,Tier 3,P20220428047,Tier Upgrade,Promoted
KYNSSRZE5,Artificial Intelligence,Gemini Enterprise Agent Platform,Tier 4 ➔ Tier 3,September,2026-09-09,10.0,20.0,+10.0,Tier 4,Tier 3,P20220428047,Tier Upgrade,Promoted
KYNFKEMZ7,Artificial Intelligence,Gemini Enterprise,Tier 3 ➔ Tier 2,September,2026-09-09,25.0,35.0,+10.0,Tier 3,Tier 2,P20220428047,Tier Upgrade,Promoted
KYNHPWJA9,Artificial Intelligence,Gemini Enterprise,Tier 4 ➔ Tier 3,September,2026-09-09,14.0,24.0,+10.0,Tier 4,Tier 3,P20220428047,Tier Upgrade,Promoted
KYNNS0290,Artificial Intelligence,Gemini Enterprise,Tier 4 ➔ Tier 3,September,2026-09-10,10.0,20.0,+10.0,Tier 4,Tier 3,P20220428047,Tier Upgrade,Promoted
KYNJGDYM5,Artificial Intelligence,Gemini Enterprise Agent Platform,Tier 4 ➔ Tier 3,September,2026-09-10,10.0,20.0,+10.0,Tier 4,Tier 3,P20220428047,Tier Upgrade,Promoted
KYNSSRZE5,Artificial Intelligence,Gemini Enterprise Agent Platform,Tier 3 ➔ Tier 2,September,2026-09-11,25.0,40.0,+15.0,Tier 3,Tier 2,P20220428047,Tier Upgrade,Promoted
KYNSKSJN1,Artificial Intelligence,Gemini Enterprise Agent Platform,Tier 3 ➔ Tier 2,September,2026-09-11,30.0,40.0,+10.0,Tier 3,Tier 2,P20220428047,Tier Upgrade,Promoted
KYNKSTDZ2,Artificial Intelligence,Gemini Enterprise Agent Platform,Tier 4 ➔ Tier 3,September,2026-09-11,15.0,20.0,+5.0,Tier 4,Tier 3,P20220428047,Tier Upgrade,Promoted
KYNSDMEZ5,Artificial Intelligence,Gemini Enterprise Agent Platform,Tier 3 ➔ Tier 2,September,2026-09-11,32.0,42.0,+10.0,Tier 3,Tier 2,P20220428047,Tier Upgrade,Promoted
KYNNS0290,Artificial Intelligence,Gemini Enterprise Agent Platform,Tier 3 ➔ Tier 2,September,2026-09-11,30.0,35.0,+5.0,Tier 3,Tier 2,P20220428047,Tier Upgrade,Promoted
KYNSASUN8,Artificial Intelligence,Gemini Enterprise Agent Platform,Tier 3 ➔ Tier 2,September,2026-09-11,30.0,35.0,+5.0,Tier 3,Tier 2,P20220428047,Tier Upgrade,Promoted
KYNMDOIX5,Infrastructure Modernization,Google Cloud Networking,Tier 4 ➔ Tier 3,September,2026-09-11,15.0,20.0,+5.0,Tier 4,Tier 3,P20220428047,Tier Upgrade,Promoted
KYNAHHXH7,Infrastructure Modernization,Google Cloud Networking,Tier 3 ➔ Tier 2,September,2026-09-11,34.0,39.0,+5.0,Tier 3,Tier 2,P20220428047,Tier Upgrade,Promoted
KYNJGMFX8,Application Modernization,Google Kubernetes Engine,Tier 4 ➔ Tier 3,September,2026-09-13,14.0,24.0,+10.0,Tier 4,Tier 3,P20220428047,Tier Upgrade,Promoted
KYNJGMFX8,Infrastructure Modernization,Google Cloud Networking,Tier 4 ➔ Tier 3,September,2026-09-13,14.0,29.0,+15.0,Tier 4,Tier 3,P20220428047,Tier Upgrade,Promoted
KYNJGMFX8,Infrastructure Modernization,Google Compute Engine,Tier 4 ➔ Tier 3,September,2026-09-13,14.0,29.0,+15.0,Tier 4,Tier 3,P20220428047,Tier Upgrade,Promoted
KYNRGTBE9,Infrastructure Modernization,Google Compute Engine,Tier 3 ➔ Tier 2,September,2026-09-13,34.0,39.0,+5.0,Tier 3,Tier 2,P20220428047,Tier Upgrade,Promoted
KYNRGTBE9,Application Modernization,Google Kubernetes Engine,Tier 3 ➔ Tier 2,September,2026-09-14,34.0,39.0,+5.0,Tier 3,Tier 2,P20220428047,Tier Upgrade,Promoted
KYNJDMBB2,Artificial Intelligence,Gemini Enterprise Agent Platform,Tier 4 ➔ Tier 3,September,2026-09-14,15.0,20.0,+5.0,Tier 4,Tier 3,P20220428047,Tier Upgrade,Promoted
KYNPSJTN3,Artificial Intelligence,Gemini Enterprise,Tier 3 ➔ Tier 2,September,2026-09-14,29.0,39.0,+10.0,Tier 3,Tier 2,P20220428047,Tier Upgrade,Promoted
KYNRSMEI0,Infrastructure Modernization,Google Cloud Networking,Tier 4 ➔ Tier 3,September,2026-09-14,15.0,20.0,+5.0,Tier 4,Tier 3,P20220428047,Tier Upgrade,Promoted
KYNPSJTN3,Infrastructure Modernization,Google Compute Engine,Tier 4 ➔ Tier 3,September,2026-09-14,19.0,24.0,+5.0,Tier 4,Tier 3,P20220428047,Tier Upgrade,Promoted
KYNRGTBE9,Infrastructure Modernization,Google Cloud Networking,Tier 4 ➔ Tier 3,September,2026-09-14,19.0,24.0,+5.0,Tier 4,Tier 3,P20220428047,Tier Upgrade,Promoted
KYNKSTDZ2,Artificial Intelligence,Gemini Enterprise Agent Platform,Tier 3 ➔ Tier 2,September,2026-09-15,20.0,35.0,+15.0,Tier 3,Tier 2,P20220428047,Tier Upgrade,Promoted
KYNMDOIX5,Infrastructure Modernization,Google Compute Engine,Tier 4 ➔ Tier 3,September,2026-09-15,15.0,20.0,+5.0,Tier 4,Tier 3,P20220428047,Tier Upgrade,Promoted
KYNEREWQ7,Application Modernization,Google Kubernetes Engine,Tier 4 ➔ Tier 3,September,2026-09-16,15.0,20.0,+5.0,Tier 4,Tier 3,P20220428047,Tier Upgrade,Promoted
KYNAJLOZ0,Artificial Intelligence,Gemini Enterprise Agent Platform,Tier 3 ➔ Tier 2,September,2026-09-16,30.0,40.0,+10.0,Tier 3,Tier 2,P20220428047,Tier Upgrade,Promoted
KYNNSBJL4,Artificial Intelligence,Gemini Enterprise Agent Platform,Tier 3 ➔ Tier 2,September,2026-09-16,30.0,35.0,+5.0,Tier 3,Tier 2,P20220428047,Tier Upgrade,Promoted
KYNKYZGN7,Artificial Intelligence,AI Applications,Tier 4 ➔ Tier 3,September,2026-09-16,19.0,29.0,+10.0,Tier 4,Tier 3,P20220428047,Tier Upgrade,Promoted
KYNABNER2,Artificial Intelligence,Gemini Enterprise,Tier 4 ➔ Tier 3,September,2026-09-16,19.0,24.0,+5.0,Tier 4,Tier 3,P20220428047,Tier Upgrade,Promoted
KYNCSOME0,Data & Analytics,Looker,Tier 4 ➔ Tier 3,September,2026-09-16,15.0,20.0,+5.0,Tier 4,Tier 3,P20220428047,Tier Upgrade,Promoted
KYNMBOOI9,Infrastructure Modernization,Google Compute Engine,Tier 4 ➔ Tier 3,September,2026-09-16,15.0,20.0,+5.0,Tier 4,Tier 3,P20220428047,Tier Upgrade,Promoted
KYNSKWBQ4,Application Modernization,Google Kubernetes Engine,Tier 4 ➔ Tier 3,September,2026-09-17,15.0,20.0,+5.0,Tier 4,Tier 3,P20220428047,Tier Upgrade,Promoted
KYNEAIFB2,Artificial Intelligence,Gemini Enterprise,Tier 4 ➔ Tier 3,September,2026-09-17,5.0,25.0,+20.0,Tier 4,Tier 3,P20220428047,Tier Upgrade,Promoted
KYNSKTDM3,Artificial Intelligence,Gemini Enterprise Agent Platform,Tier 4 ➔ Tier 3,September,2026-09-17,14.0,24.0,+10.0,Tier 4,Tier 3,P20220428047,Tier Upgrade,Promoted
KYNRDHBL4,Artificial Intelligence,Gemini Enterprise Agent Platform,Tier 4 ➔ Tier 3,September,2026-09-17,5.0,20.0,+15.0,Tier 4,Tier 3,P20220428047,Tier Upgrade,Promoted
KYNMTFPG0,Artificial Intelligence,Gemini Enterprise Agent Platform,Tier 3 ➔ Tier 2,September,2026-09-17,32.0,42.0,+10.0,Tier 3,Tier 2,P20220428047,Tier Upgrade,Promoted
KYNMTWFE4,Data & Analytics,BigQuery,Tier 3 ➔ Tier 2,September,2026-09-17,34.0,39.0,+5.0,Tier 3,Tier 2,P20220428047,Tier Upgrade,Promoted
KYNTAGEX9,Data & Analytics,BigQuery,Tier 4 ➔ Tier 3,September,2026-09-17,15.0,20.0,+5.0,Tier 4,Tier 3,P20220428047,Tier Upgrade,Promoted
KYNSSBCN0,Data & Analytics,BigQuery,Tier 3 ➔ Tier 2,September,2026-09-17,34.0,39.0,+5.0,Tier 3,Tier 2,P20220428047,Tier Upgrade,Promoted
KYNNMIKZ0,Data & Analytics,BigQuery,Tier 4 ➔ Tier 3,September,2026-09-17,15.0,20.0,+5.0,Tier 4,Tier 3,P20220428047,Tier Upgrade,Promoted
KYNDPDMA0,Data & Analytics,BigQuery,Tier 4 ➔ Tier 3,September,2026-09-17,15.0,20.0,+5.0,Tier 4,Tier 3,P20220428047,Tier Upgrade,Promoted
KYNPG3BT0,Data & Analytics,BigQuery,Tier 4 ➔ Tier 3,September,2026-09-17,19.0,24.0,+5.0,Tier 4,Tier 3,P20220428047,Tier Upgrade,Promoted
KYNRASBI2,Data & Analytics,BigQuery,Tier 4 ➔ Tier 3,September,2026-09-17,17.0,22.0,+5.0,Tier 4,Tier 3,P20220428047,Tier Upgrade,Promoted
KYNCKRTP5,Data & Analytics,BigQuery,Tier 4 ➔ Tier 3,September,2026-09-17,15.0,20.0,+5.0,Tier 4,Tier 3,P20220428047,Tier Upgrade,Promoted
KYNHMIXY8,Data & Analytics,BigQuery,Tier 4 ➔ Tier 3,September,2026-09-17,15.0,20.0,+5.0,Tier 4,Tier 3,P20220428047,Tier Upgrade,Promoted
KYNMHNVS5,Data & Analytics,BigQuery,Tier 4 ➔ Tier 3,September,2026-09-17,16.0,21.0,+5.0,Tier 4,Tier 3,P20220428047,Tier Upgrade,Promoted
KYNPSCYL4,Data & Analytics,BigQuery,Tier 4 ➔ Tier 3,September,2026-09-17,17.0,22.0,+5.0,Tier 4,Tier 3,P20220428047,Tier Upgrade,Promoted
KYNDJYWN1,Data & Analytics,BigQuery,Tier 3 ➔ Tier 2,September,2026-09-17,30.0,35.0,+5.0,Tier 3,Tier 2,P20220428047,Tier Upgrade,Promoted
KYNSYVGG3,Data & Analytics,BigQuery,Tier 4 ➔ Tier 3,September,2026-09-17,15.0,20.0,+5.0,Tier 4,Tier 3,P20220428047,Tier Upgrade,Promoted
KYNTMABI8,Data & Analytics,BigQuery,Tier 4 ➔ Tier 3,September,2026-09-17,18.0,23.0,+5.0,Tier 4,Tier 3,P20220428047,Tier Upgrade,Promoted
KYNZYCBG9,Data & Analytics,BigQuery,Tier 4 ➔ Tier 3,September,2026-09-17,17.0,22.0,+5.0,Tier 4,Tier 3,P20220428047,Tier Upgrade,Promoted
KYNZZJBB7,Data & Analytics,BigQuery,Tier 4 ➔ Tier 3,September,2026-09-17,15.0,20.0,+5.0,Tier 4,Tier 3,P20220428047,Tier Upgrade,Promoted
KYNMZXYZ7,Data & Analytics,BigQuery,Tier 4 ➔ Tier 3,September,2026-09-17,15.0,20.0,+5.0,Tier 4,Tier 3,P20220428047,Tier Upgrade,Promoted
KYNDMGJL6,Data & Analytics,BigQuery,Tier 3 ➔ Tier 2,September,2026-09-17,30.0,35.0,+5.0,Tier 3,Tier 2,P20220428047,Tier Upgrade,Promoted
KYNAKYMB8,Infrastructure Modernization,Google Distributed Cloud,Tier 4 ➔ Tier 3,September,2026-09-17,19.0,24.0,+5.0,Tier 4,Tier 3,P20220428047,Tier Upgrade,Promoted
KYNGMSP40,Infrastructure Modernization,Google Cloud Networking,Tier 3 ➔ Tier 2,September,2026-09-17,30.0,35.0,+5.0,Tier 3,Tier 2,P20220428047,Tier Upgrade,Promoted
KYNCKMGC0,Infrastructure Modernization,Google Compute Engine,Tier 3 ➔ Tier 2,September,2026-09-17,34.0,39.0,+5.0,Tier 3,Tier 2,P20220428047,Tier Upgrade,Promoted
KYNRCEBP7,Application Modernization,Google Kubernetes Engine,Tier 4 ➔ Tier 3,September,2026-09-18,18.0,23.0,+5.0,Tier 4,Tier 3,P20220428047,Tier Upgrade,Promoted
KYNPMDAB7,Application Modernization,Google Kubernetes Engine,Tier 4 ➔ Tier 3,September,2026-09-18,15.0,20.0,+5.0,Tier 4,Tier 3,P20220428047,Tier Upgrade,Promoted
KYNFLUKR9,Application Modernization,Google Kubernetes Engine,Tier 3 ➔ Tier 2,September,2026-09-18,25.0,35.0,+10.0,Tier 3,Tier 2,P20220428047,Tier Upgrade,Promoted
KYNSDOIP2,Application Modernization,Google Kubernetes Engine,Tier 4 ➔ Tier 3,September,2026-09-18,10.0,20.0,+10.0,Tier 4,Tier 3,P20220428047,Tier Upgrade,Promoted
KYNDBNFI3,Artificial Intelligence,Gemini Enterprise Agent Platform,Tier 4 ➔ Tier 3,September,2026-09-18,10.0,20.0,+10.0,Tier 4,Tier 3,P20220428047,Tier Upgrade,Promoted
KYNSKTDM3,Artificial Intelligence,Gemini Enterprise Agent Platform,Tier 3 ➔ Tier 2,September,2026-09-18,24.0,39.0,+15.0,Tier 3,Tier 2,P20220428047,Tier Upgrade,Promoted
KYNKKDTC9,Artificial Intelligence,Gemini Enterprise Agent Platform,Tier 4 ➔ Tier 3,September,2026-09-18,5.0,20.0,+15.0,Tier 4,Tier 3,P20220428047,Tier Upgrade,Promoted
KYNRDHBL4,Artificial Intelligence,Gemini Enterprise Agent Platform,Tier 3 ➔ Tier 2,September,2026-09-18,20.0,40.0,+20.0,Tier 3,Tier 2,P20220428047,Tier Upgrade,Promoted
KYNFLUKR9,Artificial Intelligence,Gemini Enterprise Agent Platform,Tier 4 ➔ Tier 3,September,2026-09-18,15.0,20.0,+5.0,Tier 4,Tier 3,P20220428047,Tier Upgrade,Promoted
KYNSVNNL2,Artificial Intelligence,Gemini Enterprise Agent Platform,Tier 3 ➔ Tier 2,September,2026-09-18,30.0,40.0,+10.0,Tier 3,Tier 2,P20220428047,Tier Upgrade,Promoted
KYNNSBJL4,Data & Analytics,BigQuery,Tier 3 ➔ Tier 2,September,2026-09-18,30.0,35.0,+5.0,Tier 3,Tier 2,P20220428047,Tier Upgrade,Promoted
KYNNSBJL4,Databases,Cloud SQL,Tier 4 ➔ Tier 3,September,2026-09-18,15.0,20.0,+5.0,Tier 4,Tier 3,P20220428047,Tier Upgrade,Promoted
KYNRCEBP7,Infrastructure Modernization,Google Cloud Networking,Tier 4 ➔ Tier 3,September,2026-09-18,18.0,23.0,+5.0,Tier 4,Tier 3,P20220428047,Tier Upgrade,Promoted
KYNSDOIP2,Infrastructure Modernization,Google Cloud Networking,Tier 4 ➔ Tier 3,September,2026-09-18,10.0,20.0,+10.0,Tier 4,Tier 3,P20220428047,Tier Upgrade,Promoted
KYNFLUKR9,Infrastructure Modernization,Google Cloud Networking,Tier 3 ➔ Tier 2,September,2026-09-18,30.0,35.0,+5.0,Tier 3,Tier 2,P20220428047,Tier Upgrade,Promoted
KYNCMJFQ5,Infrastructure Modernization,Google Cloud Networking,Tier 4 ➔ Tier 3,September,2026-09-18,15.0,20.0,+5.0,Tier 4,Tier 3,P20220428047,Tier Upgrade,Promoted
KYNNSBJL4,Security,Cloud Security,Tier 4 ➔ Tier 3,September,2026-09-18,15.0,20.0,+5.0,Tier 4,Tier 3,P20220428047,Tier Upgrade,Promoted
KYNFLUKR9,Security,Cloud Security,Tier 4 ➔ Tier 3,September,2026-09-18,15.0,20.0,+5.0,Tier 4,Tier 3,P20220428047,Tier Upgrade,Promoted
KYNRAXRS0,Application Modernization,Google Kubernetes Engine,Tier 4 ➔ Tier 3,September,2026-09-19,18.0,23.0,+5.0,Tier 4,Tier 3,P20220428047,Tier Upgrade,Promoted
KYNREOUE4,Application Modernization,Google Kubernetes Engine,Tier 4 ➔ Tier 3,September,2026-09-19,19.0,24.0,+5.0,Tier 4,Tier 3,P20220428047,Tier Upgrade,Promoted
KYNRTLQG2,Application Modernization,Google Kubernetes Engine,Tier 4 ➔ Tier 3,September,2026-09-19,19.0,24.0,+5.0,Tier 4,Tier 3,P20220428047,Tier Upgrade,Promoted
KYNRTLQG2,Infrastructure Modernization,Google Cloud Networking,Tier 4 ➔ Tier 3,September,2026-09-19,19.0,24.0,+5.0,Tier 4,Tier 3,P20220428047,Tier Upgrade,Promoted
KYNRAXRS0,Infrastructure Modernization,Google Compute Engine,Tier 4 ➔ Tier 3,September,2026-09-19,18.0,23.0,+5.0,Tier 4,Tier 3,P20220428047,Tier Upgrade,Promoted
KYNREOUE4,Artificial Intelligence,Gemini Enterprise Agent Platform,Tier 3 ➔ Tier 2,September,2026-09-20,34.0,44.0,+10.0,Tier 3,Tier 2,P20220428047,Tier Upgrade,Promoted
KYNRPGLH2,Infrastructure Modernization,Google Cloud Networking,Tier 4 ➔ Tier 3,September,2026-09-20,14.0,24.0,+10.0,Tier 4,Tier 3,P20220428047,Tier Upgrade,Promoted
KYNREOUE4,Infrastructure Modernization,Google Compute Engine,Tier 3 ➔ Tier 2,September,2026-09-20,34.0,39.0,+5.0,Tier 3,Tier 2,P20220428047,Tier Upgrade,Promoted
KYNGGPJZ5,Infrastructure Modernization,Google Cloud Networking,Tier 3 ➔ Tier 2,September,2026-09-20,30.0,35.0,+5.0,Tier 3,Tier 2,P20220428047,Tier Upgrade,Promoted
KYNRTLQG2,Infrastructure Modernization,Google Compute Engine,Tier 3 ➔ Tier 2,September,2026-09-20,34.0,39.0,+5.0,Tier 3,Tier 2,P20220428047,Tier Upgrade,Promoted
KYNRBUTR3,Infrastructure Modernization,Google Compute Engine,Tier 4 ➔ Tier 3,September,2026-09-20,19.0,24.0,+5.0,Tier 4,Tier 3,P20220428047,Tier Upgrade,Promoted
KYNACIUL3,Application Modernization,Google Kubernetes Engine,Tier 2 ➔ Tier 1,September,2026-09-21,49.0,54.0,+5.0,Tier 2,Tier 1,P20220428047,Tier Upgrade,Promoted
KYNLRWK90,Security,Cloud Security,Tier 4 ➔ Tier 3,September,2026-09-21,19.0,24.0,+5.0,Tier 4,Tier 3,P20220428047,Tier Upgrade,Promoted
KYNJGMFX8,Application Modernization,Cloud Run,Tier 4 ➔ Tier 3,September,2026-09-22,19.0,24.0,+5.0,Tier 4,Tier 3,P20220428047,Tier Upgrade,Promoted
KYNDBNFI3,Artificial Intelligence,Gemini Enterprise Agent Platform,Tier 3 ➔ Tier 2,September,2026-09-22,20.0,35.0,+15.0,Tier 3,Tier 2,P20220428047,Tier Upgrade,Promoted
KYNGGPJZ5,Infrastructure Modernization,Google Compute Engine,Tier 3 ➔ Tier 2,September,2026-09-22,30.0,35.0,+5.0,Tier 3,Tier 2,P20220428047,Tier Upgrade,Promoted
KYNGGPJZ5,Security,Cloud Security,Tier 4 ➔ Tier 3,September,2026-09-22,15.0,20.0,+5.0,Tier 4,Tier 3,P20220428047,Tier Upgrade,Promoted
KYNPKGFT2,Application Modernization,Google Kubernetes Engine,Tier 4 ➔ Tier 3,September,2026-09-23,10.0,20.0,+10.0,Tier 4,Tier 3,P20220428047,Tier Upgrade,Promoted
KYNPHONA2,Application Modernization,Google Kubernetes Engine,Tier 4 ➔ Tier 3,September,2026-09-23,15.0,25.0,+10.0,Tier 4,Tier 3,P20220428047,Tier Upgrade,Promoted
KYNMCURO2,Application Modernization,Google Kubernetes Engine,Tier 2 ➔ Tier 1,September,2026-09-23,39.0,54.0,+15.0,Tier 2,Tier 1,P20220428047,Tier Upgrade,Promoted
KYNSCPXQ2,Application Modernization,Cloud Run,Tier 4 ➔ Tier 3,September,2026-09-23,16.0,21.0,+5.0,Tier 4,Tier 3,P20220428047,Tier Upgrade,Promoted
KYNJBSLK2,Application Modernization,Cloud Run,Tier 3 ➔ Tier 2,September,2026-09-23,29.0,39.0,+10.0,Tier 3,Tier 2,P20220428047,Tier Upgrade,Promoted
KYNAQWFG9,Application Modernization,Google Kubernetes Engine,Tier 4 ➔ Tier 3,September,2026-09-23,10.0,20.0,+10.0,Tier 4,Tier 3,P20220428047,Tier Upgrade,Promoted
KYNJPHAD7,Application Modernization,Google Kubernetes Engine,Tier 4 ➔ Tier 3,September,2026-09-23,10.0,20.0,+10.0,Tier 4,Tier 3,P20220428047,Tier Upgrade,Promoted
KYNADNLB6,Application Modernization,Google Kubernetes Engine,Tier 4 ➔ Tier 3,September,2026-09-23,19.0,24.0,+5.0,Tier 4,Tier 3,P20220428047,Tier Upgrade,Promoted
KYNMCURO2,Application Modernization,Cloud Run,Tier 3 ➔ Tier 2,September,2026-09-23,24.0,39.0,+15.0,Tier 3,Tier 2,P20220428047,Tier Upgrade,Promoted
KYNKMV2W0,Application Modernization,Google Kubernetes Engine,Tier 4 ➔ Tier 3,September,2026-09-23,10.0,25.0,+15.0,Tier 4,Tier 3,P20220428047,Tier Upgrade,Promoted
KYNMZXYZ7,Application Modernization,Cloud Run,Tier 4 ➔ Tier 3,September,2026-09-23,15.0,25.0,+10.0,Tier 4,Tier 3,P20220428047,Tier Upgrade,Promoted
KYNDSDRN9,Application Modernization,Cloud Run,Tier 4 ➔ Tier 3,September,2026-09-23,14.0,24.0,+10.0,Tier 4,Tier 3,P20220428047,Tier Upgrade,Promoted
KYNYBYYP5,Application Modernization,Google Kubernetes Engine,Tier 4 ➔ Tier 3,September,2026-09-23,12.0,22.0,+10.0,Tier 4,Tier 3,P20220428047,Tier Upgrade,Promoted
KYNDSDRN9,Application Modernization,Google Kubernetes Engine,Tier 4 ➔ Tier 3,September,2026-09-23,19.0,29.0,+10.0,Tier 4,Tier 3,P20220428047,Tier Upgrade,Promoted
KYNNSBTY6,Application Modernization,Google Kubernetes Engine,Tier 4 ➔ Tier 3,September,2026-09-23,10.0,20.0,+10.0,Tier 4,Tier 3,P20220428047,Tier Upgrade,Promoted
KYNAGMWL5,Application Modernization,Google Kubernetes Engine,Tier 4 ➔ Tier 3,September,2026-09-23,19.0,29.0,+10.0,Tier 4,Tier 3,P20220428047,Tier Upgrade,Promoted
KYNECIJU1,Application Modernization,Cloud Run,Tier 4 ➔ Tier 3,September,2026-09-23,13.0,23.0,+10.0,Tier 4,Tier 3,P20220428047,Tier Upgrade,Promoted
KYNEZABN8,Application Modernization,Google Kubernetes Engine,Tier 4 ➔ Tier 3,September,2026-09-23,15.0,20.0,+5.0,Tier 4,Tier 3,P20220428047,Tier Upgrade,Promoted
KYNLSRMP0,Application Modernization,Google Kubernetes Engine,Tier 4 ➔ Tier 3,September,2026-09-23,15.0,25.0,+10.0,Tier 4,Tier 3,P20220428047,Tier Upgrade,Promoted
KYNSNISF5,Application Modernization,Cloud Run,Tier 4 ➔ Tier 3,September,2026-09-23,15.0,20.0,+5.0,Tier 4,Tier 3,P20220428047,Tier Upgrade,Promoted
KYNVCE721,Application Modernization,Cloud Run,Tier 4 ➔ Tier 3,September,2026-09-23,5.0,20.0,+15.0,Tier 4,Tier 3,P20220428047,Tier Upgrade,Promoted
KYNRKXFY6,Application Modernization,Apigee API Management,Tier 4 ➔ Tier 3,September,2026-09-23,14.0,24.0,+10.0,Tier 4,Tier 3,P20220428047,Tier Upgrade,Promoted
KYNSHZRQ6,Application Modernization,Google Kubernetes Engine,Tier 4 ➔ Tier 3,September,2026-09-23,15.0,20.0,+5.0,Tier 4,Tier 3,P20220428047,Tier Upgrade,Promoted
KYNAAZM41,Application Modernization,Google Kubernetes Engine,Tier 4 ➔ Tier 3,September,2026-09-23,14.0,24.0,+10.0,Tier 4,Tier 3,P20220428047,Tier Upgrade,Promoted
KYNPAESX8,Application Modernization,Google Kubernetes Engine,Tier 4 ➔ Tier 3,September,2026-09-23,15.0,25.0,+10.0,Tier 4,Tier 3,P20220428047,Tier Upgrade,Promoted
KYNJCLNC7,Application Modernization,Google Kubernetes Engine,Tier 4 ➔ Tier 3,September,2026-09-23,15.0,20.0,+5.0,Tier 4,Tier 3,P20220428047,Tier Upgrade,Promoted
KYNJBSLK2,Application Modernization,Google Kubernetes Engine,Tier 3 ➔ Tier 2,September,2026-09-23,29.0,39.0,+10.0,Tier 3,Tier 2,P20220428047,Tier Upgrade,Promoted
KYNMZXYZ7,Application Modernization,Google Kubernetes Engine,Tier 3 ➔ Tier 2,September,2026-09-23,25.0,35.0,+10.0,Tier 3,Tier 2,P20220428047,Tier Upgrade,Promoted
KYNTSVIL6,Application Modernization,Cloud Run,Tier 4 ➔ Tier 3,September,2026-09-23,15.0,20.0,+5.0,Tier 4,Tier 3,P20220428047,Tier Upgrade,Promoted
KYNAGMWL5,Application Modernization,Cloud Run,Tier 4 ➔ Tier 3,September,2026-09-23,14.0,24.0,+10.0,Tier 4,Tier 3,P20220428047,Tier Upgrade,Promoted
KYNVVHCK5,Application Modernization,Apigee API Management,Tier 4 ➔ Tier 3,September,2026-09-23,14.0,24.0,+10.0,Tier 4,Tier 3,P20220428047,Tier Upgrade,Promoted
KYNSCQLL3,Application Modernization,Google Kubernetes Engine,Tier 4 ➔ Tier 3,September,2026-09-23,15.0,20.0,+5.0,Tier 4,Tier 3,P20220428047,Tier Upgrade,Promoted
KYNAPG5O1,Application Modernization,Google Kubernetes Engine,Tier 4 ➔ Tier 3,September,2026-09-23,5.0,20.0,+15.0,Tier 4,Tier 3,P20220428047,Tier Upgrade,Promoted
KYNSV7K12,Application Modernization,Google Kubernetes Engine,Tier 3 ➔ Tier 2,September,2026-09-23,20.0,35.0,+15.0,Tier 3,Tier 2,P20220428047,Tier Upgrade,Promoted
KYNMNNHH5,Application Modernization,Cloud Run,Tier 4 ➔ Tier 3,September,2026-09-23,12.0,22.0,+10.0,Tier 4,Tier 3,P20220428047,Tier Upgrade,Promoted
KYNMYONM6,Application Modernization,Cloud Run,Tier 4 ➔ Tier 3,September,2026-09-23,19.0,24.0,+5.0,Tier 4,Tier 3,P20220428047,Tier Upgrade,Promoted
KYNCQWZR9,Application Modernization,Google Kubernetes Engine,Tier 4 ➔ Tier 3,September,2026-09-23,19.0,24.0,+5.0,Tier 4,Tier 3,P20220428047,Tier Upgrade,Promoted
KYNAPBQM1,Application Modernization,Google Kubernetes Engine,Tier 4 ➔ Tier 3,September,2026-09-23,15.0,20.0,+5.0,Tier 4,Tier 3,P20220428047,Tier Upgrade,Promoted
KYNUSQVA3,Application Modernization,Google Kubernetes Engine,Tier 2 ➔ Tier 1,September,2026-09-23,49.0,54.0,+5.0,Tier 2,Tier 1,P20220428047,Tier Upgrade,Promoted
KYNSV7K12,Application Modernization,Cloud Run,Tier 4 ➔ Tier 3,September,2026-09-23,10.0,25.0,+15.0,Tier 4,Tier 3,P20220428047,Tier Upgrade,Promoted
KYNMCURO2,Application Modernization,Apigee API Management,Tier 4 ➔ Tier 3,September,2026-09-23,9.0,24.0,+15.0,Tier 4,Tier 3,P20220428047,Tier Upgrade,Promoted
KYNSL2OL0,Application Modernization,Google Kubernetes Engine,Tier 4 ➔ Tier 3,September,2026-09-23,15.0,20.0,+5.0,Tier 4,Tier 3,P20220428047,Tier Upgrade,Promoted
KYNSSDRC1,Application Modernization,Google Kubernetes Engine,Tier 4 ➔ Tier 3,September,2026-09-23,15.0,20.0,+5.0,Tier 4,Tier 3,P20220428047,Tier Upgrade,Promoted
KYNNMWV71,Artificial Intelligence,Gemini Enterprise,Tier 4 ➔ Tier 3,September,2026-09-23,15.0,20.0,+5.0,Tier 4,Tier 3,P20220428047,Tier Upgrade,Promoted
KYNTPMPC0,Artificial Intelligence,Gemini Enterprise,Tier 4 ➔ Tier 3,September,2026-09-23,15.0,20.0,+5.0,Tier 4,Tier 3,P20220428047,Tier Upgrade,Promoted
KYNVCE721,Artificial Intelligence,Gemini Enterprise,Tier 4 ➔ Tier 3,September,2026-09-23,15.0,20.0,+5.0,Tier 4,Tier 3,P20220428047,Tier Upgrade,Promoted
KYNYTXOM3,Artificial Intelligence,Gemini Enterprise Agent Platform,Tier 4 ➔ Tier 3,September,2026-09-23,15.0,20.0,+5.0,Tier 4,Tier 3,P20220428047,Tier Upgrade,Promoted
KYNACJNZ0,Artificial Intelligence,Gemini Enterprise,Tier 3 ➔ Tier 2,September,2026-09-23,30.0,40.0,+10.0,Tier 3,Tier 2,P20220428047,Tier Upgrade,Promoted
KYNEOAUQ6,Artificial Intelligence,Gemini Enterprise,Tier 4 ➔ Tier 3,September,2026-09-23,16.0,21.0,+5.0,Tier 4,Tier 3,P20220428047,Tier Upgrade,Promoted
KYNSBBTI0,Artificial Intelligence,Gemini Enterprise Agent Platform,Tier 3 ➔ Tier 2,September,2026-09-23,25.0,35.0,+10.0,Tier 3,Tier 2,P20220428047,Tier Upgrade,Promoted
KYNKKDTC9,Artificial Intelligence,Gemini Enterprise Agent Platform,Tier 3 ➔ Tier 2,September,2026-09-23,30.0,40.0,+10.0,Tier 3,Tier 2,P20220428047,Tier Upgrade,Promoted
KYNNPYOJ1,Artificial Intelligence,Gemini Enterprise Agent Platform,Tier 4 ➔ Tier 3,September,2026-09-23,15.0,20.0,+5.0,Tier 4,Tier 3,P20220428047,Tier Upgrade,Promoted
KYNYHF880,Artificial Intelligence,Gemini Enterprise Agent Platform,Tier 4 ➔ Tier 3,September,2026-09-23,15.0,20.0,+5.0,Tier 4,Tier 3,P20220428047,Tier Upgrade,Promoted
KYNVMTXK2,Artificial Intelligence,Gemini Enterprise Agent Platform,Tier 4 ➔ Tier 3,September,2026-09-23,17.0,22.0,+5.0,Tier 4,Tier 3,P20220428047,Tier Upgrade,Promoted
KYNJKYDX3,Artificial Intelligence,Gemini Enterprise Agent Platform,Tier 4 ➔ Tier 3,September,2026-09-23,17.0,22.0,+5.0,Tier 4,Tier 3,P20220428047,Tier Upgrade,Promoted
KYNFLUKR9,Artificial Intelligence,Gemini Enterprise,Tier 4 ➔ Tier 3,September,2026-09-23,10.0,20.0,+10.0,Tier 4,Tier 3,P20220428047,Tier Upgrade,Promoted
KYNDTWOR7,Artificial Intelligence,Gemini Enterprise Agent Platform,Tier 2 ➔ Tier 1,September,2026-09-23,49.0,54.0,+5.0,Tier 2,Tier 1,P20220428047,Tier Upgrade,Promoted
KYNTPMPC0,Artificial Intelligence,AI Applications,Tier 4 ➔ Tier 3,September,2026-09-23,15.0,20.0,+5.0,Tier 4,Tier 3,P20220428047,Tier Upgrade,Promoted
KYNMCURO2,Artificial Intelligence,Gemini Enterprise Agent Platform,Tier 4 ➔ Tier 3,September,2026-09-23,19.0,24.0,+5.0,Tier 4,Tier 3,P20220428047,Tier Upgrade,Promoted
KYNNMWV71,Artificial Intelligence,Gemini Enterprise Agent Platform,Tier 4 ➔ Tier 3,September,2026-09-23,15.0,20.0,+5.0,Tier 4,Tier 3,P20220428047,Tier Upgrade,Promoted
KYNRPGLH2,Artificial Intelligence,Gemini Enterprise Agent Platform,Tier 4 ➔ Tier 3,September,2026-09-23,14.0,24.0,+10.0,Tier 4,Tier 3,P20220428047,Tier Upgrade,Promoted
KYNSAWHM7,Artificial Intelligence,Gemini Enterprise Agent Platform,Tier 4 ➔ Tier 3,September,2026-09-23,19.0,24.0,+5.0,Tier 4,Tier 3,P20220428047,Tier Upgrade,Promoted
KYNAKNAT9,Data & Analytics,BigQuery,Tier 3 ➔ Tier 2,September,2026-09-23,25.0,35.0,+10.0,Tier 3,Tier 2,P20220428047,Tier Upgrade,Promoted
KYNWNHCT8,Data & Analytics,Dataproc,Tier 4 ➔ Tier 3,September,2026-09-23,10.0,20.0,+10.0,Tier 4,Tier 3,P20220428047,Tier Upgrade,Promoted
KYNMMYQY4,Data & Analytics,BigQuery,Tier 4 ➔ Tier 3,September,2026-09-23,19.0,24.0,+5.0,Tier 4,Tier 3,P20220428047,Tier Upgrade,Promoted
KYNSAINM0,Data & Analytics,Dataflow,Tier 4 ➔ Tier 3,September,2026-09-23,14.0,24.0,+10.0,Tier 4,Tier 3,P20220428047,Tier Upgrade,Promoted
KYNUSQVA3,Data & Analytics,BigQuery,Tier 2 ➔ Tier 1,September,2026-09-23,44.0,54.0,+10.0,Tier 2,Tier 1,P20220428047,Tier Upgrade,Promoted
KYNDTWOR7,Data & Analytics,BigQuery,Tier 4 ➔ Tier 3,September,2026-09-23,19.0,24.0,+5.0,Tier 4,Tier 3,P20220428047,Tier Upgrade,Promoted
KYNEOAUQ6,Data & Analytics,BigQuery,Tier 3 ➔ Tier 2,September,2026-09-23,26.0,36.0,+10.0,Tier 3,Tier 2,P20220428047,Tier Upgrade,Promoted
KYNSSZEZ0,Data & Analytics,BigQuery,Tier 3 ➔ Tier 2,September,2026-09-23,30.0,40.0,+10.0,Tier 3,Tier 2,P20220428047,Tier Upgrade,Promoted
KYNPSCYL4,Data & Analytics,Dataflow,Tier 4 ➔ Tier 3,September,2026-09-23,17.0,27.0,+10.0,Tier 4,Tier 3,P20220428047,Tier Upgrade,Promoted
KYNNPYOJ1,Data & Analytics,BigQuery,Tier 3 ➔ Tier 2,September,2026-09-23,30.0,40.0,+10.0,Tier 3,Tier 2,P20220428047,Tier Upgrade,Promoted
KYNJB0WL0,Data & Analytics,Looker,Tier 4 ➔ Tier 3,September,2026-09-23,15.0,20.0,+5.0,Tier 4,Tier 3,P20220428047,Tier Upgrade,Promoted
KYNNPYOJ1,Data & Analytics,Dataproc,Tier 4 ➔ Tier 3,September,2026-09-23,10.0,20.0,+10.0,Tier 4,Tier 3,P20220428047,Tier Upgrade,Promoted
KYNSSZEZ0,Data & Analytics,Dataproc,Tier 4 ➔ Tier 3,September,2026-09-23,10.0,20.0,+10.0,Tier 4,Tier 3,P20220428047,Tier Upgrade,Promoted
KYNPG3BT0,Data & Analytics,Dataproc,Tier 4 ➔ Tier 3,September,2026-09-23,14.0,24.0,+10.0,Tier 4,Tier 3,P20220428047,Tier Upgrade,Promoted
KYNSAINM0,Data & Analytics,BigQuery,Tier 4 ➔ Tier 3,September,2026-09-23,14.0,24.0,+10.0,Tier 4,Tier 3,P20220428047,Tier Upgrade,Promoted
KYNUSQVA3,Data & Analytics,Dataflow,Tier 4 ➔ Tier 3,September,2026-09-23,14.0,24.0,+10.0,Tier 4,Tier 3,P20220428047,Tier Upgrade,Promoted
KYNSSZEZ0,Data & Analytics,Dataflow,Tier 3 ➔ Tier 2,September,2026-09-23,30.0,40.0,+10.0,Tier 3,Tier 2,P20220428047,Tier Upgrade,Promoted
KYNNPYOJ1,Data & Analytics,Looker,Tier 4 ➔ Tier 3,September,2026-09-23,15.0,25.0,+10.0,Tier 4,Tier 3,P20220428047,Tier Upgrade,Promoted
KYNRLTJW8,Data & Analytics,Looker,Tier 4 ➔ Tier 3,September,2026-09-23,13.0,23.0,+10.0,Tier 4,Tier 3,P20220428047,Tier Upgrade,Promoted
KYNRGCCK9,Data & Analytics,BigQuery,Tier 4 ➔ Tier 3,September,2026-09-23,13.0,23.0,+10.0,Tier 4,Tier 3,P20220428047,Tier Upgrade,Promoted
KYNAKNAT9,Data & Analytics,Dataflow,Tier 4 ➔ Tier 3,September,2026-09-23,10.0,20.0,+10.0,Tier 4,Tier 3,P20220428047,Tier Upgrade,Promoted
KYNSMCLD7,Databases,Cloud SQL,Tier 4 ➔ Tier 3,September,2026-09-23,19.0,24.0,+5.0,Tier 4,Tier 3,P20220428047,Tier Upgrade,Promoted
KYNRSXXC5,Infrastructure Modernization,Google Cloud Networking,Tier 4 ➔ Tier 3,September,2026-09-23,19.0,24.0,+5.0,Tier 4,Tier 3,P20220428047,Tier Upgrade,Promoted
KYNAWYCA9,Infrastructure Modernization,Google Compute Engine,Tier 4 ➔ Tier 3,September,2026-09-23,15.0,25.0,+10.0,Tier 4,Tier 3,P20220428047,Tier Upgrade,Promoted
KYNSMCLD7,Infrastructure Modernization,Oracle,Tier 4 ➔ Tier 3,September,2026-09-23,19.0,24.0,+5.0,Tier 4,Tier 3,P20220428047,Tier Upgrade,Promoted
KYNVCE721,Infrastructure Modernization,Google Compute Engine,Tier 4 ➔ Tier 3,September,2026-09-23,15.0,30.0,+15.0,Tier 4,Tier 3,P20220428047,Tier Upgrade,Promoted
KYNGETVZ1,Infrastructure Modernization,Google Cloud Networking,Tier 4 ➔ Tier 3,September,2026-09-23,15.0,20.0,+5.0,Tier 4,Tier 3,P20220428047,Tier Upgrade,Promoted
KYNSMQNK1,Infrastructure Modernization,Google Compute Engine,Tier 4 ➔ Tier 3,September,2026-09-23,15.0,25.0,+10.0,Tier 4,Tier 3,P20220428047,Tier Upgrade,Promoted
KYNVVHCK5,Infrastructure Modernization,Google Cloud VMware Engine,Tier 4 ➔ Tier 3,September,2026-09-23,14.0,24.0,+10.0,Tier 4,Tier 3,P20220428047,Tier Upgrade,Promoted
KYNMNNHH5,Infrastructure Modernization,Google Cloud Networking,Tier 3 ➔ Tier 2,September,2026-09-23,32.0,42.0,+10.0,Tier 3,Tier 2,P20220428047,Tier Upgrade,Promoted
KYNPAESX8,Infrastructure Modernization,Google Cloud Networking,Tier 4 ➔ Tier 3,September,2026-09-23,15.0,25.0,+10.0,Tier 4,Tier 3,P20220428047,Tier Upgrade,Promoted
KYNAPBQM1,Infrastructure Modernization,Google Cloud Networking,Tier 4 ➔ Tier 3,September,2026-09-23,15.0,20.0,+5.0,Tier 4,Tier 3,P20220428047,Tier Upgrade,Promoted
KYNRPODY8,Infrastructure Modernization,Google Cloud Networking,Tier 4 ➔ Tier 3,September,2026-09-23,10.0,20.0,+10.0,Tier 4,Tier 3,P20220428047,Tier Upgrade,Promoted
KYNCQWZR9,Infrastructure Modernization,Google Compute Engine,Tier 3 ➔ Tier 2,September,2026-09-23,34.0,44.0,+10.0,Tier 3,Tier 2,P20220428047,Tier Upgrade,Promoted
KYNSL2OL0,Infrastructure Modernization,Google Compute Engine,Tier 3 ➔ Tier 2,September,2026-09-23,30.0,40.0,+10.0,Tier 3,Tier 2,P20220428047,Tier Upgrade,Promoted
KYNLSUZV5,Infrastructure Modernization,Google Compute Engine,Tier 4 ➔ Tier 3,September,2026-09-23,14.0,24.0,+10.0,Tier 4,Tier 3,P20220428047,Tier Upgrade,Promoted
KYNHSSEW9,Infrastructure Modernization,Google Cloud Networking,Tier 4 ➔ Tier 3,September,2026-09-23,10.0,20.0,+10.0,Tier 4,Tier 3,P20220428047,Tier Upgrade,Promoted
KYNYHF880,Infrastructure Modernization,Google Compute Engine,Tier 4 ➔ Tier 3,September,2026-09-23,10.0,20.0,+10.0,Tier 4,Tier 3,P20220428047,Tier Upgrade,Promoted
KYNAGMWL5,Infrastructure Modernization,Google Cloud Networking,Tier 3 ➔ Tier 2,September,2026-09-23,34.0,44.0,+10.0,Tier 3,Tier 2,P20220428047,Tier Upgrade,Promoted
KYNJPHAD7,Infrastructure Modernization,Google Compute Engine,Tier 4 ➔ Tier 3,September,2026-09-23,15.0,25.0,+10.0,Tier 4,Tier 3,P20220428047,Tier Upgrade,Promoted
KYNKMV2W0,Infrastructure Modernization,Google Compute Engine,Tier 4 ➔ Tier 3,September,2026-09-23,5.0,20.0,+15.0,Tier 4,Tier 3,P20220428047,Tier Upgrade,Promoted
KYNLWQWR3,Infrastructure Modernization,Google Compute Engine,Tier 4 ➔ Tier 3,September,2026-09-23,11.0,21.0,+10.0,Tier 4,Tier 3,P20220428047,Tier Upgrade,Promoted
KYNSGBPF1,Infrastructure Modernization,Google Compute Engine,Tier 4 ➔ Tier 3,September,2026-09-23,10.0,20.0,+10.0,Tier 4,Tier 3,P20220428047,Tier Upgrade,Promoted
KYNSSFJG3,Infrastructure Modernization,Google Compute Engine,Tier 4 ➔ Tier 3,September,2026-09-23,5.0,20.0,+15.0,Tier 4,Tier 3,P20220428047,Tier Upgrade,Promoted
KYNFFGEI2,Infrastructure Modernization,Google Cloud Networking,Tier 4 ➔ Tier 3,September,2026-09-23,15.0,20.0,+5.0,Tier 4,Tier 3,P20220428047,Tier Upgrade,Promoted
KYNHSSEW9,Infrastructure Modernization,Google Compute Engine,Tier 4 ➔ Tier 3,September,2026-09-23,10.0,20.0,+10.0,Tier 4,Tier 3,P20220428047,Tier Upgrade,Promoted
KYNSJUBL0,Infrastructure Modernization,Google Compute Engine,Tier 4 ➔ Tier 3,September,2026-09-23,15.0,25.0,+10.0,Tier 4,Tier 3,P20220428047,Tier Upgrade,Promoted
KYNMZXYZ7,Infrastructure Modernization,Google Cloud Networking,Tier 3 ➔ Tier 2,September,2026-09-23,25.0,35.0,+10.0,Tier 3,Tier 2,P20220428047,Tier Upgrade,Promoted
KYNJOPKI3,Infrastructure Modernization,Google Compute Engine,Tier 4 ➔ Tier 3,September,2026-09-23,10.0,20.0,+10.0,Tier 4,Tier 3,P20220428047,Tier Upgrade,Promoted
KYNMMYQY4,Infrastructure Modernization,Google Cloud VMware Engine,Tier 4 ➔ Tier 3,September,2026-09-23,14.0,24.0,+10.0,Tier 4,Tier 3,P20220428047,Tier Upgrade,Promoted
KYNAPG5O1,Infrastructure Modernization,Google Cloud Networking,Tier 4 ➔ Tier 3,September,2026-09-23,10.0,25.0,+15.0,Tier 4,Tier 3,P20220428047,Tier Upgrade,Promoted
KYNBTWNJ0,Infrastructure Modernization,Google Cloud Networking,Tier 4 ➔ Tier 3,September,2026-09-23,15.0,20.0,+5.0,Tier 4,Tier 3,P20220428047,Tier Upgrade,Promoted
KYNPAESX8,Infrastructure Modernization,Google Compute Engine,Tier 4 ➔ Tier 3,September,2026-09-23,15.0,25.0,+10.0,Tier 4,Tier 3,P20220428047,Tier Upgrade,Promoted
KYNWNHCT8,Infrastructure Modernization,Google Compute Engine,Tier 3 ➔ Tier 2,September,2026-09-23,30.0,35.0,+5.0,Tier 3,Tier 2,P20220428047,Tier Upgrade,Promoted
KYNECIJU1,Infrastructure Modernization,Google Cloud Networking,Tier 3 ➔ Tier 2,September,2026-09-23,28.0,38.0,+10.0,Tier 3,Tier 2,P20220428047,Tier Upgrade,Promoted
KYNSTECW8,Infrastructure Modernization,Google Compute Engine,Tier 4 ➔ Tier 3,September,2026-09-23,15.0,20.0,+5.0,Tier 4,Tier 3,P20220428047,Tier Upgrade,Promoted
KYNSMCLD7,Infrastructure Modernization,Google Compute Engine,Tier 3 ➔ Tier 2,September,2026-09-23,29.0,39.0,+10.0,Tier 3,Tier 2,P20220428047,Tier Upgrade,Promoted
KYNSMQNK1,Infrastructure Modernization,Google Cloud Networking,Tier 4 ➔ Tier 3,September,2026-09-23,15.0,20.0,+5.0,Tier 4,Tier 3,P20220428047,Tier Upgrade,Promoted
KYNPPTWG5,Infrastructure Modernization,Google Compute Engine,Tier 4 ➔ Tier 3,September,2026-09-23,15.0,25.0,+10.0,Tier 4,Tier 3,P20220428047,Tier Upgrade,Promoted
KYNRKXFY6,Infrastructure Modernization,Google Distributed Cloud,Tier 4 ➔ Tier 3,September,2026-09-23,19.0,29.0,+10.0,Tier 4,Tier 3,P20220428047,Tier Upgrade,Promoted
KYNDKAYE9,Infrastructure Modernization,Google Compute Engine,Tier 4 ➔ Tier 3,September,2026-09-23,10.0,20.0,+10.0,Tier 4,Tier 3,P20220428047,Tier Upgrade,Promoted
KYNCBXPT5,Infrastructure Modernization,Google Compute Engine,Tier 4 ➔ Tier 3,September,2026-09-23,19.0,29.0,+10.0,Tier 4,Tier 3,P20220428047,Tier Upgrade,Promoted
KYNYAENS8,Infrastructure Modernization,Google Compute Engine,Tier 4 ➔ Tier 3,September,2026-09-23,19.0,24.0,+5.0,Tier 4,Tier 3,P20220428047,Tier Upgrade,Promoted
KYNKVVHR3,Infrastructure Modernization,Google Compute Engine,Tier 4 ➔ Tier 3,September,2026-09-23,13.0,23.0,+10.0,Tier 4,Tier 3,P20220428047,Tier Upgrade,Promoted
KYNPSZSS0,Infrastructure Modernization,Google Cloud Networking,Tier 4 ➔ Tier 3,September,2026-09-23,10.0,20.0,+10.0,Tier 4,Tier 3,P20220428047,Tier Upgrade,Promoted
KYNSSXRB2,Infrastructure Modernization,Google Compute Engine,Tier 4 ➔ Tier 3,September,2026-09-23,15.0,25.0,+10.0,Tier 4,Tier 3,P20220428047,Tier Upgrade,Promoted
KYNMSJIX3,Infrastructure Modernization,Google Cloud Networking,Tier 4 ➔ Tier 3,September,2026-09-23,16.0,21.0,+5.0,Tier 4,Tier 3,P20220428047,Tier Upgrade,Promoted
KYNPHONA2,Infrastructure Modernization,Google Compute Engine,Tier 4 ➔ Tier 3,September,2026-09-23,15.0,25.0,+10.0,Tier 4,Tier 3,P20220428047,Tier Upgrade,Promoted
KYNBETVC3,Infrastructure Modernization,Google Compute Engine,Tier 3 ➔ Tier 2,September,2026-09-23,29.0,39.0,+10.0,Tier 3,Tier 2,P20220428047,Tier Upgrade,Promoted
KYNSV7K12,Infrastructure Modernization,Google Cloud Networking,Tier 3 ➔ Tier 2,September,2026-09-23,20.0,35.0,+15.0,Tier 3,Tier 2,P20220428047,Tier Upgrade,Promoted
KYNDDIAK1,Infrastructure Modernization,Google Compute Engine,Tier 4 ➔ Tier 3,September,2026-09-23,10.0,20.0,+10.0,Tier 4,Tier 3,P20220428047,Tier Upgrade,Promoted
KYNJRYOT9,Infrastructure Modernization,Google Compute Engine,Tier 4 ➔ Tier 3,September,2026-09-23,19.0,29.0,+10.0,Tier 4,Tier 3,P20220428047,Tier Upgrade,Promoted
KYNICXJS2,Infrastructure Modernization,Google Compute Engine,Tier 4 ➔ Tier 3,September,2026-09-23,14.0,24.0,+10.0,Tier 4,Tier 3,P20220428047,Tier Upgrade,Promoted
KYNRPODY8,Infrastructure Modernization,Google Compute Engine,Tier 4 ➔ Tier 3,September,2026-09-23,10.0,20.0,+10.0,Tier 4,Tier 3,P20220428047,Tier Upgrade,Promoted
KYNSDLOV0,Infrastructure Modernization,Google Cloud Networking,Tier 4 ➔ Tier 3,September,2026-09-23,15.0,20.0,+5.0,Tier 4,Tier 3,P20220428047,Tier Upgrade,Promoted
KYNDSDRN9,Infrastructure Modernization,Google Compute Engine,Tier 3 ➔ Tier 2,September,2026-09-23,34.0,39.0,+5.0,Tier 3,Tier 2,P20220428047,Tier Upgrade,Promoted
KYNDPODI9,Infrastructure Modernization,Google Compute Engine,Tier 4 ➔ Tier 3,September,2026-09-23,19.0,24.0,+5.0,Tier 4,Tier 3,P20220428047,Tier Upgrade,Promoted
KYNVKKSI5,Infrastructure Modernization,Google Compute Engine,Tier 4 ➔ Tier 3,September,2026-09-23,10.0,20.0,+10.0,Tier 4,Tier 3,P20220428047,Tier Upgrade,Promoted
KYNBSFGN5,Infrastructure Modernization,Google Compute Engine,Tier 4 ➔ Tier 3,September,2026-09-23,10.0,20.0,+10.0,Tier 4,Tier 3,P20220428047,Tier Upgrade,Promoted
KYNDTWOR7,Infrastructure Modernization,Google Compute Engine,Tier 3 ➔ Tier 2,September,2026-09-23,34.0,44.0,+10.0,Tier 3,Tier 2,P20220428047,Tier Upgrade,Promoted
KYNRSJCX7,Infrastructure Modernization,Google Compute Engine,Tier 3 ➔ Tier 2,September,2026-09-23,34.0,39.0,+5.0,Tier 3,Tier 2,P20220428047,Tier Upgrade,Promoted
KYNMRYJN7,Infrastructure Modernization,Google Compute Engine,Tier 4 ➔ Tier 3,September,2026-09-23,19.0,29.0,+10.0,Tier 4,Tier 3,P20220428047,Tier Upgrade,Promoted
KYNNSBTY6,Infrastructure Modernization,Google Compute Engine,Tier 4 ➔ Tier 3,September,2026-09-23,15.0,20.0,+5.0,Tier 4,Tier 3,P20220428047,Tier Upgrade,Promoted
KYNSKQPB6,Infrastructure Modernization,Google Compute Engine,Tier 3 ➔ Tier 2,September,2026-09-23,25.0,35.0,+10.0,Tier 3,Tier 2,P20220428047,Tier Upgrade,Promoted
KYNCCDXF8,Infrastructure Modernization,Google Cloud Networking,Tier 4 ➔ Tier 3,September,2026-09-23,15.0,20.0,+5.0,Tier 4,Tier 3,P20220428047,Tier Upgrade,Promoted
KYNKMV2W0,Infrastructure Modernization,Google Cloud Networking,Tier 4 ➔ Tier 3,September,2026-09-23,5.0,20.0,+15.0,Tier 4,Tier 3,P20220428047,Tier Upgrade,Promoted
KYNLSUZV5,Infrastructure Modernization,Google Cloud Networking,Tier 4 ➔ Tier 3,September,2026-09-23,14.0,24.0,+10.0,Tier 4,Tier 3,P20220428047,Tier Upgrade,Promoted
KYNNCPPZ3,Infrastructure Modernization,Google Cloud Networking,Tier 4 ➔ Tier 3,September,2026-09-23,15.0,20.0,+5.0,Tier 4,Tier 3,P20220428047,Tier Upgrade,Promoted
KYNCQWZR9,Infrastructure Modernization,Google Cloud Networking,Tier 3 ➔ Tier 2,September,2026-09-23,34.0,39.0,+5.0,Tier 3,Tier 2,P20220428047,Tier Upgrade,Promoted
KYNRIXND1,Infrastructure Modernization,Google Cloud Networking,Tier 4 ➔ Tier 3,September,2026-09-23,15.0,20.0,+5.0,Tier 4,Tier 3,P20220428047,Tier Upgrade,Promoted
KYNSOPJQ4,Infrastructure Modernization,Google Cloud Networking,Tier 3 ➔ Tier 2,September,2026-09-23,25.0,35.0,+10.0,Tier 3,Tier 2,P20220428047,Tier Upgrade,Promoted
KYNFFGEI2,Infrastructure Modernization,Google Compute Engine,Tier 4 ➔ Tier 3,September,2026-09-23,15.0,25.0,+10.0,Tier 4,Tier 3,P20220428047,Tier Upgrade,Promoted
KYNBETVC3,Infrastructure Modernization,SAP on Google Cloud,Tier 4 ➔ Tier 3,September,2026-09-23,14.0,24.0,+10.0,Tier 4,Tier 3,P20220428047,Tier Upgrade,Promoted
KYNMSJIX3,Infrastructure Modernization,Google Compute Engine,Tier 4 ➔ Tier 3,September,2026-09-23,16.0,26.0,+10.0,Tier 4,Tier 3,P20220428047,Tier Upgrade,Promoted
KYNSV7K12,Infrastructure Modernization,Google Compute Engine,Tier 3 ➔ Tier 2,September,2026-09-23,20.0,35.0,+15.0,Tier 3,Tier 2,P20220428047,Tier Upgrade,Promoted
KYNAEQKN8,Infrastructure Modernization,Google Compute Engine,Tier 4 ➔ Tier 3,September,2026-09-23,19.0,29.0,+10.0,Tier 4,Tier 3,P20220428047,Tier Upgrade,Promoted
KYNPSZSS0,Infrastructure Modernization,Google Compute Engine,Tier 4 ➔ Tier 3,September,2026-09-23,10.0,20.0,+10.0,Tier 4,Tier 3,P20220428047,Tier Upgrade,Promoted
KYNRIXND1,Infrastructure Modernization,Google Compute Engine,Tier 4 ➔ Tier 3,September,2026-09-23,15.0,20.0,+5.0,Tier 4,Tier 3,P20220428047,Tier Upgrade,Promoted
KYNTSVIL6,Infrastructure Modernization,Google Cloud Networking,Tier 3 ➔ Tier 2,September,2026-09-23,30.0,35.0,+5.0,Tier 3,Tier 2,P20220428047,Tier Upgrade,Promoted
KYNVPN020,Infrastructure Modernization,Google Cloud Networking,Tier 4 ➔ Tier 3,September,2026-09-23,16.0,21.0,+5.0,Tier 4,Tier 3,P20220428047,Tier Upgrade,Promoted
KYNBLDTW1,Infrastructure Modernization,Google Compute Engine,Tier 3 ➔ Tier 2,September,2026-09-23,25.0,35.0,+10.0,Tier 3,Tier 2,P20220428047,Tier Upgrade,Promoted
KYNDSDRN9,Infrastructure Modernization,Google Cloud Networking,Tier 3 ➔ Tier 2,September,2026-09-23,29.0,39.0,+10.0,Tier 3,Tier 2,P20220428047,Tier Upgrade,Promoted
KYNYAENS8,Infrastructure Modernization,Google Cloud Networking,Tier 4 ➔ Tier 3,September,2026-09-23,19.0,24.0,+5.0,Tier 4,Tier 3,P20220428047,Tier Upgrade,Promoted
KYNBKTZO8,Infrastructure Modernization,Google Cloud Networking,Tier 4 ➔ Tier 3,September,2026-09-23,17.0,27.0,+10.0,Tier 4,Tier 3,P20220428047,Tier Upgrade,Promoted
KYNBKTZO8,Infrastructure Modernization,Google Compute Engine,Tier 4 ➔ Tier 3,September,2026-09-23,12.0,22.0,+10.0,Tier 4,Tier 3,P20220428047,Tier Upgrade,Promoted
KYNADNLB6,Infrastructure Modernization,Google Compute Engine,Tier 4 ➔ Tier 3,September,2026-09-23,19.0,24.0,+5.0,Tier 4,Tier 3,P20220428047,Tier Upgrade,Promoted
KYNSSDRC1,Infrastructure Modernization,Google Compute Engine,Tier 3 ➔ Tier 2,September,2026-09-23,25.0,35.0,+10.0,Tier 3,Tier 2,P20220428047,Tier Upgrade,Promoted
KYNJRYOT9,Infrastructure Modernization,Google Cloud Networking,Tier 4 ➔ Tier 3,September,2026-09-23,19.0,24.0,+5.0,Tier 4,Tier 3,P20220428047,Tier Upgrade,Promoted
KYNKVVHR3,Infrastructure Modernization,Google Cloud Networking,Tier 4 ➔ Tier 3,September,2026-09-23,13.0,23.0,+10.0,Tier 4,Tier 3,P20220428047,Tier Upgrade,Promoted
KYNJB0WL0,Infrastructure Modernization,Google Compute Engine,Tier 3 ➔ Tier 2,September,2026-09-23,25.0,35.0,+10.0,Tier 3,Tier 2,P20220428047,Tier Upgrade,Promoted
KYNRPBCZ4,Infrastructure Modernization,Google Cloud Networking,Tier 4 ➔ Tier 3,September,2026-09-23,15.0,20.0,+5.0,Tier 4,Tier 3,P20220428047,Tier Upgrade,Promoted
KYNJLCGC4,Infrastructure Modernization,Google Compute Engine,Tier 4 ➔ Tier 3,September,2026-09-23,14.0,24.0,+10.0,Tier 4,Tier 3,P20220428047,Tier Upgrade,Promoted
KYNRMEXJ5,Infrastructure Modernization,Google Compute Engine,Tier 4 ➔ Tier 3,September,2026-09-23,10.0,20.0,+10.0,Tier 4,Tier 3,P20220428047,Tier Upgrade,Promoted
KYNYBYYP5,Infrastructure Modernization,Google Compute Engine,Tier 4 ➔ Tier 3,September,2026-09-23,12.0,22.0,+10.0,Tier 4,Tier 3,P20220428047,Tier Upgrade,Promoted
KYNSSFJG3,Infrastructure Modernization,Google Cloud Networking,Tier 4 ➔ Tier 3,September,2026-09-23,10.0,25.0,+15.0,Tier 4,Tier 3,P20220428047,Tier Upgrade,Promoted
KYNJSPMY4,Infrastructure Modernization,Google Compute Engine,Tier 4 ➔ Tier 3,September,2026-09-23,10.0,20.0,+10.0,Tier 4,Tier 3,P20220428047,Tier Upgrade,Promoted
KYNRNYKO3,Infrastructure Modernization,Google Cloud Networking,Tier 4 ➔ Tier 3,September,2026-09-23,15.0,20.0,+5.0,Tier 4,Tier 3,P20220428047,Tier Upgrade,Promoted
KYNTSVIL6,Infrastructure Modernization,Google Compute Engine,Tier 3 ➔ Tier 2,September,2026-09-23,30.0,35.0,+5.0,Tier 3,Tier 2,P20220428047,Tier Upgrade,Promoted
KYNAPG5O1,Infrastructure Modernization,Google Compute Engine,Tier 4 ➔ Tier 3,September,2026-09-23,15.0,30.0,+15.0,Tier 4,Tier 3,P20220428047,Tier Upgrade,Promoted
KYNMZXYZ7,Infrastructure Modernization,Google Compute Engine,Tier 3 ➔ Tier 2,September,2026-09-23,25.0,35.0,+10.0,Tier 3,Tier 2,P20220428047,Tier Upgrade,Promoted
KYNPHONA2,Infrastructure Modernization,Google Distributed Cloud,Tier 4 ➔ Tier 3,September,2026-09-23,10.0,20.0,+10.0,Tier 4,Tier 3,P20220428047,Tier Upgrade,Promoted
KYNDPODI9,Infrastructure Modernization,Google Cloud Networking,Tier 4 ➔ Tier 3,September,2026-09-23,19.0,24.0,+5.0,Tier 4,Tier 3,P20220428047,Tier Upgrade,Promoted
KYNNPFTX6,Infrastructure Modernization,Google Cloud Networking,Tier 3 ➔ Tier 2,September,2026-09-23,30.0,40.0,+10.0,Tier 3,Tier 2,P20220428047,Tier Upgrade,Promoted
KYNWNHCT8,Infrastructure Modernization,Google Cloud Networking,Tier 3 ➔ Tier 2,September,2026-09-23,30.0,35.0,+5.0,Tier 3,Tier 2,P20220428047,Tier Upgrade,Promoted
KYNDKAYE9,Infrastructure Modernization,Google Cloud Networking,Tier 4 ➔ Tier 3,September,2026-09-23,10.0,20.0,+10.0,Tier 4,Tier 3,P20220428047,Tier Upgrade,Promoted
KYNDTWOR7,Infrastructure Modernization,SAP on Google Cloud,Tier 4 ➔ Tier 3,September,2026-09-23,19.0,29.0,+10.0,Tier 4,Tier 3,P20220428047,Tier Upgrade,Promoted
KYNRASBI2,Infrastructure Modernization,Google Compute Engine,Tier 4 ➔ Tier 3,September,2026-09-23,17.0,27.0,+10.0,Tier 4,Tier 3,P20220428047,Tier Upgrade,Promoted
KYNSDLOV0,Infrastructure Modernization,Google Compute Engine,Tier 4 ➔ Tier 3,September,2026-09-23,15.0,25.0,+10.0,Tier 4,Tier 3,P20220428047,Tier Upgrade,Promoted
KYNSV7K12,Security,Cloud Security,Tier 4 ➔ Tier 3,September,2026-09-23,10.0,25.0,+15.0,Tier 4,Tier 3,P20220428047,Tier Upgrade,Promoted
KYNAPG5O1,Security,Cloud Security,Tier 4 ➔ Tier 3,September,2026-09-23,5.0,20.0,+15.0,Tier 4,Tier 3,P20220428047,Tier Upgrade,Promoted
KYNMNNHH5,Security,Cloud Security,Tier 4 ➔ Tier 3,September,2026-09-23,12.0,22.0,+10.0,Tier 4,Tier 3,P20220428047,Tier Upgrade,Promoted
KYNLSRMP0,Security,Cloud Security,Tier 4 ➔ Tier 3,September,2026-09-23,10.0,20.0,+10.0,Tier 4,Tier 3,P20220428047,Tier Upgrade,Promoted
KYNNPFTX6,Security,Cloud Security,Tier 4 ➔ Tier 3,September,2026-09-23,10.0,20.0,+10.0,Tier 4,Tier 3,P20220428047,Tier Upgrade,Promoted
KYNARJQC8,Security,Cloud Security,Tier 4 ➔ Tier 3,September,2026-09-23,15.0,20.0,+5.0,Tier 4,Tier 3,P20220428047,Tier Upgrade,Promoted
KYNVCE721,Security,Cloud Security,Tier 4 ➔ Tier 3,September,2026-09-23,15.0,30.0,+15.0,Tier 4,Tier 3,P20220428047,Tier Upgrade,Promoted
KYNDSDRN9,Security,Cloud Security,Tier 4 ➔ Tier 3,September,2026-09-23,19.0,29.0,+10.0,Tier 4,Tier 3,P20220428047,Tier Upgrade,Promoted
KYNMCURO2,Security,Cloud Security,Tier 4 ➔ Tier 3,September,2026-09-23,14.0,29.0,+15.0,Tier 4,Tier 3,P20220428047,Tier Upgrade,Promoted
KYNRRJPH0,Security,Cloud Security,Tier 4 ➔ Tier 3,September,2026-09-23,10.0,20.0,+10.0,Tier 4,Tier 3,P20220428047,Tier Upgrade,Promoted
KYNMYONM6,Security,Cloud Security,Tier 4 ➔ Tier 3,September,2026-09-23,19.0,24.0,+5.0,Tier 4,Tier 3,P20220428047,Tier Upgrade,Promoted
KYNADNLB6,Security,Cloud Security,Tier 4 ➔ Tier 3,September,2026-09-23,19.0,24.0,+5.0,Tier 4,Tier 3,P20220428047,Tier Upgrade,Promoted
KYNSNISF5,Security,Cloud Security,Tier 4 ➔ Tier 3,September,2026-09-23,15.0,20.0,+5.0,Tier 4,Tier 3,P20220428047,Tier Upgrade,Promoted
KYNSSFJG3,Security,Cloud Security,Tier 4 ➔ Tier 3,September,2026-09-23,5.0,20.0,+15.0,Tier 4,Tier 3,P20220428047,Tier Upgrade,Promoted
KYNNMWV71,Workspace,Workspace,Tier 4 ➔ Tier 3,September,2026-09-23,15.0,20.0,+5.0,Tier 4,Tier 3,P20220428047,Tier Upgrade,Promoted
