Partner:,Jaquelyn Montañez Partners (Partner Management Dashboard),,,,Last Update:,3 - Sep 2026,,,,,,,,,,,,,,,
,,,,,,,,,,,,,,,,,,,,,
Alert Criteria:,Target Go-Live risk for active pipeline (Stages 0-2 & 3),,🔴 Critical (≤14d / Overdue),🌸 High (15-30d),🟡 Medium (31-45d),,⚪ Normal (>45d / Stage 4+),,,,,,,,,,,,,,
,,,,,,,,,,,,,,,,,,,,,
Partner Engineer (PE),Partner Name,Customer Account Name,Account Tier,Workload Name,Workload Owner,Workload Progress,Capacity Status (DRP Readiness),Opportunity Name,Next Steps,Expert Requests,Customer Sub Region,Customer Micro Region,Primary Workload Pillar,Sales Play,Workload Solution,Begin Migration Date,Production Date,Annual Gross Revenue (ARR USD),Last Touch,Link,Steff Priority
Jaquelyn Montañez,"=HYPERLINK(""https://vector.lightning.force.com/lightning/r/Account/0014M00001jtbqFQAQ/view"", ""NOVENTIQ INTERNATIONAL COSTA RICA SOCIEDAD ANONIMA"")","=HYPERLINK(""https://vector.lightning.force.com/lightning/r/Account/0014M00002EWWaEQAX/view"", ""Grupo Tical"")",Tier 3,"=HYPERLINK(""https://vector.lightning.force.com/lightning/r/Workload__c/aBJKf000009WF7BOAW/view"", ""GS1 - Gemini Enterprise + Agent Platform"")",Christiane Amorosino,0-2: Tech Eval/Solution Dev,🟢 Ready (2 DRP Profiles),"=HYPERLINK(""https://vector.lightning.force.com/lightning/r/Opportunity/006Kf00000Pi1BnIAJ/view"", ""GS1 - Gemini Enterprise + Agent Platform"")",Sesión equipo GS1 IT y HR. Presentación adopción GE por Claudia Cermeli y propuesta desarrollo por Alonso (Noventiq) NSteps: Luis Paniagua pasará fechas para demo agentes y kickoff trial GE.,,Corporate,MCO CORP CCA,Build with AI,Lead the Agentic Workplace Transformation (Gemini Enterprise),Gemini Enterprise,2026-10-30,2026-11-30,"$50,000.00",,,Priority
Jaquelyn Montañez,"=HYPERLINK(""https://vector.lightning.force.com/lightning/r/Account/0014M00001h39APQAY/view"", ""Noventiq International Chile Spa"")","=HYPERLINK(""https://vector.lightning.force.com/lightning/r/Account/0014M00001hi0yNQAQ/view"", ""Parque Arauco S.A"")",Tier 2,"=HYPERLINK(""https://vector.lightning.force.com/lightning/r/Workload__c/aBJKf000009eSe3OAE/view"", ""PARQUEARAUCO GCP BG"")",Jilver Tyson Fuentes,0-2: Tech Eval/Solution Dev,🔴 Capacity Gap (0 DRP Profiles),"=HYPERLINK(""https://vector.lightning.force.com/lightning/r/Opportunity/006Kf00000Of8fqIAB/view"", ""PARQUEARAUCO OUT GCP BG"")",,,Corporate,MCO CORP SUR,Analytics,"Migrate, Modernize, and Build with Data Cloud (Analytics)",,2026-11-09,2026-11-30,"$100,000.00",,,Priority
Jaquelyn Montañez,"=HYPERLINK(""https://vector.lightning.force.com/lightning/r/Account/0014M00001h3ARZQA2/view"", ""NOVENTIQ INTERNATIONAL COLOMBIA SAS"")","=HYPERLINK(""https://vector.lightning.force.com/lightning/r/Account/0014M00001hO5bvQAC/view"", ""Productos Naturales de la Sabana S.A.S"")",Tier 2,"=HYPERLINK(""https://vector.lightning.force.com/lightning/r/Workload__c/aBJKf000009eRlcOAE/view"", ""FY26 Tier-2 Productos Naturales de la Sabana #Gemini Enterprise"")",Jorge Armando Barrios,0-2: Tech Eval/Solution Dev,🟢 Ready (2 DRP Profiles),"=HYPERLINK(""https://vector.lightning.force.com/lightning/r/Opportunity/006Kf00000PijNRIAZ/view"", ""FY26 Tier-2 Productos Naturales de la Sabana #Gemini Enterprise"")",,,Corporate,MCO CORP NORTE,Build with AI,Lead the Agentic Workplace Transformation (Gemini Enterprise),Gemini Enterprise,2026-11-26,2026-12-28,"$18,000.00",,,Priority
Jaquelyn Montañez,"=HYPERLINK(""https://vector.lightning.force.com/lightning/r/Account/0014M00001h39APQAY/view"", ""Noventiq International Chile Spa"")","=HYPERLINK(""https://vector.lightning.force.com/lightning/r/Account/0014M00002L2IlbQAF/view"", ""FERIA DE OSORNO"")",Tier 3,"=HYPERLINK(""https://vector.lightning.force.com/lightning/r/Workload__c/aBJKf000009WBlWOAW/view"", ""Feria de Osorno 350 Seats"")",Jilver Tyson Fuentes,0-2: Tech Eval/Solution Dev,🟢 Ready (2 DRP Profiles),"=HYPERLINK(""https://vector.lightning.force.com/lightning/r/Opportunity/006Kf00000OexEjIAJ/view"", ""Feria de Osorno 350 Seats"")",Avanzando firme con GE: La solución finalmente le hizo sentido al cliente y ya cuentan con el presupuesto. Se está trazando una ruta de trabajo conjunta que tiene como próximo hito un Workshop de GE (mediados/fines de agosto).,,Corporate,MCO CORP SUR,Build with AI,Lead the Agentic Workplace Transformation (Gemini Enterprise),Gemini Enterprise,2026-09-21,2026-10-12,"$107,000.00",,,Priority
Jaquelyn Montañez,"=HYPERLINK(""https://vector.lightning.force.com/lightning/r/Account/0014M00001h39APQAY/view"", ""Noventiq International Chile Spa"")","=HYPERLINK(""https://vector.lightning.force.com/lightning/r/Account/0014M00001hoWWjQAM/view"", ""Laboratorios Saval S.A."")",Tier 2,"=HYPERLINK(""https://vector.lightning.force.com/lightning/r/Workload__c/aBJKf000004ZIAGOA4/view"", ""Saval GE 300 seats"")",Jilver Tyson Fuentes,0-2: Tech Eval/Solution Dev,🟢 Ready (2 DRP Profiles),"=HYPERLINK(""https://vector.lightning.force.com/lightning/r/Opportunity/006Kf00000PMcyUIAT/view"", ""Saval - Gemini Enterprise - 300 seats"")",Saval esta bastante interesado. En fase de Prueba de Concepto (POC). Trabajando con la solución Vertex y Nano Banana para un piloto inicial de 15 usuarios. Fecha límite de ejecución: 14 de septiembre.,,Corporate,MCO CORP SUR,Build with AI,Lead the Agentic Workplace Transformation (Gemini Enterprise),Gemini Enterprise,2026-09-30,2026-10-30,"$90,000.00",,,Priority
Jaquelyn Montañez,"=HYPERLINK(""https://vector.lightning.force.com/lightning/r/Account/0014M00001h3ARZQA2/view"", ""NOVENTIQ INTERNATIONAL COLOMBIA SAS"")","=HYPERLINK(""https://vector.lightning.force.com/lightning/r/Account/0014M00001hjapUQAQ/view"", ""BANCO FINANDINA SA"")",Tier 3,"=HYPERLINK(""https://vector.lightning.force.com/lightning/r/Workload__c/aBJKf000009eJEVOA2/view"", ""FY26 - Tier3 - Banco Finanadina # Out #GCP #Gemini Enterprise CX #Despliegue de"")",Jorge Armando Barrios,0-2: Tech Eval/Solution Dev,🟢 Ready (8 DRP Profiles),"=HYPERLINK(""https://vector.lightning.force.com/lightning/r/Opportunity/006Kf00000PG16bIAD/view"", ""FY26 - Tier3 - Banco Finanadina # Out #GCP #Gemini Enterprise CX #Despliegue de estrategias de GenAI"")","El equipo prepara una propuesta técnica de arquitectura y Data Lake. Fredi debe enviar dos o tres opciones de fechas para el ""Google Day"" en Bogotá y confirmar la lista de asistentes.",,Corporate,MCO CORP NORTE,Build with AI,Gemini Enterprise for Customer Experience (Build with AI),Commerce Search,2026-10-19,2026-11-27,"$30,000.00",,,Priority
Jaquelyn Montañez,"=HYPERLINK(""https://vector.lightning.force.com/lightning/r/Account/0014M00001h34YXQAY/view"", ""NOVENTIQ S.R.L"")","=HYPERLINK(""https://vector.lightning.force.com/lightning/r/Account/0014M00001mzW6vQAE/view"", ""GRUPO SUPERIOR S.A."")",Tier 2,"=HYPERLINK(""https://vector.lightning.force.com/lightning/r/Workload__c/aBJKf000009eHWXOA2/view"", ""FY26 Grupo Superior #Inbound #Vertex AI Vision #Análisis de video, detección de"")",Jorge Armando Barrios,0-2: Tech Eval/Solution Dev,🟢 Ready (8 DRP Profiles),"=HYPERLINK(""https://vector.lightning.force.com/lightning/r/Opportunity/006Kf00000P6NpPIAV/view"", ""FY26 Grupo Superior #Inbound #Vertex AI Vision #Análisis de video, detección de comportamientos y seguridad industrial"")",Nueva propuesta enviada el 19/08 se buscará un nuevo espacio para nueva reunión.,,Corporate,MCO CORP NORTE,Build with AI,Gemini Enterprise for Customer Experience (Build with AI),AI Search & Specialized AI,2026-10-26,2026-11-27,"$14,400.00",,,Priority
Jaquelyn Montañez,"=HYPERLINK(""https://vector.lightning.force.com/lightning/r/Account/0014M00001h3ARZQA2/view"", ""NOVENTIQ INTERNATIONAL COLOMBIA SAS"")","=HYPERLINK(""https://vector.lightning.force.com/lightning/r/Account/0014M00001h6Zm7QAE/view"", ""LEGISLACION ECONOMICA S A"")",Tier 2,"=HYPERLINK(""https://vector.lightning.force.com/lightning/r/Workload__c/aBJKf000006MbT2OAK/view"", ""Datawarehouse AI Legis"")",Jorge Armando Barrios,4.2: Ramping / Deliver,🔴 Capacity Gap (0 DRP Profiles),"=HYPERLINK(""https://vector.lightning.force.com/lightning/r/Opportunity/006Kf00000LXYkrIAH/view"", ""Legislation Econ - Datawarehouse & IA #Analytics"")","El proyecto se extendio por cambios a pedido del cliente en Julio, luego existeron nuevos ajustes pero no afectarpon el cronograma nuevo de entrega aprobada en Julio. Actualizo fecha de paso a productivo","ER-416068, ER-417871, ER-510912, ER-479936, ER-424249, ER-479938",Corporate,MCO CORP NORTE,Analytics,,Not a Solution,2025-12-01,2026-09-11,"$64,267.00",,,Priority
Jaquelyn Montañez,"=HYPERLINK(""https://vector.lightning.force.com/lightning/r/Account/0014M00001h39APQAY/view"", ""Noventiq International Chile Spa"")","=HYPERLINK(""https://vector.lightning.force.com/lightning/r/Account/0014M00001h56qtQAA/view"", ""CONSTRUCTORA INGEVEC S.A."")",Tier 2,"=HYPERLINK(""https://vector.lightning.force.com/lightning/r/Workload__c/aBJKf000009eSeSOAU/view"", ""CONSTRUCTORA INGEVEC BIGQUERY"")",Jilver Tyson Fuentes,0-2: Tech Eval/Solution Dev,🟢 Ready (8 DRP Profiles),"=HYPERLINK(""https://vector.lightning.force.com/lightning/r/Opportunity/006Kf00000PiolxIAB/view"", ""CONSTRUCTORA INGEVEC # OUT # BIGQUERY #GCP"")",,,Corporate,MCO CORP SUR,,,,,,"$100,000.00",,,
Jaquelyn Montañez,"=HYPERLINK(""https://vector.lightning.force.com/lightning/r/Account/0014M00001h39APQAY/view"", ""Noventiq International Chile Spa"")","=HYPERLINK(""https://vector.lightning.force.com/lightning/r/Account/0014M00001h56qtQAA/view"", ""CONSTRUCTORA INGEVEC S.A."")",Tier 2,"=HYPERLINK(""https://vector.lightning.force.com/lightning/r/Workload__c/aBJKf000009eSf6OAE/view"", ""CONSTRUCTORA INGEVEC GE"")",Jilver Tyson Fuentes,0-2: Tech Eval/Solution Dev,🟢 Ready (8 DRP Profiles),"=HYPERLINK(""https://vector.lightning.force.com/lightning/r/Opportunity/006Kf00000PionKIAR/view"", ""CONSTRUCTORA INGEVEC # OUT # GE # GCP"")",,,Corporate,MCO CORP SUR,,,,,,"$50,400.00",,,
Jaquelyn Montañez,"=HYPERLINK(""https://vector.lightning.force.com/lightning/r/Account/0014M00001h39APQAY/view"", ""Noventiq International Chile Spa"")","=HYPERLINK(""https://vector.lightning.force.com/lightning/r/Account/0014M00001hhdWNQAY/view"", ""Clinica Las Condes S.A."")",Tier 2,"=HYPERLINK(""https://vector.lightning.force.com/lightning/r/Workload__c/aBJKf000004ZN4aOAG/view"", ""CLC Piloto Gemini 25 lic"")",Christian Cuadros,0-2: Tech Eval/Solution Dev,🟢 Ready (2 DRP Profiles),"=HYPERLINK(""https://vector.lightning.force.com/lightning/r/Opportunity/006Kf00000PYNjeIAH/view"", ""CLC - Piloto Gemini 25 lic  #SalesCreditPOC"")",,,Corporate,MCO CORP SUR,Build with AI,Lead the Agentic Workplace Transformation (Gemini Enterprise),Gemini Enterprise,,,"$10,000.00",,,
Jaquelyn Montañez,"=HYPERLINK(""https://vector.lightning.force.com/lightning/r/Account/0014M00001h39APQAY/view"", ""Noventiq International Chile Spa"")","=HYPERLINK(""https://vector.lightning.force.com/lightning/r/Account/0014M00001yTy0gQAC/view"", ""Bethia S.A."")",Tier 2,"=HYPERLINK(""https://vector.lightning.force.com/lightning/r/Workload__c/aBJKf000009WAInOAO/view"", ""Sotraser - GE Enterprise - Noventiq"")",Francisca Tapia,0-2: Tech Eval/Solution Dev,🟢 Ready (2 DRP Profiles),"=HYPERLINK(""https://vector.lightning.force.com/lightning/r/Opportunity/006Kf00000Oeq5QIAR/view"", ""Sotraser - GE Enterprise - Noventiq"")",,,Corporate,MCO CORP SUR,Build with AI,Lead the Agentic Workplace Transformation (Gemini Enterprise),,2026-07-31,2026-08-21,"$62,500.00",,,
Jaquelyn Montañez,"=HYPERLINK(""https://vector.lightning.force.com/lightning/r/Account/0014M00001h39APQAY/view"", ""Noventiq International Chile Spa"")","=HYPERLINK(""https://vector.lightning.force.com/lightning/r/Account/0014M00001hhn6jQAA/view"", ""Kupfer Hnos. S. A."")",Tier 2,"=HYPERLINK(""https://vector.lightning.force.com/lightning/r/Workload__c/aBJKf000004ZHlQOAW/view"", ""Kupfer GE 100 Seats"")",Christian Cuadros,3:  Proposal / Negotiation,🟢 Ready (8 DRP Profiles),"=HYPERLINK(""https://vector.lightning.force.com/lightning/r/Opportunity/006Kf00000OmPSaIAN/view"", ""Kupfer - Gemini Enterprise 150 seats , agentes IA"")",,,Corporate,MCO CORP SUR,Build with AI,Gemini Enterprise for Customer Experience (Build with AI),AI Search & Specialized AI,2026-08-28,2026-10-30,"$45,000.00",,,
Jaquelyn Montañez,"=HYPERLINK(""https://vector.lightning.force.com/lightning/r/Account/0014M00001h39APQAY/view"", ""Noventiq International Chile Spa"")","=HYPERLINK(""https://vector.lightning.force.com/lightning/r/Account/0014M00001hhdWNQAY/view"", ""Clinica Las Condes S.A."")",Tier 2,"=HYPERLINK(""https://vector.lightning.force.com/lightning/r/Workload__c/aBJKf000004ZH0xOAG/view"", ""Agente Medico Medicina Preventiva"")",Christian Cuadros,0-2: Tech Eval/Solution Dev,🟢 Ready (8 DRP Profiles),"=HYPERLINK(""https://vector.lightning.force.com/lightning/r/Opportunity/006Kf00000PHExdIAH/view"", ""Clinica Las Condes Iniciativas Medicas"")",On Hold,,Corporate,MCO CORP SUR,Build with AI,"Your Business, Your Models",Agent and Model Platform,2026-10-16,2027-01-22,"$120,000.00",,,
Jaquelyn Montañez,"=HYPERLINK(""https://vector.lightning.force.com/lightning/r/Account/0014M00001jtbqFQAQ/view"", ""NOVENTIQ INTERNATIONAL COSTA RICA SOCIEDAD ANONIMA"")","=HYPERLINK(""https://vector.lightning.force.com/lightning/r/Account/0014M00002EWWaEQAX/view"", ""Grupo Tical"")",Tier 3,"=HYPERLINK(""https://vector.lightning.force.com/lightning/r/Workload__c/aBJKf000009W9ikOAC/view"", ""GS1 #OUT #GCP #BigQuery"")",Christiane Amorosino,0-2: Tech Eval/Solution Dev,🔴 Capacity Gap (0 DRP Profiles),"=HYPERLINK(""https://vector.lightning.force.com/lightning/r/Opportunity/006Kf00000OenDlIAJ/view"", ""GS1 #OUT #GCP #BigQuery"")",Pendiente alinear fechas con el cliente para demo,,Corporate,MCO CORP CCA,Analytics,"Migrate, Modernize, and Build with Data Cloud (Analytics)",Migrate Data Warehouses to BigQuery,2026-11-30,2026-12-31,"$113,000.00",,,
Jaquelyn Montañez,"=HYPERLINK(""https://vector.lightning.force.com/lightning/r/Account/0014M00001jtbqFQAQ/view"", ""NOVENTIQ INTERNATIONAL COSTA RICA SOCIEDAD ANONIMA"")","=HYPERLINK(""https://vector.lightning.force.com/lightning/r/Account/0014M00002EWWaEQAX/view"", ""Grupo Tical"")",Tier 3,"=HYPERLINK(""https://vector.lightning.force.com/lightning/r/Workload__c/aBJKf000009W9ifOAC/view"", ""GS1 #OUT #GCP #GeminiEnterprise"")",Christiane Amorosino,0-2: Tech Eval/Solution Dev,🟢 Ready (2 DRP Profiles),"=HYPERLINK(""https://vector.lightning.force.com/lightning/r/Opportunity/006Kf00000OenDDIAZ/view"", ""GS1 #OUT #GCP #GeminiEnterprise"")",2/9-Sesión equipo GS1 IT y HR. Presentación adopción GE por Claudia Cermeli y propuesta desarrollo por Alonso (Noventiq) NSteps: Luis Paniagua pasará fechas para demo agentes y kickoff trial GE.,,Corporate,MCO CORP CCA,Build with AI,Lead the Agentic Workplace Transformation (Gemini Enterprise),,2026-09-23,2026-09-30,"$36,000.00",,,
Jaquelyn Montañez,"=HYPERLINK(""https://vector.lightning.force.com/lightning/r/Account/0014M00001h39APQAY/view"", ""Noventiq International Chile Spa"")","=HYPERLINK(""https://vector.lightning.force.com/lightning/r/Account/0014M00001hoWWjQAM/view"", ""Laboratorios Saval S.A."")",Tier 2,"=HYPERLINK(""https://vector.lightning.force.com/lightning/r/Workload__c/aBJKf000004ZG9uOAG/view"", ""Saval Veo3"")",Christian Cuadros,4.3: Migrated/Implemented,🟢 Ready (8 DRP Profiles),"=HYPERLINK(""https://vector.lightning.force.com/lightning/r/Opportunity/006Kf00000PFzeCIAT/view"", ""Saval VEO 3"")","2606 - fup hecho con partner, confirmando la estabilidad del consumo",,Corporate,MCO CORP SUR,Build with AI,Leverage Generative Media in your Business,Generative Media,2026-06-18,2026-07-17,"$10,000.00",,,
Jaquelyn Montañez,"=HYPERLINK(""https://vector.lightning.force.com/lightning/r/Account/0014M00001h39APQAY/view"", ""Noventiq International Chile Spa"")","=HYPERLINK(""https://vector.lightning.force.com/lightning/r/Account/0014M00001httqdQAA/view"", ""Cooperativa Agricola y Lechera de La Union Limitada"")",Tier 2,"=HYPERLINK(""https://vector.lightning.force.com/lightning/r/Workload__c/aBJKf000009W8USOA0/view"", ""COLUN - WL Gemeni Ent. - Noventiq"")",Mario Alegre,0-2: Tech Eval/Solution Dev,🟢 Ready (8 DRP Profiles),"=HYPERLINK(""https://vector.lightning.force.com/lightning/r/Opportunity/006Kf00000NypyuIAB/view"", ""Colun - Google IA - Noventiq"")",,"=HYPERLINK(""https://vector.lightning.force.com/lightning/r/Expert_Request__c/aAuKf000000TUoUKAW/view"", ""ER-479726"")",Corporate,MCO CORP SUR,Build with AI,Scale AI Apps and Agents,Drive Business Impact with Agents,2026-09-01,2026-12-16,"$30,000.00",,,
Jaquelyn Montañez,"=HYPERLINK(""https://vector.lightning.force.com/lightning/r/Account/0014M00001h39APQAY/view"", ""Noventiq International Chile Spa"")","=HYPERLINK(""https://vector.lightning.force.com/lightning/r/Account/0014M00001hMsVoQAK/view"", ""Forus"")",Tier 2,"=HYPERLINK(""https://vector.lightning.force.com/lightning/r/Workload__c/aBJKf000004ZDggOAG/view"", ""Forus Security Operations"")",Christian Cuadros,0-2: Tech Eval/Solution Dev,🔴 Capacity Gap (0 DRP Profiles),"=HYPERLINK(""https://vector.lightning.force.com/lightning/r/Opportunity/006Kf00000P83JjIAJ/view"", ""Forus Google Security Operations"")",,,Corporate,MCO CORP SUR,Security,SOC Transformation,Security Workload,2026-11-27,2026-12-22,"$300,000.00",,,
Jaquelyn Montañez,"=HYPERLINK(""https://vector.lightning.force.com/lightning/r/Account/0014M00001jtbqFQAQ/view"", ""NOVENTIQ INTERNATIONAL COSTA RICA SOCIEDAD ANONIMA"")","=HYPERLINK(""https://vector.lightning.force.com/lightning/r/Account/0014M00001hmc7GQAQ/view"", ""Monge Group Costa Rica"")",Tier 2,"=HYPERLINK(""https://vector.lightning.force.com/lightning/r/Workload__c/aBJKf000009W7VtOAK/view"", ""Grupo Monge #OUT #GCP #BigQuery"")",Ricardo Agosto,3:  Proposal / Negotiation,🔴 Capacity Gap (0 DRP Profiles),"=HYPERLINK(""https://vector.lightning.force.com/lightning/r/Opportunity/006Kf00000OeeKMIAZ/view"", ""Grupo Monge #OUT #GCP #BigQuery"")","Esteban  comento que actualmente se encuentran en go-live y preparación para producción de varios proyectos, y para realmente dar foco a abrir un espacio prefiere primero salir de estos. Pidió contactar en 2 semanas.",,Corporate,MCO CORP CCA,Analytics,"Migrate, Modernize, and Build with Data Cloud (Analytics)",Migrate Data Warehouses to BigQuery,2026-11-30,2026-12-31,"$121,000.00",,,
Jaquelyn Montañez,"=HYPERLINK(""https://vector.lightning.force.com/lightning/r/Account/0014M00001jtbqFQAQ/view"", ""NOVENTIQ INTERNATIONAL COSTA RICA SOCIEDAD ANONIMA"")","=HYPERLINK(""https://vector.lightning.force.com/lightning/r/Account/0014M00001hmc7GQAQ/view"", ""Monge Group Costa Rica"")",Tier 2,"=HYPERLINK(""https://vector.lightning.force.com/lightning/r/Workload__c/aBJKf000009W6H2OAK/view"", ""Grupo Monge #OUT #GCP #GeminiEnterprise"")",Ricardo Agosto,0-2: Tech Eval/Solution Dev,🟢 Ready (8 DRP Profiles),"=HYPERLINK(""https://vector.lightning.force.com/lightning/r/Opportunity/006Kf00000OeapPIAR/view"", ""Grupo Monge #OUT #GCP #GeminiEnterprise"")","Esteban  comento que actualmente se encuentran en go-live y preparación para producción de varios proyectos, y para realmente dar foco a abrir un espacio prefiere primero salir de estos. Pidió contactar en 2 semanas.",,Corporate,MCO CORP CCA,Build with AI,Gemini Enterprise for Customer Experience (Build with AI),AI Search & Specialized AI,2026-11-27,2026-12-31,"$36,000.00",,,
Jaquelyn Montañez,"=HYPERLINK(""https://vector.lightning.force.com/lightning/r/Account/0014M00001jtbqFQAQ/view"", ""NOVENTIQ INTERNATIONAL COSTA RICA SOCIEDAD ANONIMA"")","=HYPERLINK(""https://vector.lightning.force.com/lightning/r/Account/0014M00001hmc7GQAQ/view"", ""Monge Group Costa Rica"")",Tier 2,"=HYPERLINK(""https://vector.lightning.force.com/lightning/r/Workload__c/aBJKf0000082SVGOA2/view"", ""Monge Group #ConversationalAgents #Voicebot"")",Ricardo Agosto,3:  Proposal / Negotiation,🟢 Ready (8 DRP Profiles),"=HYPERLINK(""https://vector.lightning.force.com/lightning/r/Opportunity/006Kf00000N5swWIAR/view"", ""Monge Group Costa Rica #INb #GCP ConversationalAgents #Voicebot"")","Nos contestó el cliente, confirmando que esta en pruebas con otro proveedor hasta 15/7, para programar sesión. Sesión para definir estrategia con Noventiq programada para 2/7",,Corporate,MCO CORP CCA,Build with AI,Gemini Enterprise for Customer Experience (Build with AI),AI Search & Specialized AI,2026-10-30,2026-11-27,"$44,000.00",,,
Jaquelyn Montañez,"=HYPERLINK(""https://vector.lightning.force.com/lightning/r/Account/0014M00001h39APQAY/view"", ""Noventiq International Chile Spa"")","=HYPERLINK(""https://vector.lightning.force.com/lightning/r/Account/0014M00001hhn6jQAA/view"", ""Kupfer Hnos. S. A."")",Tier 2,"=HYPERLINK(""https://vector.lightning.force.com/lightning/r/Workload__c/aBJKf000009eAwiOAE/view"", ""Kupfer IaaS SAP"")",Christian Cuadros,3:  Proposal / Negotiation,🔴 Capacity Gap (0 DRP Profiles),"=HYPERLINK(""https://vector.lightning.force.com/lightning/r/Opportunity/006Kf00000OmocmIAB/view"", ""Kupfer - IaaS SAP"")","Actualización de propuesta (costos fase 2, caso de negocio sap vs gcp y upgrade Google Workspace) semana del 24 de Agosto en base a feedback recibido en reunión del 20 de Agosto con cliente.","=HYPERLINK(""https://vector.lightning.force.com/lightning/r/Expert_Request__c/aAuKf000000PaC9KAK/view"", ""ER-494876"")",Corporate,MCO CORP SUR,Migrate Modernize and Build,"Migrate, Modernize and Build",Not a Solution,2026-09-25,2026-10-30,"$150,000.00",,,
Jaquelyn Montañez,"=HYPERLINK(""https://vector.lightning.force.com/lightning/r/Account/0014M00001h323yQAA/view"", ""NOVENTIQ INTERNATIONAL PERU S.A.C."")","=HYPERLINK(""https://vector.lightning.force.com/lightning/r/Account/0014M00002RRbrOQAT/view"", ""Organismo Supervisor De Inversion Privada En Telecomunicaciones Osiptel"")",Tier 1,"=HYPERLINK(""https://vector.lightning.force.com/lightning/r/Workload__c/aBJKf0000082QtkOAE/view"", ""GE - POC"")",Francisca Tapia,3:  Proposal / Negotiation,🟢 Ready (2 DRP Profiles),"=HYPERLINK(""https://vector.lightning.force.com/lightning/r/Opportunity/006Kf00000Nz5cpIAB/view"", ""Osiptel / GCP / GE Plus / 12M"")",ELR 06/03/26 : Pending an internal revision for our side to understand some kind of consumption additional of the Gemini Enterprise Standard licencse,,PS,Streamline PS,Build with AI,Lead the Agentic Workplace Transformation (Gemini Enterprise),Gemini Enterprise,2026-10-08,2026-11-06,"$23,040.00",,,
Jaquelyn Montañez,"=HYPERLINK(""https://vector.lightning.force.com/lightning/r/Account/0014M00001h39APQAY/view"", ""Noventiq International Chile Spa"")","=HYPERLINK(""https://vector.lightning.force.com/lightning/r/Account/0014M00002AmFfUQAV/view"", ""Duncan Fox"")",Tier 2,"=HYPERLINK(""https://vector.lightning.force.com/lightning/r/Workload__c/aBJKf0000082Ok7OAE/view"", ""Assessment / Backup"")",Francisca Tapia,4.2: Ramping / Deliver,🟢 Ready (8 DRP Profiles),"=HYPERLINK(""https://vector.lightning.force.com/lightning/r/Opportunity/006Kf00000MiXQYIA3/view"", ""Minuto Verde GCP"")",,,Corporate,MCO CORP SUR,Migrate Modernize and Build,"Migrate, Modernize and Build",Not a Solution,2026-06-26,2026-07-24,"$86,000.00",,,
Jaquelyn Montañez,"=HYPERLINK(""https://vector.lightning.force.com/lightning/r/Account/0014M00001h39APQAY/view"", ""Noventiq International Chile Spa"")","=HYPERLINK(""https://vector.lightning.force.com/lightning/r/Account/0014M00002AmFfUQAV/view"", ""Duncan Fox"")",Tier 2,"=HYPERLINK(""https://vector.lightning.force.com/lightning/r/Workload__c/aBJKf0000082Ok2OAE/view"", ""Minuto verde IA"")",Francisca Tapia,4.1: Pre Ramp / Mobilize,🟢 Ready (8 DRP Profiles),"=HYPERLINK(""https://vector.lightning.force.com/lightning/r/Opportunity/006Kf00000MiXQYIA3/view"", ""Minuto Verde GCP"")",,,Corporate,MCO CORP SUR,Build with AI,Scale AI Apps and Agents,Drive Business Impact with Agents,2026-09-18,2026-10-30,"$51,000.00",,,
Jaquelyn Montañez,"=HYPERLINK(""https://vector.lightning.force.com/lightning/r/Account/0014M00001h39APQAY/view"", ""Noventiq International Chile Spa"")","=HYPERLINK(""https://vector.lightning.force.com/lightning/r/Account/0014M00002AmFfUQAV/view"", ""Duncan Fox"")",Tier 2,"=HYPERLINK(""https://vector.lightning.force.com/lightning/r/Workload__c/aBJKf000009dymzOAA/view"", ""Minuto Verde Looker Noventiq"")",Christian Cuadros,0-2: Tech Eval/Solution Dev,🟢 Ready (8 DRP Profiles),"=HYPERLINK(""https://vector.lightning.force.com/lightning/r/Opportunity/006Kf00000LjuHHIAZ/view"", ""#TPCO Alimentos y Frutos S.A (Minuto Verde) #Looker #Campaign #Products"")",,,Corporate,MCO CORP SUR,,,,2026-05-22,2026-06-26,"$30,000.00",,,
Jaquelyn Montañez,"=HYPERLINK(""https://vector.lightning.force.com/lightning/r/Account/0014M00001h39APQAY/view"", ""Noventiq International Chile Spa"")","=HYPERLINK(""https://vector.lightning.force.com/lightning/r/Account/0014M00002AmFfUQAV/view"", ""Duncan Fox"")",Tier 2,"=HYPERLINK(""https://vector.lightning.force.com/lightning/r/Workload__c/aBJKf000009dxbJOAQ/view"", ""Minuto Verde - Compute Engine + Seguridad Noventiq"")",Christian Cuadros,3:  Proposal / Negotiation,🔴 Capacity Gap (0 DRP Profiles),"=HYPERLINK(""https://vector.lightning.force.com/lightning/r/Opportunity/006Kf00000NFcOuIAL/view"", ""Minuto Verde - Compute Engine + Seguridad"")",,"=HYPERLINK(""https://vector.lightning.force.com/lightning/r/Expert_Request__c/aAuKf000000TbnxKAC/view"", ""ER-511289"")",Corporate,MCO CORP SUR,Migrate Modernize and Build,"Migrate, Modernize and Build",Microsoft,2026-10-23,2026-11-27,"$90,000.00",,,
Jaquelyn Montañez,"=HYPERLINK(""https://vector.lightning.force.com/lightning/r/Account/0014M00001h39APQAY/view"", ""Noventiq International Chile Spa"")","=HYPERLINK(""https://vector.lightning.force.com/lightning/r/Account/0014M00001hMsVoQAK/view"", ""Forus"")",Tier 2,"=HYPERLINK(""https://vector.lightning.force.com/lightning/r/Workload__c/aBJKf000009dxPDOAY/view"", ""Forus Gemini Enterprise"")",Christian Cuadros,3:  Proposal / Negotiation,🟢 Ready (8 DRP Profiles),"=HYPERLINK(""https://vector.lightning.force.com/lightning/r/Opportunity/006Kf00000NysQYIAZ/view"", ""Forus Gemini Enterprise 200 Seats"")",,"ER-505156, ER-455529, ER-456737",Corporate,MCO CORP SUR,Build with AI,,,2026-10-30,2026-11-27,"$95,000.00",,,
Jaquelyn Montañez,"=HYPERLINK(""https://vector.lightning.force.com/lightning/r/Account/0014M00001h39APQAY/view"", ""Noventiq International Chile Spa"")","=HYPERLINK(""https://vector.lightning.force.com/lightning/r/Account/0014M00001hhdW2QAI/view"", ""TeamCore Solutions SPA"")",Tier 1,"=HYPERLINK(""https://vector.lightning.force.com/lightning/r/Workload__c/aBJKf000009tN3oOAE/view"", ""TeamCore - TSOL (XL Hosting) WL"")",Patricio Perez,4.1: Pre Ramp / Mobilize,🟢 Ready (4 DRP Profiles),"=HYPERLINK(""https://vector.lightning.force.com/lightning/r/Opportunity/006Kf00000NQuvTIAT/view"", ""TeamCore - TSOL (XL Hosting)"")",Migración coordinada para iniciar en Septiembre 2026 por prioridad de otras iniciativas,,Corporate,MCO CORP SUR,Migrate Modernize and Build,"Migrate, Modernize and Build",GKE/CloudRun,2026-09-01,2026-10-01,"$120,000.00",,,
Jaquelyn Montañez,"=HYPERLINK(""https://vector.lightning.force.com/lightning/r/Account/0014M00001h39APQAY/view"", ""Noventiq International Chile Spa"")","=HYPERLINK(""https://vector.lightning.force.com/lightning/r/Account/0014M00001hhdW2QAI/view"", ""TeamCore Solutions SPA"")",Tier 1,"=HYPERLINK(""https://vector.lightning.force.com/lightning/r/Workload__c/aBJKf000009tN3tOAE/view"", ""TeamCore - Datadog Marketplace"")",Patricio Perez,3:  Proposal / Negotiation,🟢 Ready (8 DRP Profiles),"=HYPERLINK(""https://vector.lightning.force.com/lightning/r/Opportunity/006Kf00000NQuwCIAT/view"", ""TeamCore - Datadog Marketplace"")","Pendiente de que termine el contrato actual con Datadog, previsto para migrar en Diciembre 2026",,Corporate,MCO CORP SUR,Networking,Cross Sales Play Solutions (Networking),Networking,2026-12-04,2027-01-22,"$120,000.00",,,
Jaquelyn Montañez,"=HYPERLINK(""https://vector.lightning.force.com/lightning/r/Account/0014M00001h39APQAY/view"", ""Noventiq International Chile Spa"")","=HYPERLINK(""https://vector.lightning.force.com/lightning/r/Account/0014M00002AmFfUQAV/view"", ""Duncan Fox"")",Tier 2,"=HYPERLINK(""https://vector.lightning.force.com/lightning/r/Workload__c/aBJKf000009tLJ7OAM/view"", ""Minuto Verde GCP Flex"")",Christian Cuadros,4.3: Migrated/Implemented,🟢 Ready (4 DRP Profiles),"=HYPERLINK(""https://vector.lightning.force.com/lightning/r/Opportunity/006Kf00000MiXQYIA3/view"", ""Minuto Verde GCP"")",,"ER-465412, ER-447712",Corporate,MCO CORP SUR,Migrate Modernize and Build,"Migrate, Modernize and Build",GKE/CloudRun,2026-04-24,2026-06-26,"$144,000.00",,,
Jaquelyn Montañez,"=HYPERLINK(""https://vector.lightning.force.com/lightning/r/Account/0014M00001h39APQAY/view"", ""Noventiq International Chile Spa"")","=HYPERLINK(""https://vector.lightning.force.com/lightning/r/Account/0014M00001hc0YyQAI/view"", ""COMPIN - MINSAL"")",Tier 1,"=HYPERLINK(""https://vector.lightning.force.com/lightning/r/Workload__c/aBJKf000009tKKDOA2/view"", ""WL: COMPIN | GCP: 40K | 1 Yr | New Logo"")",Oscar Barraza,4.3: Migrated/Implemented,🔴 Capacity Gap (0 DRP Profiles),"=HYPERLINK(""https://vector.lightning.force.com/lightning/r/Opportunity/006Kf00000NEV6uIAH/view"", ""WL: COMPIN | GCP: 40K | 1 Yr | New Logo"")",,,PS,MCO PS,Analytics,"Migrate, Modernize, and Build with Data Cloud (Analytics)",Migrate Data Warehouses to BigQuery,2025-12-22,2026-04-30,"$40,000.00",,,
Jaquelyn Montañez,"=HYPERLINK(""https://vector.lightning.force.com/lightning/r/Account/0014M00001h39APQAY/view"", ""Noventiq International Chile Spa"")","=HYPERLINK(""https://vector.lightning.force.com/lightning/r/Account/0014M00001rcxnVQAQ/view"", ""Carabineros de Chile"")",Tier 1,"=HYPERLINK(""https://vector.lightning.force.com/lightning/r/Workload__c/aBJKf000009tJ3SOAU/view"", ""WL: Carabineros de Chile | GCP: PSSA | 650K | 1 Yr | New Logo"")",Gerardo Gomez Dobree,3:  Proposal / Negotiation,🟢 Ready (4 DRP Profiles),"=HYPERLINK(""https://vector.lightning.force.com/lightning/r/Opportunity/006Kf00000MzGa2IAF/view"", ""WL: Carabineros de Chile | GCP: PSSA | 650K | 1 Yr | New Logo"")","GGD (2/2/2026): The Minister of Security approved the purchase of Google Cloud Credits, so we are expecting the tender to be published this week. Once that is achieved, we will Commit the opportunity.",,PS,MCO PS,Migrate Modernize and Build,"Migrate, Modernize and Build",GKE/CloudRun,2026-09-30,2026-10-30,"$650,000.00",,,
Jaquelyn Montañez,"=HYPERLINK(""https://vector.lightning.force.com/lightning/r/Account/0014M00001h39APQAY/view"", ""Noventiq International Chile Spa"")","=HYPERLINK(""https://vector.lightning.force.com/lightning/r/Account/0014M00001hhdWNQAY/view"", ""Clinica Las Condes S.A."")",Tier 2,"=HYPERLINK(""https://vector.lightning.force.com/lightning/r/Workload__c/aBJKf000009tIviOAE/view"", ""CLC DR"")",Christian Cuadros,3:  Proposal / Negotiation,🔴 Capacity Gap (0 DRP Profiles),"=HYPERLINK(""https://vector.lightning.force.com/lightning/r/Opportunity/006Kf00000KYO4TIAX/view"", ""Clinica Las Condes S.A. - Google Cloud Platform DR"")","Propuesta aprobada por el cliente, en cierre comercial","=HYPERLINK(""https://vector.lightning.force.com/lightning/r/Expert_Request__c/aAuKf000000tlSmKAI/view"", ""ER-444924"")",Corporate,MCO CORP SUR,Migrate Modernize and Build,"Migrate, Modernize and Build",Not a Solution,2026-12-30,2027-02-03,"$200,000.00",,,
Jaquelyn Montañez,"=HYPERLINK(""https://vector.lightning.force.com/lightning/r/Account/0014M00001h39APQAY/view"", ""Noventiq International Chile Spa"")","=HYPERLINK(""https://vector.lightning.force.com/lightning/r/Account/0014M00001hMsVoQAK/view"", ""Forus"")",Tier 2,"=HYPERLINK(""https://vector.lightning.force.com/lightning/r/Workload__c/aBJKf000006MdoROAS/view"", ""Agentspace - Forus"")",Francisca Tapia,4.3: Migrated/Implemented,🟢 Ready (8 DRP Profiles),"=HYPERLINK(""https://vector.lightning.force.com/lightning/r/Opportunity/006Kf00000MNMkZIAX/view"", ""Forus Agentspace#SalesCreditPOC"")",,,Corporate,MCO CORP SUR,Build with AI,,Not a Solution,2025-11-17,2025-11-24,"$17,000.00",,,
Jaquelyn Montañez,"=HYPERLINK(""https://vector.lightning.force.com/lightning/r/Account/0014M00001h39APQAY/view"", ""Noventiq International Chile Spa"")","=HYPERLINK(""https://vector.lightning.force.com/lightning/r/Account/0014M00001h56pFQAQ/view"", ""Empresa de Transporte de Pasajeros Metro SA"")",Tier 1,"=HYPERLINK(""https://vector.lightning.force.com/lightning/r/Workload__c/aBJKf000009t1VBOAY/view"", ""WL: Metro | GCP: 90 Licencias Agentspace | 40K | 1 Yr | New Logo | #OUT #Agent"")",Gerardo Gomez Dobree,4.3: Migrated/Implemented,🟢 Ready (2 DRP Profiles),"=HYPERLINK(""https://vector.lightning.force.com/lightning/r/Opportunity/006Kf00000LEPIkIAP/view"", ""WL: Metro | GCP: 90 Licencias Agentspace | 40K | 1 Yr | New Logo | #OUT #Agentspace"")",,,PS,MCO PS,Build with AI,Lead the Agentic Workplace Transformation (Gemini Enterprise),Gemini Enterprise,2025-10-08,2025-10-09,"$40,000.00",,,
Jaquelyn Montañez,"=HYPERLINK(""https://vector.lightning.force.com/lightning/r/Account/0014M00001h39APQAY/view"", ""Noventiq International Chile Spa"")","=HYPERLINK(""https://vector.lightning.force.com/lightning/r/Account/0014M00001htuQ2QAI/view"", ""Bethia S.A."")",Tier 2,"=HYPERLINK(""https://vector.lightning.force.com/lightning/r/Workload__c/aBJKf0000082BW2OAM/view"", ""Mega - AgentSpace"")",Francisca Tapia,4.3: Migrated/Implemented,🟢 Ready (8 DRP Profiles),"=HYPERLINK(""https://vector.lightning.force.com/lightning/r/Opportunity/006Kf00000M4SLcIAN/view"", ""Agentspace Megamedia"")",,,Corporate,MCO CORP SUR,Customer Engagement,Gemini Enterprise for Customer Experience (Customer Engagement),Customer Experience Agent Studio,2025-11-28,2025-12-23,"$5,280.00",,,
Jaquelyn Montañez,"=HYPERLINK(""https://vector.lightning.force.com/lightning/r/Account/0014M00001h39APQAY/view"", ""Noventiq International Chile Spa"")","=HYPERLINK(""https://vector.lightning.force.com/lightning/r/Account/0014M00001hVLEVQA4/view"", ""Corporacion de Fomento de la Produccion"")",Tier 1,"=HYPERLINK(""https://vector.lightning.force.com/lightning/r/Workload__c/aBJKf000009syjUOAQ/view"", ""CORFO | GCP: Wordpress | 30K | 1 Yr | New Logo"")",Gerardo Gomez Dobree,4.3: Migrated/Implemented,🟢 Ready (4 DRP Profiles),"=HYPERLINK(""https://vector.lightning.force.com/lightning/r/Opportunity/0064M00000cmpmyQAA/view"", ""CORFO | GCP: Wordpress | 30K | 1 Yr | New Logo"")",,,PS,MCO PS,Migrate Modernize and Build,"Migrate, Modernize and Build",GKE/CloudRun,2025-07-04,2025-07-25,"$30,000.00",,,
"Jaquelyn Montañez, Fernando Laguna","=HYPERLINK(""https://vector.lightning.force.com/lightning/r/Account/0014M00001h34A7QAI/view"", ""INFORMACION LOCALIZADA S.A.S. - SUCURSAL DEL PERU"")","=HYPERLINK(""https://vector.lightning.force.com/lightning/r/Account/0014M00001kwApBQAU/view"", ""Servex"")",Tier 3,"=HYPERLINK(""https://vector.lightning.force.com/lightning/r/Workload__c/aBJKf000009WF3oOAG/view"", ""Servex#GCP #Data Lake"")",Christiane Amorosino,0-2: Tech Eval/Solution Dev,🟢 Ready (31 DRP Profiles),"=HYPERLINK(""https://vector.lightning.force.com/lightning/r/Opportunity/006Kf00000PiYiEIAV/view"", ""Servex#GCP #Data Lake"")",,,Corporate,MCO CORP CCA,Analytics,"Migrate, Modernize, and Build with Data Cloud (Analytics)",Not a Solution,2026-11-30,2026-12-31,"$5,000.00",,,Priority
"Jaquelyn Montañez, Fernando Laguna","=HYPERLINK(""https://vector.lightning.force.com/lightning/r/Account/0014M00001h3AyDQAU/view"", ""INFORMACIÓN LOCALIZADA SAS"")","=HYPERLINK(""https://vector.lightning.force.com/lightning/r/Account/0014M00001hpDnIQAU/view"", ""COPSERVIR"")",Tier 2,"=HYPERLINK(""https://vector.lightning.force.com/lightning/r/Workload__c/aBJKf000009eTJ6OAM/view"", ""Copservir GE"")",Dario Palma Villarreal,3:  Proposal / Negotiation,🟢 Ready (3 DRP Profiles),"=HYPERLINK(""https://vector.lightning.force.com/lightning/r/Opportunity/006Kf00000OsDBsIAN/view"", ""Copservir - Gemini Enterprise"")",,,Corporate,MCO CORP NORTE,Build with AI,Lead the Agentic Workplace Transformation (Gemini Enterprise),Gemini Enterprise,2026-10-14,2026-10-14,"$63,000.00",,,Priority
"Jaquelyn Montañez, Fernando Laguna","=HYPERLINK(""https://vector.lightning.force.com/lightning/r/Account/0014M00002GHywFQAT/view"", ""INFORMACION LOCALIZADA SAS - Sucursal Panamá"")","=HYPERLINK(""https://vector.lightning.force.com/lightning/r/Account/0014M00001pp2aaQAA/view"", ""KREDIYA S.A."")",Tier 2,"=HYPERLINK(""https://vector.lightning.force.com/lightning/r/Workload__c/aBJKf000009WEXXOA4/view"", ""KREDIYA S.A. - Google Cloud - IA"")",Christiane Amorosino,0-2: Tech Eval/Solution Dev,🟢 Ready (3 DRP Profiles),"=HYPERLINK(""https://vector.lightning.force.com/lightning/r/Opportunity/006Kf00000PYBukIAH/view"", ""KREDIYA S.A. - Google Cloud - IA"")",Alineamiento partner 25/8 - Pendiente nueva sesión cliente Brenda,,Corporate,MCO CORP CCA,Build with AI,Lead the Agentic Workplace Transformation (Gemini Enterprise),Gemini Enterprise,2026-11-30,2026-12-31,"$50,000.00",,,Priority
"Jaquelyn Montañez, Fernando Laguna","=HYPERLINK(""https://vector.lightning.force.com/lightning/r/Account/0014M00002GHywFQAT/view"", ""INFORMACION LOCALIZADA SAS - Sucursal Panamá"")","=HYPERLINK(""https://vector.lightning.force.com/lightning/r/Account/0014M00001oifygQAA/view"", ""Farmacias Arrocha"")",Tier 2,"=HYPERLINK(""https://vector.lightning.force.com/lightning/r/Workload__c/aBJKf000009WEU4OAO/view"", ""Farmacias Arrocha - Google Cloud - Analytics"")",Christiane Amorosino,0-2: Tech Eval/Solution Dev,🟢 Ready (31 DRP Profiles),"=HYPERLINK(""https://vector.lightning.force.com/lightning/r/Opportunity/006Kf00000P796bIAB/view"", ""Farmacias Arrocha - Google Cloud - Analytics"")",,,Corporate,MCO CORP CCA,Analytics,"Migrate, Modernize, and Build with Data Cloud (Analytics)",Not a Solution,2026-11-30,2026-12-31,"$10,000.00",,,Priority
"Jaquelyn Montañez, Fernando Laguna","=HYPERLINK(""https://vector.lightning.force.com/lightning/r/Account/001Kf000012gXIzIAM/view"", ""INFORMACION LOCALIZADA S.A.S AGENCIA EN CHILE"")","=HYPERLINK(""https://vector.lightning.force.com/lightning/r/Account/0014M000026qNYRQA2/view"", ""Cooperativa Capel"")",Tier 2,"=HYPERLINK(""https://vector.lightning.force.com/lightning/r/Workload__c/aBJKf000009eRktOAE/view"", ""COOPERATIVACAPEL  DISASTER RECOVERY"")",Jilver Tyson Fuentes,0-2: Tech Eval/Solution Dev,🟢 Ready (35 DRP Profiles),"=HYPERLINK(""https://vector.lightning.force.com/lightning/r/Opportunity/006Kf00000PiJCyIAN/view"", ""COOPERATIVACAPEL OUT DISASTER RECOVERY GCP"")",,,Corporate,MCO CORP SUR,Migrate Modernize and Build,"Migrate, Modernize and Build",Not a Solution,2026-09-30,2026-10-31,"$30,000.00",,,Priority
"Jaquelyn Montañez, Fernando Laguna","=HYPERLINK(""https://vector.lightning.force.com/lightning/r/Account/0014M00001h34A7QAI/view"", ""INFORMACION LOCALIZADA S.A.S. - SUCURSAL DEL PERU"")","=HYPERLINK(""https://vector.lightning.force.com/lightning/r/Account/0014M00001hRoTJQA0/view"", ""Vistony Compañía Industrial del Perú S.A.C."")",Tier 3,"=HYPERLINK(""https://vector.lightning.force.com/lightning/r/Workload__c/aBJKf000009eRYTOA2/view"", ""Vistony | 50 Licencias Gemini Enterprise"")",Arianne Mahuad,0-2: Tech Eval/Solution Dev,🟢 Ready (3 DRP Profiles),"=HYPERLINK(""https://vector.lightning.force.com/lightning/r/Opportunity/006Kf00000OromyIAB/view"", ""Vistony | 50 Licencias Gemini Enterprise"")",,,Corporate,MCO CORP CCA,Build with AI,Lead the Agentic Workplace Transformation (Gemini Enterprise),Gemini Enterprise,2026-11-01,2026-12-15,"$15,000.00",,,Priority
"Jaquelyn Montañez, Fernando Laguna","=HYPERLINK(""https://vector.lightning.force.com/lightning/r/Account/001Kf00001BCjQ0IAL/view"", ""Información Localizada S.A.S."")","=HYPERLINK(""https://vector.lightning.force.com/lightning/r/Account/0014M00001hr9X7QAI/view"", ""Asociacion Mutual SanCor Salud"")",Tier 2,"=HYPERLINK(""https://vector.lightning.force.com/lightning/r/Workload__c/aBJKf000009WE3cOAG/view"", ""SanCor Salud Gemini Enterprise"")",Agustina Maria Cano,0-2: Tech Eval/Solution Dev,🟢 Ready (3 DRP Profiles),"=HYPERLINK(""https://vector.lightning.force.com/lightning/r/Opportunity/006Kf00000Pil3MIAR/view"", ""SanCor Salud #INB #Gemini Enterprise"")",31/08 tuvimos reunión el 27/08 Fase 0 · Habilitación del Billing ID Resolver la expiración de datos asociando el proyecto a una cuenta de facturación. Fase 1 seria Evaluar la migración a Looker Studio Pro  pero ellos dijeron que no están ahora para esa,,Corporate,MCO CORP SUR,Build with AI,Lead the Agentic Workplace Transformation (Gemini Enterprise),Gemini Enterprise,2026-11-16,2026-12-28,"$5,040.00",,,Priority
"Jaquelyn Montañez, Fernando Laguna","=HYPERLINK(""https://vector.lightning.force.com/lightning/r/Account/0014M00001h34A7QAI/view"", ""INFORMACION LOCALIZADA S.A.S. - SUCURSAL DEL PERU"")","=HYPERLINK(""https://vector.lightning.force.com/lightning/r/Account/0014M00001hfx2uQAA/view"", ""CLINICA SAN PABLO S.A.C."")",Tier 2,"=HYPERLINK(""https://vector.lightning.force.com/lightning/r/Workload__c/aBJKf000009WDvOOAW/view"", ""Clinica San Pablo #GCP #Gemini Enterprise Agent Platform"")",Christiane Amorosino,0-2: Tech Eval/Solution Dev,🟢 Ready (3 DRP Profiles),"=HYPERLINK(""https://vector.lightning.force.com/lightning/r/Opportunity/006Kf00000PihMAIAZ/view"", ""Clinica San Pablo #GCP #Gemini Enterprise Agent Platform"")",Sesión cliente y partner 14/8. Next Steps: [Gilmer]: Enviar el alcance propuesto prueba de concepto y el esquema de la arquitectura actual. [Partner]Compartir cuestionario. Programar reunión: Agendar una sesión con el equipo de infra de Gilmer .,,Corporate,MCO CORP CCA,Build with AI,Gemini Enterprise for Customer Experience (Build with AI),Not a Solution,2026-11-27,2026-12-31,"$20,000.00",,,Priority
"Jaquelyn Montañez, Fernando Laguna","=HYPERLINK(""https://vector.lightning.force.com/lightning/r/Account/0014M00001h34A7QAI/view"", ""INFORMACION LOCALIZADA S.A.S. - SUCURSAL DEL PERU"")","=HYPERLINK(""https://vector.lightning.force.com/lightning/r/Account/0014M00001oiNG3QAM/view"", ""Caja Municipal de Ahorro y Crédito de Arequipa S.A."")",Tier 2,"=HYPERLINK(""https://vector.lightning.force.com/lightning/r/Workload__c/aBJKf000009eRLPOA2/view"", ""Caja Arequipa | 50 Licencias Gemini Enterprise"")",Arianne Mahuad,0-2: Tech Eval/Solution Dev,🟢 Ready (3 DRP Profiles),"=HYPERLINK(""https://vector.lightning.force.com/lightning/r/Opportunity/006Kf00000OrlB4IAJ/view"", ""Caja Arequipa | 50 Licencias Gemini Enterprise"")",,,Corporate,MCO CORP CCA,Build with AI,Lead the Agentic Workplace Transformation (Gemini Enterprise),Gemini Enterprise,2026-11-01,2026-11-30,"$15,000.00",,,Priority
"Jaquelyn Montañez, Fernando Laguna","=HYPERLINK(""https://vector.lightning.force.com/lightning/r/Account/0014M00001h34A7QAI/view"", ""INFORMACION LOCALIZADA S.A.S. - SUCURSAL DEL PERU"")","=HYPERLINK(""https://vector.lightning.force.com/lightning/r/Account/0014M00001hYAcjQAG/view"", ""Corporacion Vega"")",Tier 2,"=HYPERLINK(""https://vector.lightning.force.com/lightning/r/Workload__c/aBJKf000009eRLjOAM/view"", ""Corporacion Vega | 50 Licencias Gemini Enterprise"")",Arianne Mahuad,0-2: Tech Eval/Solution Dev,🟢 Ready (3 DRP Profiles),"=HYPERLINK(""https://vector.lightning.force.com/lightning/r/Opportunity/006Kf00000OrlHHIAZ/view"", ""Corporacion Vega | 50 Licencias Gemini Enterprise"")",,,Corporate,MCO CORP CCA,Build with AI,Lead the Agentic Workplace Transformation (Gemini Enterprise),Gemini Enterprise,2026-11-01,2026-11-30,"$15,000.00",,,Priority
"Jaquelyn Montañez, Fernando Laguna","=HYPERLINK(""https://vector.lightning.force.com/lightning/r/Account/0014M00001h3AyDQAU/view"", ""INFORMACIÓN LOCALIZADA SAS"")","=HYPERLINK(""https://vector.lightning.force.com/lightning/r/Account/0014M00001hp5OiQAI/view"", ""LA CORPORACION COLOMBIANA DE INVESTIGACION AGROPECUARIA AGROSAVIA"")",Tier 3,"=HYPERLINK(""https://vector.lightning.force.com/lightning/r/Workload__c/aBJKf000009kLFjOAM/view"", ""Agrosavia_GE"")",Oswaldo Sanabria Rodriguez,0-2: Tech Eval/Solution Dev,🟢 Ready (3 DRP Profiles),"=HYPERLINK(""https://vector.lightning.force.com/lightning/r/Opportunity/006Kf00000PMzHqIAL/view"", ""#AWT_playcompete_Servi Agrosavia - GWS"")",,,Corporate,MCO CORP NORTE,Build with AI,Lead the Agentic Workplace Transformation (Gemini Enterprise),Gemini Enterprise,2026-10-12,2026-10-26,"$108,000.00",,,Priority
"Jaquelyn Montañez, Fernando Laguna","=HYPERLINK(""https://vector.lightning.force.com/lightning/r/Account/001Kf000012gXIzIAM/view"", ""INFORMACION LOCALIZADA S.A.S AGENCIA EN CHILE"")","=HYPERLINK(""https://vector.lightning.force.com/lightning/r/Account/0014M00001hhcfqQAA/view"", ""Besalco"")",Tier 2,"=HYPERLINK(""https://vector.lightning.force.com/lightning/r/Workload__c/aBJKf000009WDYAOA4/view"", ""BESALCO - GCP - Servinformacion"")",Jilver Tyson Fuentes,3:  Proposal / Negotiation,🟢 Ready (3 DRP Profiles),"=HYPERLINK(""https://vector.lightning.force.com/lightning/r/Opportunity/006Kf00000PN0NVIA1/view"", ""BESALCO - GCP -  Servinformacion"")",GE aún pausado. Estoy de mano con el partner para arrancar GE pronto finalize la migración.,,Corporate,MCO CORP SUR,Build with AI,Lead the Agentic Workplace Transformation (Gemini Enterprise),Gemini Enterprise,2026-10-29,2026-12-30,"$50,000.00",,,Priority
"Jaquelyn Montañez, Fernando Laguna","=HYPERLINK(""https://vector.lightning.force.com/lightning/r/Account/0014M00002TEROiQAP/view"", ""Servinformación S.A"")","=HYPERLINK(""https://vector.lightning.force.com/lightning/r/Account/0014M00001hWkGCQA0/view"", ""Grupo Diveco"")",Tier 3,"=HYPERLINK(""https://vector.lightning.force.com/lightning/r/Workload__c/aBJKf000009WDYyOAO/view"", ""DIVECO GE for CX"")",Christiane Amorosino,0-2: Tech Eval/Solution Dev,🟢 Ready (35 DRP Profiles),"=HYPERLINK(""https://vector.lightning.force.com/lightning/r/Opportunity/006Kf00000PFtq9IAD/view"", ""DIVECO GE for CX"")",Dimensionando infraestructura para el uso de Customer Experience,,Corporate,MCO CORP CCA,Build with AI,Gemini Enterprise for Customer Experience (Build with AI),AI Search & Specialized AI,2026-11-30,2026-12-31,"$30,000.00",,,Priority
"Jaquelyn Montañez, Fernando Laguna","=HYPERLINK(""https://vector.lightning.force.com/lightning/r/Account/001Kf00001BCjQ0IAL/view"", ""Información Localizada S.A.S."")","=HYPERLINK(""https://vector.lightning.force.com/lightning/r/Account/0014M00001h3l72QAA/view"", ""S.A. SAN MIGUEL A.G.I.C.I. y F."")",Tier 2,"=HYPERLINK(""https://vector.lightning.force.com/lightning/r/Workload__c/aBJKf000009WDPSOA4/view"", ""San Miguel Global infra fuera grow"")",Agustina Maria Cano,0-2: Tech Eval/Solution Dev,🟢 Ready (35 DRP Profiles),"=HYPERLINK(""https://vector.lightning.force.com/lightning/r/Opportunity/006Kf00000PYlkvIAD/view"", ""San Miguel Global #OUT #infra fuera lo de Grow"")","31/08 Hablé con Gabriel Ríos y aceptó la reunión con servi y vamosa marcar el 04/09 o la semana siguiente pq Gabreil va estar en Uruguay, servi ya se presentó y Gabriel me dijo que leyó el correo",,Corporate,MCO CORP SUR,Migrate Modernize and Build,Enterprise Platform of Choice: SAP,SAP Direct,2026-11-20,2026-12-21,"$60,000.00",,,Priority
"Jaquelyn Montañez, Fernando Laguna","=HYPERLINK(""https://vector.lightning.force.com/lightning/r/Account/0014M0000277PE9QAM/view"", ""SERVIBRASIL SOLUCOES EM TECNOLOGIA DA INFORMACAO LTDA."")","=HYPERLINK(""https://vector.lightning.force.com/lightning/r/Account/0014M000022FwpHQAS/view"", ""Vela LATAM"")",Tier 2,"=HYPERLINK(""https://vector.lightning.force.com/lightning/r/Workload__c/aBJKf000009ePJqOAM/view"", ""Escriba - Antigravity (Governança)"")",Victor Pimentel,0-2: Tech Eval/Solution Dev,🟢 Ready (35 DRP Profiles),"=HYPERLINK(""https://vector.lightning.force.com/lightning/r/Opportunity/006Kf00000Of2k1IAB/view"", ""Escriba #GCP #Antigravity"")",Marcar reunião técnica para aprofundar projeto,,Corporate,BR CORP,Build with AI,Scale AI Apps and Agents,,2026-08-19,2026-09-29,"$60,000.00",,,Priority
"Jaquelyn Montañez, Fernando Laguna","=HYPERLINK(""https://vector.lightning.force.com/lightning/r/Account/0014M00001h3AyDQAU/view"", ""INFORMACIÓN LOCALIZADA SAS"")","=HYPERLINK(""https://vector.lightning.force.com/lightning/r/Account/0014M00001hjFVIQA2/view"", ""ASOPAGOS S.A."")",Tier 2,"=HYPERLINK(""https://vector.lightning.force.com/lightning/r/Workload__c/aBJKf000009eOhIOAU/view"", ""Asopagos - Nuevos desarrollos + Deteccion amenazas"")",Dario Palma Villarreal,0-2: Tech Eval/Solution Dev,🟢 Ready (35 DRP Profiles),"=HYPERLINK(""https://vector.lightning.force.com/lightning/r/Opportunity/006Kf00000P83xUIAR/view"", ""#AWT_playcompete_Servi ASOPAGOS S A"")",15/07/2026 Tenemos cita el 16 de julio para mirar prioridades y poder avanzar,,Corporate,MCO CORP NORTE,Migrate Modernize and Build,,,2026-09-16,2026-09-30,"$170,000.00",,,Priority
"Jaquelyn Montañez, Fernando Laguna","=HYPERLINK(""https://vector.lightning.force.com/lightning/r/Account/0014M00001h3AyDQAU/view"", ""INFORMACIÓN LOCALIZADA SAS"")","=HYPERLINK(""https://vector.lightning.force.com/lightning/r/Account/0014M00001sdcy5QAA/view"", ""Grupo Altum"")",Tier 2,"=HYPERLINK(""https://vector.lightning.force.com/lightning/r/Workload__c/aBJKf000009eOhcOAE/view"", ""Altum - Infra"")",Dario Palma Villarreal,4.2: Ramping / Deliver,🟢 Ready (35 DRP Profiles),"=HYPERLINK(""https://vector.lightning.force.com/lightning/r/Opportunity/006Kf00000P5n5PIAR/view"", ""Grupo Altum - LABORATORIO IA (SOW) - GE - GWS- #AWT_playcompete_Servi"")",,,Corporate,MCO CORP NORTE,Migrate Modernize and Build,"Migrate, Modernize and Build",Not a Solution,2026-08-28,2026-08-28,"$110,000.00",,,Priority
"Jaquelyn Montañez, Fernando Laguna","=HYPERLINK(""https://vector.lightning.force.com/lightning/r/Account/0014M00001h3AyDQAU/view"", ""INFORMACIÓN LOCALIZADA SAS"")","=HYPERLINK(""https://vector.lightning.force.com/lightning/r/Account/0014M00001uF0qJQAS/view"", ""INDUSTRIAL CONCONCRETO S A S"")",Tier 2,"=HYPERLINK(""https://vector.lightning.force.com/lightning/r/Workload__c/aBJKf000009eOh8OAE/view"", ""Conconcreto - Davinci - Migration"")",Dario Palma Villarreal,3:  Proposal / Negotiation,🟢 Ready (35 DRP Profiles),"=HYPERLINK(""https://vector.lightning.force.com/lightning/r/Opportunity/006Kf00000P5ZhIIAV/view"", ""Constructora Conconcreto S.A - #AWT_playcompete_Servi"")",,,Corporate,MCO CORP NORTE,Migrate Modernize and Build,,,2026-09-09,2026-09-09,"$70,000.00",,,Priority
"Jaquelyn Montañez, Fernando Laguna","=HYPERLINK(""https://vector.lightning.force.com/lightning/r/Account/0014M00001h3AyDQAU/view"", ""INFORMACIÓN LOCALIZADA SAS"")","=HYPERLINK(""https://vector.lightning.force.com/lightning/r/Account/0014M00001hWsgwQAC/view"", ""FUNDACION VALLE DEL LILI"")",Tier 2,"=HYPERLINK(""https://vector.lightning.force.com/lightning/r/Workload__c/aBJKf000004ZLR8OAO/view"", ""WL_SoW DAF_fvl"")",Jorge Armando Barrios,4.1: Pre Ramp / Mobilize,🟢 Ready (35 DRP Profiles),"=HYPERLINK(""https://vector.lightning.force.com/lightning/r/Opportunity/006Kf00000POyFSIA1/view"", ""SoW DAF Fundación Valle del Lili Ensayos clínicos con IA"")","Empresa afectada por el terremoto, solicitan un margen de tiempo para mitigar la emergencia y luego avanzar.","=HYPERLINK(""https://vector.lightning.force.com/lightning/r/Expert_Request__c/aAuKf000000TaDoKAK/view"", ""ER-504239"")",Corporate,MCO CORP NORTE,Migrate Modernize and Build,"Migrate, Modernize and Build",Not a Solution,2026-09-01,2026-10-29,"$291,084.00",,,Priority
"Jaquelyn Montañez, Fernando Laguna","=HYPERLINK(""https://vector.lightning.force.com/lightning/r/Account/0014M00001w6OZ3QAM/view"", ""Servinformacion SA"")","=HYPERLINK(""https://vector.lightning.force.com/lightning/r/Account/0014M00001hcEHaQAM/view"", ""Ecuasal"")",Tier 3,"=HYPERLINK(""https://vector.lightning.force.com/lightning/r/Workload__c/aBJKf000009WBsNOAW/view"", ""FY26 Tier3 - Ecuasal #OUT #GCP # Infra #MV"")",Jorge Armando Barrios,0-2: Tech Eval/Solution Dev,🟢 Ready (35 DRP Profiles),"=HYPERLINK(""https://vector.lightning.force.com/lightning/r/Opportunity/006Kf00000PHyWwIAL/view"", ""FY26 Tier3 - Ecuasal #OUT #GCP # Infra #MV"")",Aguardando respuesta de la segunda propuesta.,,Corporate,MCO CORP NORTE,Migrate Modernize and Build,"Migrate, Modernize and Build",Linux,2026-10-09,2026-11-13,"$42,289.08",,,Priority
"Jaquelyn Montañez, Fernando Laguna","=HYPERLINK(""https://vector.lightning.force.com/lightning/r/Account/0014M00001h3AyDQAU/view"", ""INFORMACIÓN LOCALIZADA SAS"")","=HYPERLINK(""https://vector.lightning.force.com/lightning/r/Account/0014M00001h6YIoQAM/view"", ""EFICACIA S A"")",Tier 2,"=HYPERLINK(""https://vector.lightning.force.com/lightning/r/Workload__c/aBJKf000009WBirOAG/view"", ""EFICACIA - Licencias de Gemini Enterprise"")",Jorge Armando Barrios,0-2: Tech Eval/Solution Dev,🟢 Ready (35 DRP Profiles),"=HYPERLINK(""https://vector.lightning.force.com/lightning/r/Opportunity/006Kf00000PDyiyIAD/view"", ""EFICACIA - Licencias de Gemini Enterprise"")",Bussines case en construcción,,Corporate,MCO CORP NORTE,Build with AI,,,2026-10-01,2026-10-30,"$60,000.00",,,Priority
"Jaquelyn Montañez, Fernando Laguna","=HYPERLINK(""https://vector.lightning.force.com/lightning/r/Account/0014M00001h34A7QAI/view"", ""INFORMACION LOCALIZADA S.A.S. - SUCURSAL DEL PERU"")","=HYPERLINK(""https://vector.lightning.force.com/lightning/r/Account/0014M00001hRYo9QAG/view"", ""Laive S.A."")",Tier 2,"=HYPERLINK(""https://vector.lightning.force.com/lightning/r/Workload__c/aBJKf000009eMkPOAU/view"", ""Laive | 100 Licencias Gemini Enterprise"")",Arianne Mahuad,0-2: Tech Eval/Solution Dev,🟢 Ready (3 DRP Profiles),"=HYPERLINK(""https://vector.lightning.force.com/lightning/r/Opportunity/006Kf00000OqZY0IAN/view"", ""Laive | 100 Licencias Gemini Enterprise"")",FSR actuando directamente,"=HYPERLINK(""https://vector.lightning.force.com/lightning/r/Expert_Request__c/aAuKf000000PaLzKAK/view"", ""ER-495115"")",Corporate,MCO CORP CCA,Build with AI,Lead the Agentic Workplace Transformation (Gemini Enterprise),,2026-12-01,2026-12-31,"$30,000.00",,,Priority
"Jaquelyn Montañez, Fernando Laguna","=HYPERLINK(""https://vector.lightning.force.com/lightning/r/Account/0014M00001h34A7QAI/view"", ""INFORMACION LOCALIZADA S.A.S. - SUCURSAL DEL PERU"")","=HYPERLINK(""https://vector.lightning.force.com/lightning/r/Account/0014M00001mYWnxQAG/view"", ""Bóticas y Salud S.A.C."")",Tier 2,"=HYPERLINK(""https://vector.lightning.force.com/lightning/r/Workload__c/aBJKf000009WBGiOAO/view"", ""Bóticas y Salud | S.A.C GECX"")",Christiane Amorosino,0-2: Tech Eval/Solution Dev,🟢 Ready (35 DRP Profiles),"=HYPERLINK(""https://vector.lightning.force.com/lightning/r/Opportunity/006Kf00000POSB4IAP/view"", ""Bóticas y Salud | S.A.C GECX"")",22/7-El cliente confirmo interés en sesión presencial para nueva presentación de Demo.Aguardando disponibilidad cliente para workshop en Google,,Corporate,MCO CORP CCA,Build with AI,Gemini Enterprise for Customer Experience (Build with AI),AI Search & Specialized AI,2026-10-01,2026-11-30,"$20,000.00",,,Priority
"Jaquelyn Montañez, Fernando Laguna","=HYPERLINK(""https://vector.lightning.force.com/lightning/r/Account/0014M00001h3AyDQAU/view"", ""INFORMACIÓN LOCALIZADA SAS"")","=HYPERLINK(""https://vector.lightning.force.com/lightning/r/Account/0014M00001jvIYmQAM/view"", ""Grupo Pellas"")",Tier 3,"=HYPERLINK(""https://vector.lightning.force.com/lightning/r/Workload__c/aBJKf000009kHeGOAU/view"", ""Nicaragua Sugar - Gemini Ent - 100 Seats"")",Daniel Cornejo,0-2: Tech Eval/Solution Dev,🟢 Ready (3 DRP Profiles),"=HYPERLINK(""https://vector.lightning.force.com/lightning/r/Opportunity/006Kf00000LlTLuIAN/view"", ""Nicaragua Sugar - Gem Ent - 30 Seats"")",Pendiente dimensionar propuesta por el partner,,Corporate,MCO CORP CCA,Build with AI,Lead the Agentic Workplace Transformation (Gemini Enterprise),Gemini Enterprise,2026-11-12,2026-12-17,"$25,000.00",,,Priority
"Jaquelyn Montañez, Fernando Laguna","=HYPERLINK(""https://vector.lightning.force.com/lightning/r/Account/001Kf00001BCjQ0IAL/view"", ""Información Localizada S.A.S."")","=HYPERLINK(""https://vector.lightning.force.com/lightning/r/Account/0014M00001jwE51QAE/view"", ""Wallib SAS"")",Tier 3,"=HYPERLINK(""https://vector.lightning.force.com/lightning/r/Workload__c/aBJKf000009eGXjOAM/view"", ""FY26 INDUSTRIAS HACEB #Inbound #Gemini Enterprise #Iniciativas de IA"")",Jorge Armando Barrios,0-2: Tech Eval/Solution Dev,🟢 Ready (3 DRP Profiles),"=HYPERLINK(""https://vector.lightning.force.com/lightning/r/Opportunity/006Kf00000P78DqIAJ/view"", ""FY26 INDUSTRIAS HACEB #Inbound #Gemini Enterprise #Iniciativas de IA"")",El Partner informó que están coordinando agenda para la siguiente reunión y definir el scope del taller.,"=HYPERLINK(""https://vector.lightning.force.com/lightning/r/Expert_Request__c/aAuKf000000TakTKAS/view"", ""ER-506590"")",Corporate,MCO CORP NORTE,Build with AI,Lead the Agentic Workplace Transformation (Gemini Enterprise),Gemini Enterprise,2026-11-26,2026-12-28,"$120,000.00",,,Priority
"Jaquelyn Montañez, Fernando Laguna","=HYPERLINK(""https://vector.lightning.force.com/lightning/r/Account/0014M00001h3AyDQAU/view"", ""INFORMACIÓN LOCALIZADA SAS"")","=HYPERLINK(""https://vector.lightning.force.com/lightning/r/Account/0014M00001hf8yJQAQ/view"", ""FARMAENLACE CIA. LTDA."")",Tier 2,"=HYPERLINK(""https://vector.lightning.force.com/lightning/r/Workload__c/aBJKf000009eFPKOA2/view"", ""Revenue Incrementales nuevas empresas"")",Jorge Armando Barrios,3:  Proposal / Negotiation,🔴 Capacity Gap (0 DRP Profiles),"=HYPERLINK(""https://vector.lightning.force.com/lightning/r/Opportunity/006Kf00000Op6PsIAJ/view"", ""Nuevas Empresas Farmaenlace"")",So solicitará información al partner en la cadencia del 26/08.,"=HYPERLINK(""https://vector.lightning.force.com/lightning/r/Expert_Request__c/aAuKf000000oRN2KAM/view"", ""ER-487768"")",Corporate,MCO CORP NORTE,Migrate Modernize and Build,Enterprise Platform of Choice: SAP,Not a Solution,2026-11-09,2026-12-07,"$100,000.00",,,Priority
"Jaquelyn Montañez, Fernando Laguna","=HYPERLINK(""https://vector.lightning.force.com/lightning/r/Account/0014M00001h3AyDQAU/view"", ""INFORMACIÓN LOCALIZADA SAS"")","=HYPERLINK(""https://vector.lightning.force.com/lightning/r/Account/0014M00001sBaq9QAC/view"", ""Grupo VILASECA"")",Tier 2,"=HYPERLINK(""https://vector.lightning.force.com/lightning/r/Workload__c/aBJKf000009tVIwOAM/view"", ""Cortex & Looker & Historicos SAP"")",Jorge Armando Barrios,0-2: Tech Eval/Solution Dev,🟢 Ready (31 DRP Profiles),"=HYPERLINK(""https://vector.lightning.force.com/lightning/r/Opportunity/006Kf00000NSLa4IAH/view"", ""SAP Cortex e Historicos"")","Se presento el nuevo agente de analytics, el cliente estará probando el agente para tomar una desición","ER-500324, ER-509803, ER-494840, ER-490427",Corporate,MCO CORP NORTE,Analytics,"Migrate, Modernize, and Build with Data Cloud (Analytics)",Migrate Data Warehouses to BigQuery,2026-09-21,2026-10-19,"$120,000.00",,,Priority
"Jaquelyn Montañez, Fernando Laguna","=HYPERLINK(""https://vector.lightning.force.com/lightning/r/Account/0014M00002GHyqCQAT/view"", ""SERVINFORMACION EL SALVADOR, SOCIEDAD ANONIMA DE CAPITAL VARIABLE"")","=HYPERLINK(""https://vector.lightning.force.com/lightning/r/Account/0014M00002RRYcjQAH/view"", ""Grupo Financiero Cuscatlan S.A. de C.V."")",Tier 2,"=HYPERLINK(""https://vector.lightning.force.com/lightning/r/Workload__c/aBJKf0000082KEqOAM/view"", ""[GECX] Banco Cuscatlan - #CXAgentStudio - Case Credi YA - Whatapp - WL"")",Christiane Amorosino,3:  Proposal / Negotiation,🟢 Ready (35 DRP Profiles),"=HYPERLINK(""https://vector.lightning.force.com/lightning/r/Opportunity/006Kf00000N5EzEIAV/view"", ""[GECX] Banco Cuscatlan - #CXAgentStudio - CREDIYA POC - #SalesCreditPOC"")",08/23/26(RL)Present a new proposal to the customer. NA: Determine with the CE if any support is needed and how to help move this WL.,"=HYPERLINK(""https://vector.lightning.force.com/lightning/r/Expert_Request__c/aAuKf000000oR32KAE/view"", ""ER-486042"")",Corporate,MCO CORP CCA,Customer Engagement,Gemini Enterprise for Customer Experience (Customer Engagement),Customer Experience Agent Studio,2026-11-30,2026-12-31,"$29,445.00",,,Priority
"Jaquelyn Montañez, Fernando Laguna","=HYPERLINK(""https://vector.lightning.force.com/lightning/r/Account/0014M00002TEROiQAP/view"", ""Servinformación S.A"")","=HYPERLINK(""https://vector.lightning.force.com/lightning/r/Account/0014M00002OCtLgQAL/view"", ""Licores de Guatemala"")",Tier 2,"=HYPERLINK(""https://vector.lightning.force.com/lightning/r/Workload__c/aBJKf000006MdyROAS/view"", ""Rones de Guatemala - Migración SAP IAAS"")",Christiane Amorosino,3:  Proposal / Negotiation,🟢 Ready (35 DRP Profiles),"=HYPERLINK(""https://vector.lightning.force.com/lightning/r/Opportunity/006Kf00000MwXW8IAN/view"", ""Rones de Guatemala - Migración SAP IAAS"")",Proyecto quedó para Q4,"=HYPERLINK(""https://vector.lightning.force.com/lightning/r/Expert_Request__c/aAuKf000000TYiBKAW/view"", ""ER-497826"")",Corporate,MCO CORP CCA,Migrate Modernize and Build,Enterprise Platform of Choice: SAP,SAP Direct,2027-01-29,2027-02-26,"$80,000.00",,,Priority
"Jaquelyn Montañez, Fernando Laguna","=HYPERLINK(""https://vector.lightning.force.com/lightning/r/Account/0014M00002GHyqCQAT/view"", ""SERVINFORMACION EL SALVADOR, SOCIEDAD ANONIMA DE CAPITAL VARIABLE"")","=HYPERLINK(""https://vector.lightning.force.com/lightning/r/Account/0014M00001hlaVZQAY/view"", ""Compania Azucarera Salvadorena SA de CV"")",Tier 2,"=HYPERLINK(""https://vector.lightning.force.com/lightning/r/Workload__c/aBJKf00000826NAOAY/view"", ""Grupo Cassa - SAP on GCP"")",Daniel Cornejo,3:  Proposal / Negotiation,🟢 Ready (35 DRP Profiles),"=HYPERLINK(""https://vector.lightning.force.com/lightning/r/Opportunity/006Kf00000MvW9hIAF/view"", ""Grupo CASSA - SAP Hana / Cortex"")","Se estuvo ayudando a solucionar su conexion de GE con cloud identity (conectado con su directorio activo), mientras estan en conversaciones, se esta en reuniones y conversacion.","=HYPERLINK(""https://vector.lightning.force.com/lightning/r/Expert_Request__c/aAuKf00000113QhKAI/view"", ""ER-383794"")",Corporate,MCO CORP CCA,Migrate Modernize and Build,Enterprise Platform of Choice: SAP,SAP Direct,2026-12-17,2026-12-30,"$80,000.00",,,Priority
"Jaquelyn Montañez, Fernando Laguna","=HYPERLINK(""https://vector.lightning.force.com/lightning/r/Account/0014M00001h3AyDQAU/view"", ""INFORMACIÓN LOCALIZADA SAS"")","=HYPERLINK(""https://vector.lightning.force.com/lightning/r/Account/0014M00001huvY4QAI/view"", ""CAJA DE COMPENSACION FAMILIAR COMPENSAR"")",Tier 1,"=HYPERLINK(""https://vector.lightning.force.com/lightning/r/Workload__c/aBJKf000009WEwcOAG/view"", ""Infra Proy Masterbot Compensar"")",Dora Buitrago Daza,0-2: Tech Eval/Solution Dev,🟢 Ready (35 DRP Profiles),"=HYPERLINK(""https://vector.lightning.force.com/lightning/r/Opportunity/006Kf00000PiD5fIAF/view"", ""COMPENSAR - Infraestructura Proyecto Masterbot"")",Definiendo Arquitectura y Propuesta de servicios de Servinformacion,,MCO,Colombia,Build with AI,"Your Business, Your Models",Agent and Model Platform,2026-11-30,2027-01-31,"$27,000.00",,,
"Jaquelyn Montañez, Fernando Laguna","=HYPERLINK(""https://vector.lightning.force.com/lightning/r/Account/0014M00002TEROiQAP/view"", ""Servinformación S.A"")","=HYPERLINK(""https://vector.lightning.force.com/lightning/r/Account/0014M00001hW5IBQA0/view"", ""AutoGlass"")",Tier 2,"=HYPERLINK(""https://vector.lightning.force.com/lightning/r/Workload__c/aBJKf000009kMPaOAM/view"", ""Infra - nova instancia"")",Felipe Pilon,0-2: Tech Eval/Solution Dev,🟢 Ready (35 DRP Profiles),"=HYPERLINK(""https://vector.lightning.force.com/lightning/r/Opportunity/006Kf00000OC72uIAD/view"", ""maxpar - infra"")",,,Corporate,BR CORP,,,,2026-10-12,2026-10-28,"$450,000.00",,,
"Jaquelyn Montañez, Fernando Laguna","=HYPERLINK(""https://vector.lightning.force.com/lightning/r/Account/0014M00002GHyqCQAT/view"", ""SERVINFORMACION EL SALVADOR, SOCIEDAD ANONIMA DE CAPITAL VARIABLE"")","=HYPERLINK(""https://vector.lightning.force.com/lightning/r/Account/0014M0000202gNwQAI/view"", ""Consejo de la Judicatura"")",Tier 1,"=HYPERLINK(""https://vector.lightning.force.com/lightning/r/Workload__c/aBJKf000004ZQJxOAO/view"", ""Consejo Ecuador - Gemini Enterprise App"")",Alejandro Riveros,4.2: Ramping / Deliver,🟢 Ready (3 DRP Profiles),,The project is in the initial phase and we will be on Gemini Enterprise Academy training,,PS,MEXICO & PECS PS,Build with AI,Lead the Agentic Workplace Transformation (Gemini Enterprise),Gemini Enterprise,2026-07-29,2026-12-21,"$300,000.00",,,
"Jaquelyn Montañez, Fernando Laguna","=HYPERLINK(""https://vector.lightning.force.com/lightning/r/Account/0014M0000277PE9QAM/view"", ""SERVIBRASIL SOLUCOES EM TECNOLOGIA DA INFORMACAO LTDA."")","=HYPERLINK(""https://vector.lightning.force.com/lightning/r/Account/001Kf000015kisPIAQ/view"", ""Reinvent"")",Tier 3,"=HYPERLINK(""https://vector.lightning.force.com/lightning/r/Workload__c/aBJKf000009WEt9OAG/view"", ""Reinvent- AWS to GCP"")",Richard Bucalem,0-2: Tech Eval/Solution Dev,🟢 Ready (35 DRP Profiles),"=HYPERLINK(""https://vector.lightning.force.com/lightning/r/Opportunity/006Kf00000PivO9IAJ/view"", ""Reinvent - Migração AWS para GCP"")",,,Brazil,Brazil DN,,,,2026-11-26,2026-12-14,"$98,000.00",,,
"Jaquelyn Montañez, Fernando Laguna","=HYPERLINK(""https://vector.lightning.force.com/lightning/r/Account/0014M00001h3AyDQAU/view"", ""INFORMACIÓN LOCALIZADA SAS"")","=HYPERLINK(""https://vector.lightning.force.com/lightning/r/Account/0014M00001h6o9VQAQ/view"", ""Universidad Militar Nueva Granada UMNG"")",Tier 1,"=HYPERLINK(""https://vector.lightning.force.com/lightning/r/Workload__c/aBJKf000009WEljOAG/view"", ""#AWT_playcompete_Servi Universidad Militar Nueva Granada - GEMINI ENTERPRISE - 1"")",Lauro Garcia,0-2: Tech Eval/Solution Dev,🟢 Ready (35 DRP Profiles),"=HYPERLINK(""https://vector.lightning.force.com/lightning/r/Opportunity/006Kf00000OmRxpIAF/view"", ""#AWT_playcompete_Servi Universidad Militar Nueva Granada - GEMINI ENTERPRISE - 100seats"")",,,PS,EDU PS,Build with AI,Gemini Enterprise for Customer Experience (Build with AI),AI Search & Specialized AI,,,"$15,000.00",,,
"Jaquelyn Montañez, Fernando Laguna","=HYPERLINK(""https://vector.lightning.force.com/lightning/r/Account/0014M0000277PE9QAM/view"", ""SERVIBRASIL SOLUCOES EM TECNOLOGIA DA INFORMACAO LTDA."")","=HYPERLINK(""https://vector.lightning.force.com/lightning/r/Account/0014M00001hfz1IQAQ/view"", ""CYAN AGROANALYTICS - INT CLIMATICA E SENSORIAMENTO REMOTO LTDA"")",Tier 3,"=HYPERLINK(""https://vector.lightning.force.com/lightning/r/Workload__c/aBJKf000009eTEGOA2/view"", ""[Cyan Agroanalytics] Gemini Enterprise App"")",Fernando Batagin Junior,4.2: Ramping / Deliver,🟢 Ready (3 DRP Profiles),"=HYPERLINK(""https://vector.lightning.force.com/lightning/r/Opportunity/006Kf00000NSVLZIA5/view"", ""Cyan Agroanalytics - GCP - Gemini Enterprise - #BR #OUT"")",,,Brazil,Brazil DN,Build with AI,Lead the Agentic Workplace Transformation (Gemini Enterprise),Gemini Enterprise,2026-06-01,2027-04-05,"$3,769.92",,,
"Jaquelyn Montañez, Fernando Laguna","=HYPERLINK(""https://vector.lightning.force.com/lightning/r/Account/0014M0000277PE9QAM/view"", ""SERVIBRASIL SOLUCOES EM TECNOLOGIA DA INFORMACAO LTDA."")","=HYPERLINK(""https://vector.lightning.force.com/lightning/r/Account/0014M00001hq6qUQAQ/view"", ""Bom Futuro Agrícola Ltda"")",Tier 2,"=HYPERLINK(""https://vector.lightning.force.com/lightning/r/Workload__c/aBJKf000004ZPTDOA4/view"", ""Bom Futuro Agrícola  #GEMINIENTERPRISE #GCP #OUT"")",Tamires Peres,0-2: Tech Eval/Solution Dev,🟢 Ready (35 DRP Profiles),"=HYPERLINK(""https://vector.lightning.force.com/lightning/r/Opportunity/006Kf00000Os1hDIAR/view"", ""Bom Futuro Agrícola  #GEMINIENTERPRISE #GCP #OUT"")",TP 31/08 - Follow up via W.,,Corporate,BR CORP,Build with AI,Gemini Enterprise for Customer Experience (Build with AI),AI Search & Specialized AI,2026-10-21,2026-11-21,"$189,000.00",,,
"Jaquelyn Montañez, Fernando Laguna","=HYPERLINK(""https://vector.lightning.force.com/lightning/r/Account/0014M00002NSRhUQAX/view"", ""SITINFORMACION"")","=HYPERLINK(""https://vector.lightning.force.com/lightning/r/Account/0014M00001hSLPIQA4/view"", ""Grupo Cinemex, S.A. de C.V."")",Tier 1,"=HYPERLINK(""https://vector.lightning.force.com/lightning/r/Workload__c/aBJKf000009WEPxOAO/view"", ""BigQuery Casos de uso Adicionales"")",Eduardo Bello,0-2: Tech Eval/Solution Dev,🟢 Ready (31 DRP Profiles),"=HYPERLINK(""https://vector.lightning.force.com/lightning/r/Opportunity/006Kf00000OfCCYIA3/view"", ""Cinemex - Casos de Uso BQ Adicionales"")",en discovery con cliente,"=HYPERLINK(""https://vector.lightning.force.com/lightning/r/Expert_Request__c/aAuKf000000TbRcKAK/view"", ""ER-509572"")",Mexico,MX Multi-industry & Monterrey,Analytics,"Migrate, Modernize, and Build with Data Cloud (Analytics)",Not a Solution,2026-11-16,2026-11-27,"$70,000.00",,,
"Jaquelyn Montañez, Fernando Laguna","=HYPERLINK(""https://vector.lightning.force.com/lightning/r/Account/0014M0000277PE9QAM/view"", ""SERVIBRASIL SOLUCOES EM TECNOLOGIA DA INFORMACAO LTDA."")","=HYPERLINK(""https://vector.lightning.force.com/lightning/r/Account/0014M00001hq6qUQAQ/view"", ""Bom Futuro Agrícola Ltda"")",Tier 2,"=HYPERLINK(""https://vector.lightning.force.com/lightning/r/Workload__c/aBJKf000004ZPTNOA4/view"", ""Bom Futuro Agrícola  #GoogleEarthEngine #GCP #OUT"")",Tamires Peres,0-2: Tech Eval/Solution Dev,🟢 Ready (31 DRP Profiles),"=HYPERLINK(""https://vector.lightning.force.com/lightning/r/Opportunity/006Kf00000Os1jxIAB/view"", ""Bom Futuro Agrícola  #GoogleEarthEngine #GCP #OUT"")",TP 31/08 - Follow up via W.,,Corporate,BR CORP,Analytics,"Migrate, Modernize, and Build with Data Cloud (Analytics)",Multi-Modal Data Processing & Multi-Cloud (Lakehouse),2026-10-21,2026-11-21,"$50,000.00",,,
"Jaquelyn Montañez, Fernando Laguna","=HYPERLINK(""https://vector.lightning.force.com/lightning/r/Account/001Kf000012gXIzIAM/view"", ""INFORMACION LOCALIZADA S.A.S AGENCIA EN CHILE"")","=HYPERLINK(""https://vector.lightning.force.com/lightning/r/Account/0014M00001hVLEVQA4/view"", ""Corporacion de Fomento de la Produccion"")",Tier 1,"=HYPERLINK(""https://vector.lightning.force.com/lightning/r/Workload__c/aBJKf000009kLxWOAU/view"", ""WL CORFO | Azure Exit | 200k | 5Y | Servinformacion"")",German Muñoz Veloso,0-2: Tech Eval/Solution Dev,🟢 Ready (35 DRP Profiles),"=HYPERLINK(""https://vector.lightning.force.com/lightning/r/Opportunity/006Kf00000OC4b3IAD/view"", ""G | WL | CORFO | Azure Exit | 200k | 5Y | SWONE"")",,"=HYPERLINK(""https://vector.lightning.force.com/lightning/r/Expert_Request__c/aAuKf000000oWNCKA2/view"", ""ER-512232"")",PS,MCO PS,,,,2027-04-30,2027-06-30,"$200,000.00",,,
"Jaquelyn Montañez, Fernando Laguna","=HYPERLINK(""https://vector.lightning.force.com/lightning/r/Account/0014M00002TEROiQAP/view"", ""Servinformación S.A"")","=HYPERLINK(""https://vector.lightning.force.com/lightning/r/Account/0014M00001h3YBnQAM/view"", ""Corporacion Multi Inversiones S.A"")",Tier 1,"=HYPERLINK(""https://vector.lightning.force.com/lightning/r/Workload__c/aBJKf000009kLz8OAE/view"", ""CMI - Servo - 2da ampliación 30 Lic GE"")",Daniel Cornejo,3:  Proposal / Negotiation,🟢 Ready (3 DRP Profiles),"=HYPERLINK(""https://vector.lightning.force.com/lightning/r/Opportunity/006Kf00000OC4idIAD/view"", ""CMI - Servi - 2da ampliacion 30 Lic GE"")",,,Corporate,MCO CORP CCA,Build with AI,Lead the Agentic Workplace Transformation (Gemini Enterprise),Gemini Enterprise,2026-09-01,2026-09-02,"$5,156.00",,,
"Jaquelyn Montañez, Fernando Laguna","=HYPERLINK(""https://vector.lightning.force.com/lightning/r/Account/0014M00001w6OZ3QAM/view"", ""Servinformacion SA"")","=HYPERLINK(""https://vector.lightning.force.com/lightning/r/Account/0014M00001rbPTqQAM/view"", ""MEGA SANTAMARIA S.A."")",Tier 2,"=HYPERLINK(""https://vector.lightning.force.com/lightning/r/Workload__c/aBJKf000009kLu3OAE/view"", ""#GCP #GE"")",Alexandra Rodríguez,0-2: Tech Eval/Solution Dev,🔴 Capacity Gap (0 DRP Profiles),"=HYPERLINK(""https://vector.lightning.force.com/lightning/r/Opportunity/006Kf00000OC4LeIAL/view"", ""Mega Santamaria #GCP #GE #Journeytocloud"")",,,Corporate,MCO CORP NORTE,Infra AI,AI Infrastructure,AI Infra - Other,2027-03-19,2027-04-09,"$100,000.00",,,
"Jaquelyn Montañez, Fernando Laguna","=HYPERLINK(""https://vector.lightning.force.com/lightning/r/Account/0014M00001h34A7QAI/view"", ""INFORMACION LOCALIZADA S.A.S. - SUCURSAL DEL PERU"")","=HYPERLINK(""https://vector.lightning.force.com/lightning/r/Account/0014M00001kwApBQAU/view"", ""Servex"")",Tier 3,"=HYPERLINK(""https://vector.lightning.force.com/lightning/r/Workload__c/aBJKf000009WEBROA4/view"", ""Servex # Gemini Enterprise"")",Christiane Amorosino,0-2: Tech Eval/Solution Dev,🟢 Ready (35 DRP Profiles),"=HYPERLINK(""https://vector.lightning.force.com/lightning/r/Opportunity/006Kf00000PhpG0IAJ/view"", ""Servex #GCP# Gemini Enterprise CX# MCO# Out."")",Programar sesión Angela - Servex & partner Servinformación,,Corporate,MCO CORP CCA,Build with AI,Gemini Enterprise for Customer Experience (Build with AI),AI Search & Specialized AI,2026-11-30,2026-12-31,"$20,000.00",,,
"Jaquelyn Montañez, Fernando Laguna","=HYPERLINK(""https://vector.lightning.force.com/lightning/r/Account/0014M00002GHyqCQAT/view"", ""SERVINFORMACION EL SALVADOR, SOCIEDAD ANONIMA DE CAPITAL VARIABLE"")","=HYPERLINK(""https://vector.lightning.force.com/lightning/r/Account/0014M00001hlaVZQAY/view"", ""Compania Azucarera Salvadorena SA de CV"")",Tier 2,"=HYPERLINK(""https://vector.lightning.force.com/lightning/r/Workload__c/aBJKf000009eRkyOAE/view"", ""Cassa - Data Lake"")",Claudia Cermeli,0-2: Tech Eval/Solution Dev,🟢 Ready (31 DRP Profiles),"=HYPERLINK(""https://vector.lightning.force.com/lightning/r/Opportunity/006Kf00000Ort5VIAR/view"", ""Cassa - Data Lake"")",Technical workshop,,Corporate,MCO CORP CCA,Analytics,"Migrate, Modernize, and Build with Data Cloud (Analytics)",Migrate Data Warehouses to BigQuery,2026-10-12,2027-01-22,"$60,000.00",,,
"Jaquelyn Montañez, Fernando Laguna","=HYPERLINK(""https://vector.lightning.force.com/lightning/r/Account/001Kf00001BCjQ0IAL/view"", ""Información Localizada S.A.S."")","=HYPERLINK(""https://vector.lightning.force.com/lightning/r/Account/0014M00001hr9X7QAI/view"", ""Asociacion Mutual SanCor Salud"")",Tier 2,"=HYPERLINK(""https://vector.lightning.force.com/lightning/r/Workload__c/aBJKf000009WE3hOAG/view"", ""SanCor Salud Bigquery Looker"")",Agustina Maria Cano,0-2: Tech Eval/Solution Dev,🟢 Ready (31 DRP Profiles),"=HYPERLINK(""https://vector.lightning.force.com/lightning/r/Opportunity/006Kf00000PihOaIAJ/view"", ""SanCor Salud #INB #Bigquery #Looker"")",31/08 tuvimos reunión el 27/08 Fase 0 · Habilitación del Billing ID Resolver la expiración de datos asociando el proyecto a una cuenta de facturación. Fase 1 seria Evaluar la migración a Looker Studio Pro  pero ellos dijeron que no están ahora para esa fa,,Corporate,MCO CORP SUR,Analytics,"Migrate, Modernize, and Build with Data Cloud (Analytics)",Migrate Data Warehouses to BigQuery,2026-11-16,2026-12-16,"$113,000.00",,,
"Jaquelyn Montañez, Fernando Laguna","=HYPERLINK(""https://vector.lightning.force.com/lightning/r/Account/0014M00001h34A7QAI/view"", ""INFORMACION LOCALIZADA S.A.S. - SUCURSAL DEL PERU"")","=HYPERLINK(""https://vector.lightning.force.com/lightning/r/Account/0014M00001hfx2uQAA/view"", ""CLINICA SAN PABLO S.A.C."")",Tier 2,"=HYPERLINK(""https://vector.lightning.force.com/lightning/r/Workload__c/aBJKf000009WDvTOAW/view"", ""Clinica San Pablo #GCP #Gemini Enterprise Agent Platform"")",Christiane Amorosino,0-2: Tech Eval/Solution Dev,🟢 Ready (3 DRP Profiles),"=HYPERLINK(""https://vector.lightning.force.com/lightning/r/Opportunity/006Kf00000PihKTIAZ/view"", ""ClinicaSanPablo #GCP #Data Analitica"")",Sesión cliente y partner 14/8. Next Steps: [Gilmer]: Enviar el alcance propuesto prueba de concepto y el esquema de la arquitectura actual. [Partner]Compartir cuestionario. Programar reunión: Agendar una sesión con el equipo de infra de Gilmer .,,Corporate,MCO CORP CCA,Build with AI,Lead the Agentic Workplace Transformation (Gemini Enterprise),Not a Solution,2026-11-27,2026-12-31,"$30,000.00",,,
"Jaquelyn Montañez, Fernando Laguna","=HYPERLINK(""https://vector.lightning.force.com/lightning/r/Account/0014M00002GHywFQAT/view"", ""INFORMACION LOCALIZADA SAS - Sucursal Panamá"")","=HYPERLINK(""https://vector.lightning.force.com/lightning/r/Account/0014M00001lyeBfQAI/view"", ""Banco Mercantil"")",Tier 2,"=HYPERLINK(""https://vector.lightning.force.com/lightning/r/Workload__c/aBJKf000009WDrvOAG/view"", ""Mercantil Banco Duet AI"")",Ricardo Agosto,0-2: Tech Eval/Solution Dev,🟢 Ready (35 DRP Profiles),"=HYPERLINK(""https://vector.lightning.force.com/lightning/r/Opportunity/006Kf00000PYOrKIAX/view"", ""Mercantil Banco Panamá"")",11/8 -cambio de solución a Gemini,,Corporate,MCO CORP CCA,Build with AI,Gemini Enterprise for Customer Experience (Build with AI),AI Search & Specialized AI,2026-11-27,2026-12-31,"$5,000.00",,,
"Jaquelyn Montañez, Fernando Laguna","=HYPERLINK(""https://vector.lightning.force.com/lightning/r/Account/0014M0000277PE9QAM/view"", ""SERVIBRASIL SOLUCOES EM TECNOLOGIA DA INFORMACAO LTDA."")","=HYPERLINK(""https://vector.lightning.force.com/lightning/r/Account/0014M00001hq5H5QAI/view"", ""RBS Participações S/A"")",Tier 2,"=HYPERLINK(""https://vector.lightning.force.com/lightning/r/Workload__c/aBJKf000009eQnmOAE/view"", ""[RBS] #Media Content Management"")",Daniel Prudencio,0-2: Tech Eval/Solution Dev,🟢 Ready (35 DRP Profiles),"=HYPERLINK(""https://vector.lightning.force.com/lightning/r/Opportunity/006Kf00000OSvn6IAD/view"", ""Rede Brasil Sul de Comunicação - Media Content Intelligence - Q3"")",,,Corporate,BR CORP,Build with AI,"Your Business, Your Models",Agent and Model Platform,2026-10-30,2026-11-20,"$100,000.00",,,
"Jaquelyn Montañez, Fernando Laguna","=HYPERLINK(""https://vector.lightning.force.com/lightning/r/Account/0014M00001h3AyDQAU/view"", ""INFORMACIÓN LOCALIZADA SAS"")","=HYPERLINK(""https://vector.lightning.force.com/lightning/r/Account/0014M00001h6YIoQAM/view"", ""EFICACIA S A"")",Tier 2,"=HYPERLINK(""https://vector.lightning.force.com/lightning/r/Workload__c/aBJKf000009kLG8OAM/view"", ""Eficacia_GE"")",Oswaldo Sanabria Rodriguez,0-2: Tech Eval/Solution Dev,🟢 Ready (3 DRP Profiles),"=HYPERLINK(""https://vector.lightning.force.com/lightning/r/Opportunity/006Kf00000Ol1gOIAR/view"", ""EFICACIA - Licencias de GWS (#AWT_playcompete_Servi)"")",,,Corporate,MCO CORP NORTE,Build with AI,Lead the Agentic Workplace Transformation (Gemini Enterprise),Gemini Enterprise,2026-10-12,2026-10-26,"$178,433.00",,,
"Jaquelyn Montañez, Fernando Laguna","=HYPERLINK(""https://vector.lightning.force.com/lightning/r/Account/0014M00002TEROiQAP/view"", ""Servinformación S.A"")","=HYPERLINK(""https://vector.lightning.force.com/lightning/r/Account/0014M00001h3Sj8QAE/view"", ""Banco de Desarrollo Rural SA"")",Tier 1,"=HYPERLINK(""https://vector.lightning.force.com/lightning/r/Workload__c/aBJKf000009WDYeOAO/view"", ""Banco de Desarrollo Rural SA - GE - Servi"")",Daniel Cornejo,0-2: Tech Eval/Solution Dev,🟢 Ready (35 DRP Profiles),"=HYPERLINK(""https://vector.lightning.force.com/lightning/r/Opportunity/006Kf00000PG1QlIAL/view"", ""Banco de Desarrollo Rural SA - GE - Servi"")",,,Corporate,MCO CORP CCA,Build with AI,Gemini Enterprise for Customer Experience (Build with AI),AI Search & Specialized AI,2026-09-25,2026-10-30,"$75,000.00",,,
"Jaquelyn Montañez, Fernando Laguna","=HYPERLINK(""https://vector.lightning.force.com/lightning/r/Account/001Kf00001BCjQ0IAL/view"", ""Información Localizada S.A.S."")","=HYPERLINK(""https://vector.lightning.force.com/lightning/r/Account/0014M00002H5vFjQAJ/view"", ""Segundo Registro de la Propiedad"")",Tier 1,"=HYPERLINK(""https://vector.lightning.force.com/lightning/r/Workload__c/aBJKf000004ZNjOOAW/view"", ""SRP - GE - Reclutamiento y Normas"")",David Eduardo Fernandez,3:  Proposal / Negotiation,🟢 Ready (3 DRP Profiles),"=HYPERLINK(""https://vector.lightning.force.com/lightning/r/Opportunity/006Kf00000OqDGdIAN/view"", ""Segundo Registro de la Propiedad #INB #GCP #GE"")","David F: El cliente presentará el proyecto a la Alta Dirección para aprobación de fondos. En paralelo, Google/Partner redactarán y entregarán los TDRs (Términos de Referencia). Se aguarda respuesta en hasta 2 semanas por parte del cliente.",,PS,Streamline PS,Build with AI,Lead the Agentic Workplace Transformation (Gemini Enterprise),Gemini Enterprise,2026-09-30,2026-10-30,"$5,400.00",,,
"Jaquelyn Montañez, Fernando Laguna","=HYPERLINK(""https://vector.lightning.force.com/lightning/r/Account/001Kf000012gXIzIAM/view"", ""INFORMACION LOCALIZADA S.A.S AGENCIA EN CHILE"")","=HYPERLINK(""https://vector.lightning.force.com/lightning/r/Account/0014M00001htuRKQAY/view"", ""Canal 13 SpA"")",Tier 2,"=HYPERLINK(""https://vector.lightning.force.com/lightning/r/Workload__c/aBJKf000009WDTKOA4/view"", ""CAnal 13 - WL Gemini Enterprise - Servinformacion"")",Mario Alegre,0-2: Tech Eval/Solution Dev,🟢 Ready (3 DRP Profiles),"=HYPERLINK(""https://vector.lightning.force.com/lightning/r/Opportunity/006Kf00000MwIy0IAF/view"", ""Canal 13 - Chile - Gemini Ent. (Agentes) - Servinformacion"")",Con el inicio del LAB en sept. y la activacion del Billing debieramos avanzar con la compra de GE para los 150 usuarios. Este mes de Sept.,,Corporate,MCO CORP SUR,Build with AI,Gemini Enterprise for Customer Experience (Build with AI),Not a Solution,2026-10-22,2026-12-02,"$85,000.00",,,
"Jaquelyn Montañez, Fernando Laguna","=HYPERLINK(""https://vector.lightning.force.com/lightning/r/Account/001Kf000012gXIzIAM/view"", ""INFORMACION LOCALIZADA S.A.S AGENCIA EN CHILE"")","=HYPERLINK(""https://vector.lightning.force.com/lightning/r/Account/0014M00001h5O5GQAU/view"", ""EBCO S.A."")",Tier 2,"=HYPERLINK(""https://vector.lightning.force.com/lightning/r/Workload__c/aBJKf000009WDTFOA4/view"", ""EBCO - WL Gemini Enterprise - Servinformacion"")",Mario Alegre,0-2: Tech Eval/Solution Dev,🟢 Ready (3 DRP Profiles),"=HYPERLINK(""https://vector.lightning.force.com/lightning/r/Opportunity/006Kf00000Of5wyIAB/view"", ""EBCO - Gemini Enterprise - Servinformacion"")",,,Corporate,MCO CORP SUR,Build with AI,Gemini Enterprise for Customer Experience (Build with AI),Not a Solution,2026-10-23,2026-12-21,"$60,000.00",,,
"Jaquelyn Montañez, Fernando Laguna","=HYPERLINK(""https://vector.lightning.force.com/lightning/r/Account/0014M00002TEROiQAP/view"", ""Servinformación S.A"")","=HYPERLINK(""https://vector.lightning.force.com/lightning/r/Account/0014M00001tRnfyQAC/view"", ""Disagro Guatemala"")",Tier 2,"=HYPERLINK(""https://vector.lightning.force.com/lightning/r/Workload__c/aBJKf000009kL3dOAE/view"", ""Disagro - GE - Servi"")",Daniel Cornejo,0-2: Tech Eval/Solution Dev,🟢 Ready (3 DRP Profiles),"=HYPERLINK(""https://vector.lightning.force.com/lightning/r/Opportunity/006Kf00000PG1DXIA1/view"", ""Disagro Guatemala -  Gemini Enterprise - Servi"")",,,Corporate,MCO CORP CCA,Build with AI,Lead the Agentic Workplace Transformation (Gemini Enterprise),Gemini Enterprise,2026-11-10,2026-11-18,"$20,000.00",,,
"Jaquelyn Montañez, Fernando Laguna","=HYPERLINK(""https://vector.lightning.force.com/lightning/r/Account/0014M00002GHyqCQAT/view"", ""SERVINFORMACION EL SALVADOR, SOCIEDAD ANONIMA DE CAPITAL VARIABLE"")","=HYPERLINK(""https://vector.lightning.force.com/lightning/r/Account/0014M00001p6opBQAQ/view"", ""Empresas Adoc"")",Tier 2,"=HYPERLINK(""https://vector.lightning.force.com/lightning/r/Workload__c/aBJKf000009kL3TOAU/view"", ""ADOC - BQ - Crecimiento"")",Daniel Cornejo,4.3: Migrated/Implemented,🟢 Ready (31 DRP Profiles),"=HYPERLINK(""https://vector.lightning.force.com/lightning/r/Opportunity/006Kf00000Ont0kIAB/view"", ""Empresas Adoc - Google Cloud - Analytics"")",,,Corporate,MCO CORP CCA,Analytics,"Migrate, Modernize, and Build with Data Cloud (Analytics)",Migrate Data Warehouses to BigQuery,2026-06-15,2026-08-03,"$14,000.00",,,
"Jaquelyn Montañez, Fernando Laguna","=HYPERLINK(""https://vector.lightning.force.com/lightning/r/Account/0014M00001h3AyDQAU/view"", ""INFORMACIÓN LOCALIZADA SAS"")","=HYPERLINK(""https://vector.lightning.force.com/lightning/r/Account/0014M00001hp5OIQAY/view"", ""FARMATODO COLOMBIA S A"")",Tier 1,"=HYPERLINK(""https://vector.lightning.force.com/lightning/r/Workload__c/aBJKf000009WDP8OAO/view"", ""[GECX] Farmatodo - #CXQIA - WL"")",Raphael Laxe,3:  Proposal / Negotiation,🟢 Ready (35 DRP Profiles),"=HYPERLINK(""https://vector.lightning.force.com/lightning/r/Opportunity/006Kf00000OedMHIAZ/view"", ""[GECX] Farmatodo - #CXAgentStudio & #AA &#CXQIA - Servicio al cliente"")","08/26/26(JC)Meeting with the CTO and CEO scheduled for next Friday, 08/28. NA: Finish the commit discussion to start the MVP after customer...",,MCO,Colombia,Customer Engagement,Gemini Enterprise for Customer Experience (Customer Engagement),Customer Experience Insights,2026-08-31,2026-12-01,"$80,595.00",,,
"Jaquelyn Montañez, Fernando Laguna","=HYPERLINK(""https://vector.lightning.force.com/lightning/r/Account/0014M0000277PE9QAM/view"", ""SERVIBRASIL SOLUCOES EM TECNOLOGIA DA INFORMACAO LTDA."")","=HYPERLINK(""https://vector.lightning.force.com/lightning/r/Account/0014M00001mt11dQAA/view"", ""METROPOLES MIDIA E COMUNICACAO LTDA"")",Tier 2,"=HYPERLINK(""https://vector.lightning.force.com/lightning/r/Workload__c/aBJKf000004ZNJpOAO/view"", ""METROPOLES  #SECOPS"")",Tamires Peres,0-2: Tech Eval/Solution Dev,🔴 Capacity Gap (0 DRP Profiles),"=HYPERLINK(""https://vector.lightning.force.com/lightning/r/Opportunity/006Kf00000Opp51IAB/view"", ""METROPOLES  #SECOPS #GCP #OUT"")","TP 25/08 - Parceiro está conduzindo com o FSR, disse que precisa de mais tempo cliente ainda não decidiu.",,Corporate,BR CORP,Security,Secure Innovation with Google Cloud,Security Workload,2026-09-30,2026-09-30,"$15,000.00",,,
"Jaquelyn Montañez, Fernando Laguna","=HYPERLINK(""https://vector.lightning.force.com/lightning/r/Account/0014M00001w6OZ3QAM/view"", ""Servinformacion SA"")","=HYPERLINK(""https://vector.lightning.force.com/lightning/r/Account/0014M00001hlcrVQAQ/view"", ""La Fabril, S.A."")",Tier 2,"=HYPERLINK(""https://vector.lightning.force.com/lightning/r/Workload__c/aBJKf000009kKWZOA2/view"", ""GE Plus"")",Alexandra Rodríguez,4.2: Ramping / Deliver,🟢 Ready (3 DRP Profiles),"=HYPERLINK(""https://vector.lightning.force.com/lightning/r/Opportunity/006Kf00000PMyJbIAL/view"", ""CSM-UPGRADE- LA FABRIL"")",,,Corporate,MCO CORP NORTE,Build with AI,Lead the Agentic Workplace Transformation (Gemini Enterprise),Gemini Enterprise,2026-06-20,2026-08-31,"$2,160.00",,,
"Jaquelyn Montañez, Fernando Laguna","=HYPERLINK(""https://vector.lightning.force.com/lightning/r/Account/0014M00001h3AyDQAU/view"", ""INFORMACIÓN LOCALIZADA SAS"")","=HYPERLINK(""https://vector.lightning.force.com/lightning/r/Account/0014M00001hd6KHQAY/view"", ""GRUPO ARGOS S A"")",Tier 1,"=HYPERLINK(""https://vector.lightning.force.com/lightning/r/Workload__c/aBJKf000009eP4bOAE/view"", ""CELSIA - Google Threat Intel - INFORMACIÓN LOCALIZADA SAS"")",Pedro Diaz Moreno,0-2: Tech Eval/Solution Dev,🔴 Capacity Gap (0 DRP Profiles),"=HYPERLINK(""https://vector.lightning.force.com/lightning/r/Opportunity/006Kf00000OEyTUIA1/view"", ""CELSIA - Google Threat Intel - INFORMACIÓN LOCALIZADA SAS"")",,,MCO,Colombia,Security,,,2026-12-24,2027-03-11,"$160,000.00",,,
"Jaquelyn Montañez, Fernando Laguna","=HYPERLINK(""https://vector.lightning.force.com/lightning/r/Account/001Kf000012gXIzIAM/view"", ""INFORMACION LOCALIZADA S.A.S AGENCIA EN CHILE"")","=HYPERLINK(""https://vector.lightning.force.com/lightning/r/Account/0014M000026qNYRQA2/view"", ""Cooperativa Capel"")",Tier 2,"=HYPERLINK(""https://vector.lightning.force.com/lightning/r/Workload__c/aBJKf000004ZLz0OAG/view"", ""Gemini Enterprise Capel"")",Jilver Tyson Fuentes,0-2: Tech Eval/Solution Dev,🟢 Ready (3 DRP Profiles),"=HYPERLINK(""https://vector.lightning.force.com/lightning/r/Opportunity/006Kf00000OoE7qIAF/view"", ""Cooperativa Capel - GEMINI ENTERPRISE"")","Se acutalizó la cantidad de seats para 500, estoy de mano con el partner para el avanze de la propuesta.",,Corporate,MCO CORP SUR,Build with AI,Lead the Agentic Workplace Transformation (Gemini Enterprise),Gemini Enterprise,2026-11-19,2026-12-28,"$132,000.00",,,
"Jaquelyn Montañez, Fernando Laguna","=HYPERLINK(""https://vector.lightning.force.com/lightning/r/Account/0014M00001h3AyDQAU/view"", ""INFORMACIÓN LOCALIZADA SAS"")","=HYPERLINK(""https://vector.lightning.force.com/lightning/r/Account/0014M00001h6YxFQAU/view"", ""Fundación Para el futuro de Colombia COLFUTURO"")",Tier 1,"=HYPERLINK(""https://vector.lightning.force.com/lightning/r/Workload__c/aBJKf000009WChkOAG/view"", ""SCC"")",Santiago Guerrero,0-2: Tech Eval/Solution Dev,🟢 Ready (35 DRP Profiles),"=HYPERLINK(""https://vector.lightning.force.com/lightning/r/Opportunity/006Kf00000NQYS2IAP/view"", ""Fundación Para el futuro de Colombia COLFUTURO-Renewal-SCC Linear-2026"")",,,PS,MCO PS,,,,,,$0.00,,,
"Jaquelyn Montañez, Fernando Laguna","=HYPERLINK(""https://vector.lightning.force.com/lightning/r/Account/0014M00002NSRhUQAX/view"", ""SITINFORMACION"")","=HYPERLINK(""https://vector.lightning.force.com/lightning/r/Account/0014M00001yR4HFQA0/view"", ""Sabormex, S.A. de C.V."")",Tier 1,"=HYPERLINK(""https://vector.lightning.force.com/lightning/r/Workload__c/aBJKf000009WCZbOAO/view"", ""Gemini Enterprise 200 lic"")",Eduardo Bello,0-2: Tech Eval/Solution Dev,🟢 Ready (3 DRP Profiles),"=HYPERLINK(""https://vector.lightning.force.com/lightning/r/Opportunity/006Kf00000Oeys1IAB/view"", ""Sabormex - Gemini Enterprise - Servinformación"")",,"=HYPERLINK(""https://vector.lightning.force.com/lightning/r/Expert_Request__c/aAuKf000000TZB8KAO/view"", ""ER-500026"")",Mexico,MX Multi-industry & Monterrey,Build with AI,Gemini Enterprise for Customer Experience (Build with AI),Not a Solution,2026-09-01,2026-09-14,"$100,000.00",,,
"Jaquelyn Montañez, Fernando Laguna","=HYPERLINK(""https://vector.lightning.force.com/lightning/r/Account/0014M0000277PE9QAM/view"", ""SERVIBRASIL SOLUCOES EM TECNOLOGIA DA INFORMACAO LTDA."")","=HYPERLINK(""https://vector.lightning.force.com/lightning/r/Account/0014M00001hNkiUQAS/view"", ""Bahia Specialty Cellulose S/A"")",Tier 2,"=HYPERLINK(""https://vector.lightning.force.com/lightning/r/Workload__c/aBJKf000004ZLpFOAW/view"", ""Bahia Specialty Cellulose (Bracell) #GCP #GoogleEarthEngine"")",Tamires Peres,0-2: Tech Eval/Solution Dev,🟢 Ready (31 DRP Profiles),"=HYPERLINK(""https://vector.lightning.force.com/lightning/r/Opportunity/006Kf00000OBWNtIAP/view"", ""Bahia Specialty Cellulose (Bracell) #GCP #GoogleEarthEngine"")","TP 14/08 - Reunião para apresentar o novo parceiro, cliente vai assinar a NDA.",,Corporate,BR CORP,Analytics,"Migrate, Modernize, and Build with Data Cloud (Analytics)",Not a Solution,2026-10-30,2026-11-30,"$7,800.00",,,
"Jaquelyn Montañez, Fernando Laguna","=HYPERLINK(""https://vector.lightning.force.com/lightning/r/Account/0014M00002TEROiQAP/view"", ""Servinformación S.A"")","=HYPERLINK(""https://vector.lightning.force.com/lightning/r/Account/0014M00001h3YBnQAM/view"", ""Corporacion Multi Inversiones S.A"")",Tier 1,"=HYPERLINK(""https://vector.lightning.force.com/lightning/r/Workload__c/aBJKf000009kK9QOAU/view"", ""CMI - Servi - GE 30 Lic (1ra ampliación)"")",Daniel Cornejo,4.3: Migrated/Implemented,🟢 Ready (3 DRP Profiles),"=HYPERLINK(""https://vector.lightning.force.com/lightning/r/Opportunity/006Kf00000OBzUqIAL/view"", ""CMI - Servi - Crecimiento 30 Lic (Quote Corregido - 3er intento)"")",,,Corporate,MCO CORP CCA,Build with AI,Lead the Agentic Workplace Transformation (Gemini Enterprise),Gemini Enterprise,2026-08-10,2026-08-11,"$8,100.00",,,
"Jaquelyn Montañez, Fernando Laguna","=HYPERLINK(""https://vector.lightning.force.com/lightning/r/Account/0014M00001h3AyDQAU/view"", ""INFORMACIÓN LOCALIZADA SAS"")","=HYPERLINK(""https://vector.lightning.force.com/lightning/r/Account/0014M00001hRjMnQAK/view"", ""Pantaleon SA"")",Tier 1,"=HYPERLINK(""https://vector.lightning.force.com/lightning/r/Workload__c/aBJKf000004ZLAdOAO/view"", ""Pantaleon - Agro use cases"")",Leonardo Rusinque,0-2: Tech Eval/Solution Dev,🟢 Ready (31 DRP Profiles),"=HYPERLINK(""https://vector.lightning.force.com/lightning/r/Opportunity/006Kf00000PVzIMIA1/view"", ""Pantaleon - Agro use cases"")",,,Corporate,MCO CORP CCA,Analytics,,,2026-09-10,2026-09-30,"$200,000.00",,,
"Jaquelyn Montañez, Fernando Laguna","=HYPERLINK(""https://vector.lightning.force.com/lightning/r/Account/0014M00001w6OZ3QAM/view"", ""Servinformacion SA"")","=HYPERLINK(""https://vector.lightning.force.com/lightning/r/Account/0014M00001hSLPIQA4/view"", ""Grupo Cinemex, S.A. de C.V."")",Tier 1,"=HYPERLINK(""https://vector.lightning.force.com/lightning/r/Workload__c/aBJKf000009WCG5OAO/view"", ""Apigee Cinemex"")",Eduardo Bello,0-2: Tech Eval/Solution Dev,🟡 Constrained (1 DRP Profile),"=HYPERLINK(""https://vector.lightning.force.com/lightning/r/Opportunity/006Kf00000LhkagIAB/view"", ""GrupoCinemex - Apigee  # Apigee #Out"")",,,Mexico,MX Multi-industry & Monterrey,Migrate and Modernize Databases,"Migrate, Modernize, and Build with Data Cloud (Apigee)",API Management (Apigee),2026-10-05,2026-10-30,"$180,000.00",,,
"Jaquelyn Montañez, Fernando Laguna","=HYPERLINK(""https://vector.lightning.force.com/lightning/r/Account/0014M00001w6OZ3QAM/view"", ""Servinformacion SA"")","=HYPERLINK(""https://vector.lightning.force.com/lightning/r/Account/0014M00001xAw1SQAS/view"", ""SONGA C.A"")",Tier 1,"=HYPERLINK(""https://vector.lightning.force.com/lightning/r/Workload__c/aBJKf000009kJNgOAM/view"", ""Songa #GE"")",Alexandra Rodríguez,0-2: Tech Eval/Solution Dev,🟢 Ready (3 DRP Profiles),"=HYPERLINK(""https://vector.lightning.force.com/lightning/r/Opportunity/006Kf00000OJTnBIAX/view"", ""Songa Sociedad Nacional de Galapagos - Gemini Enterprise #soloGEServi"")",,"=HYPERLINK(""https://vector.lightning.force.com/lightning/r/Expert_Request__c/aAuKf000000TZKtKAO/view"", ""ER-500742"")",Corporate,MCO CORP NORTE,Build with AI,Lead the Agentic Workplace Transformation (Gemini Enterprise),Gemini Enterprise,2026-09-18,2026-10-02,"$19,380.00",,,
"Jaquelyn Montañez, Fernando Laguna","=HYPERLINK(""https://vector.lightning.force.com/lightning/r/Account/0014M00001h3AyDQAU/view"", ""INFORMACIÓN LOCALIZADA SAS"")","=HYPERLINK(""https://vector.lightning.force.com/lightning/r/Account/0014M00001hjFU7QAM/view"", ""ECOPETROL S A"")",Tier 1,"=HYPERLINK(""https://vector.lightning.force.com/lightning/r/Workload__c/aBJKf000009WBhUOAW/view"", ""Ecopetrol - Proyecto GAIA analítica"")",Juan Carlos Florez,4.1: Pre Ramp / Mobilize,🟢 Ready (17 DRP Profiles),"=HYPERLINK(""https://vector.lightning.force.com/lightning/r/Opportunity/006Kf00000OGkfdIAD/view"", ""ECOPETROL S A - GCP - Analíticas"")",Check current status and documentation,,MCO,Colombia,Analytics,"Migrate, Modernize, and Build with Data Cloud (Analytics)","Streaming (Dataflow, Pub/Sub, Managed Kafka)",2026-09-04,2026-10-30,"$200,000.00",,,
"Jaquelyn Montañez, Fernando Laguna","=HYPERLINK(""https://vector.lightning.force.com/lightning/r/Account/0014M0000277PE9QAM/view"", ""SERVIBRASIL SOLUCOES EM TECNOLOGIA DA INFORMACAO LTDA."")","=HYPERLINK(""https://vector.lightning.force.com/lightning/r/Account/0014M00001hqCQ6QAM/view"", ""Governo do Estado do Espirito Santo"")",Tier 1,"=HYPERLINK(""https://vector.lightning.force.com/lightning/r/Workload__c/aBJKf000004ZJsoOAG/view"", ""GeminiEnt_GovES"")",Roberta Jezler,3:  Proposal / Negotiation,🟢 Ready (3 DRP Profiles),"=HYPERLINK(""https://vector.lightning.force.com/lightning/r/Opportunity/006Kf00000OGLQMIA5/view"", ""Prodest_Gemini Enterprise #GE"")",,,PS,Streamline PS,Build with AI,Lead the Agentic Workplace Transformation (Gemini Enterprise),Gemini Enterprise,2027-03-03,2027-05-05,"$60,000.00",,,
"Jaquelyn Montañez, Fernando Laguna","=HYPERLINK(""https://vector.lightning.force.com/lightning/r/Account/0014M0000277PE9QAM/view"", ""SERVIBRASIL SOLUCOES EM TECNOLOGIA DA INFORMACAO LTDA."")","=HYPERLINK(""https://vector.lightning.force.com/lightning/r/Account/0014M00001hq78FQAQ/view"", ""Secretaria de Estado de Controle e Transparencia do Espirito Santo - SECONT"")",Tier 1,"=HYPERLINK(""https://vector.lightning.force.com/lightning/r/Workload__c/aBJKf000004ZJsAOAW/view"", ""GCP_Secont_Inovação"")",Roberta Jezler,4.2: Ramping / Deliver,🔴 Capacity Gap (0 DRP Profiles),"=HYPERLINK(""https://vector.lightning.force.com/lightning/r/Opportunity/006Kf00000Lip2VIAR/view"", ""GOV - SECONT - Secretaria de Estado de Controle e Transparência - Creditos em Nuvem GCP"")",,,PS,Streamline PS,Migrate Modernize and Build,Modern Compute (ARM),Not a Solution,2026-08-20,2026-10-19,"$5,000.00",,,
"Jaquelyn Montañez, Fernando Laguna","=HYPERLINK(""https://vector.lightning.force.com/lightning/r/Account/001Kf000012gXIzIAM/view"", ""INFORMACION LOCALIZADA S.A.S AGENCIA EN CHILE"")","=HYPERLINK(""https://vector.lightning.force.com/lightning/r/Account/0014M00001seNg5QAE/view"", ""PARQUE DEL RECUERDO"")",Tier 2,"=HYPERLINK(""https://vector.lightning.force.com/lightning/r/Workload__c/aBJKf000009WBbCOAW/view"", ""Parque del Recuerdo - WL GE - Servinformacion"")",Mario Alegre,0-2: Tech Eval/Solution Dev,🟢 Ready (35 DRP Profiles),"=HYPERLINK(""https://vector.lightning.force.com/lightning/r/Opportunity/006Kf00000OTeBQIA1/view"", ""Parque del Recuerdo Chile - Gemini Enterprise - EXPLORACION"")",,,Corporate,MCO CORP SUR,,,,2026-09-04,2026-12-21,$0.00,,,
"Jaquelyn Montañez, Fernando Laguna","=HYPERLINK(""https://vector.lightning.force.com/lightning/r/Account/0014M0000277PE9QAM/view"", ""SERVIBRASIL SOLUCOES EM TECNOLOGIA DA INFORMACAO LTDA."")","=HYPERLINK(""https://vector.lightning.force.com/lightning/r/Account/001Kf000012jyFAIAY/view"", ""Datta business LTDA"")",Tier 3,"=HYPERLINK(""https://vector.lightning.force.com/lightning/r/Workload__c/aBJKf000009eMNkOAM/view"", ""DN - Datta Business - MVP GE4CX integrado ao WhatsApp"")",Giullia Vital Antunes,4.2: Ramping / Deliver,🟢 Ready (19 DRP Profiles),"=HYPERLINK(""https://vector.lightning.force.com/lightning/r/Opportunity/006Kf00000O04pzIAB/view"", ""DN - Datta Business - MVP GE4CX integrado ao WhatsApp"")",Pré kickoff do parceiro: últimos alinhamentos de escopo e cronograma  com o time interno,,Brazil,Brazil DN,Migrate Modernize and Build,"Migrate, Modernize and Build",GKE/CloudRun,2026-08-28,2026-10-30,"$100,465.44",,,
"Jaquelyn Montañez, Fernando Laguna","=HYPERLINK(""https://vector.lightning.force.com/lightning/r/Account/0014M0000277PE9QAM/view"", ""SERVIBRASIL SOLUCOES EM TECNOLOGIA DA INFORMACAO LTDA."")","=HYPERLINK(""https://vector.lightning.force.com/lightning/r/Account/001Kf0000134qVbIAI/view"", ""Vinna.one - WM SISTEMAS"")",Tier 3,"=HYPERLINK(""https://vector.lightning.force.com/lightning/r/Workload__c/aBJKf000009eMKCOA2/view"", ""Vinna.one #ServiBrasil"")",Vito Colognori Ialongo,3:  Proposal / Negotiation,🟢 Ready (35 DRP Profiles),"=HYPERLINK(""https://vector.lightning.force.com/lightning/r/Opportunity/006Kf00000NPcVvIAL/view"", ""vinna.one #GCP #Acc_Latam #InfraMigration"")",,,Brazil,Brazil DN,Migrate Modernize and Build,"Migrate, Modernize and Build",Not a Solution,2026-10-22,2026-10-23,"$100,239.24",,,
"Jaquelyn Montañez, Fernando Laguna","=HYPERLINK(""https://vector.lightning.force.com/lightning/r/Account/0014M0000277PE9QAM/view"", ""SERVIBRASIL SOLUCOES EM TECNOLOGIA DA INFORMACAO LTDA."")","=HYPERLINK(""https://vector.lightning.force.com/lightning/r/Account/001Kf000014s7jMIAQ/view"", ""ENDOLIFE HEALTH-TECH TECNOLOGIA LTDA"")",Tier 3,"=HYPERLINK(""https://vector.lightning.force.com/lightning/r/Workload__c/aBJKf000009eMKgOAM/view"", ""Endolife - GCP - Infra - GFSCP"")",Thalita Miranda,4.2: Ramping / Deliver,🟢 Ready (19 DRP Profiles),"=HYPERLINK(""https://vector.lightning.force.com/lightning/r/Opportunity/006Kf00000OqBccIAF/view"", ""Endolife - GCP - Infra - GFSCP"")",,,Brazil,Brazil DN,Migrate Modernize and Build,"Migrate, Modernize and Build",GKE/CloudRun,2026-08-10,2026-10-26,"$99,791.76",,,
"Jaquelyn Montañez, Fernando Laguna","=HYPERLINK(""https://vector.lightning.force.com/lightning/r/Account/0014M00002GHyqCQAT/view"", ""SERVINFORMACION EL SALVADOR, SOCIEDAD ANONIMA DE CAPITAL VARIABLE"")","=HYPERLINK(""https://vector.lightning.force.com/lightning/r/Account/001Kf0000134juUIAQ/view"", ""Instituto Salvadoreño de Bienestar Magisterial"")",Tier 1,"=HYPERLINK(""https://vector.lightning.force.com/lightning/r/Workload__c/aBJKf000004ZJ1fOAG/view"", ""Looker@ISBM"")",Adri Messih,4.3: Migrated/Implemented,🟢 Ready (31 DRP Profiles),"=HYPERLINK(""https://vector.lightning.force.com/lightning/r/Opportunity/006Kf00000POTKnIAP/view"", ""Looke Core Enterprise @ISBM"")",,,PS,MEXICO & PECS PS,Analytics,"Migrate, Modernize, and Build with Data Cloud (Analytics)",Not a Solution,2026-06-19,2026-06-22,"$110,000.00",,,
"Jaquelyn Montañez, Fernando Laguna","=HYPERLINK(""https://vector.lightning.force.com/lightning/r/Account/0014M00002GHyyuQAD/view"", ""SERVINFORMACION S.A."")","=HYPERLINK(""https://vector.lightning.force.com/lightning/r/Account/0014M00001hT6tiQAC/view"", ""GRUPO ZOOM LTDA"")",Tier 2,"=HYPERLINK(""https://vector.lightning.force.com/lightning/r/Workload__c/aBJKf000004ZJ1GOAW/view"", ""zoom:GE"")",Andrea Forero,4.3: Migrated/Implemented,🟢 Ready (3 DRP Profiles),"=HYPERLINK(""https://vector.lightning.force.com/lightning/r/Opportunity/006Kf00000PNyu9IAD/view"", ""zoom_gemini enterprise_ea"")",,,Corporate,MCO CORP NORTE,Build with AI,Lead the Agentic Workplace Transformation (Gemini Enterprise),Gemini Enterprise,2026-07-06,2026-07-13,"$7,200.00",,,
"Jaquelyn Montañez, Fernando Laguna","=HYPERLINK(""https://vector.lightning.force.com/lightning/r/Account/0014M00002GHyqCQAT/view"", ""SERVINFORMACION EL SALVADOR, SOCIEDAD ANONIMA DE CAPITAL VARIABLE"")","=HYPERLINK(""https://vector.lightning.force.com/lightning/r/Account/0014M0000202fW9QAI/view"", ""Gobierno de la Republica de El Salvador"")",Tier 1,"=HYPERLINK(""https://vector.lightning.force.com/lightning/r/Workload__c/aBJKf000009WArJOAW/view"", ""LaGeo - Datos"")",Adri Messih,3:  Proposal / Negotiation,🟢 Ready (31 DRP Profiles),"=HYPERLINK(""https://vector.lightning.force.com/lightning/r/Opportunity/006Kf00000OeskpIAB/view"", ""LaGeo - Datos"")","We are in evaluation process for the business approval, technical win is done",,PS,MEXICO & PECS PS,Analytics,"Migrate, Modernize, and Build with Data Cloud (Analytics)",,2026-09-14,2026-11-30,"$360,000.00",,,
"Jaquelyn Montañez, Fernando Laguna","=HYPERLINK(""https://vector.lightning.force.com/lightning/r/Account/0014M00001h3AyDQAU/view"", ""INFORMACIÓN LOCALIZADA SAS"")","=HYPERLINK(""https://vector.lightning.force.com/lightning/r/Account/0014M00001hjGDeQAM/view"", ""valorem"")",Tier 1,"=HYPERLINK(""https://vector.lightning.force.com/lightning/r/Workload__c/aBJKf000009WArTOAW/view"", ""Grupo Valorem BQ + IA"")",Paula Urbano,0-2: Tech Eval/Solution Dev,🟢 Ready (31 DRP Profiles),"=HYPERLINK(""https://vector.lightning.force.com/lightning/r/Opportunity/006Kf00000OerYYIAZ/view"", ""Grupo Valorem - análisis financiero BigQuery"")",,,MCO,Colombia,Analytics,"Migrate, Modernize, and Build with Data Cloud (Analytics)",Not a Solution,2026-09-15,2026-10-31,"$50,000.00",,,
"Jaquelyn Montañez, Fernando Laguna","=HYPERLINK(""https://vector.lightning.force.com/lightning/r/Account/0014M00002GHywFQAT/view"", ""INFORMACION LOCALIZADA SAS - Sucursal Panamá"")","=HYPERLINK(""https://vector.lightning.force.com/lightning/r/Account/0014M00001zAyC5QAK/view"", ""SPORT LINE AMERICA INC"")",Tier 2,"=HYPERLINK(""https://vector.lightning.force.com/lightning/r/Workload__c/aBJKf000009eLAuOAM/view"", ""Sportline SAP IaaS Servi"")",Daniel Araya,0-2: Tech Eval/Solution Dev,🟢 Ready (35 DRP Profiles),"=HYPERLINK(""https://vector.lightning.force.com/lightning/r/Opportunity/006Kf00000NSaNuIAL/view"", ""SAP IaaS Sportline"")",,,Corporate,MCO CORP CCA,Migrate Modernize and Build,Enterprise Platform of Choice: SAP,SAP Direct,,,"$202,650.00",,,
"Jaquelyn Montañez, Fernando Laguna","=HYPERLINK(""https://vector.lightning.force.com/lightning/r/Account/0014M00002TEROiQAP/view"", ""Servinformación S.A"")","=HYPERLINK(""https://vector.lightning.force.com/lightning/r/Account/0014M00001zAGXXQA4/view"", ""Central America Bottling Corporation CBC"")",Tier 2,"=HYPERLINK(""https://vector.lightning.force.com/lightning/r/Workload__c/aBJKf000009kIUHOA2/view"", ""CBC - GE & AI para Marktech #roadshowcentroamerica"")",Daniel Cornejo,0-2: Tech Eval/Solution Dev,🟢 Ready (3 DRP Profiles),"=HYPERLINK(""https://vector.lightning.force.com/lightning/r/Opportunity/006Kf00000OAegJIAT/view"", ""CBC - GE & AI para Marktech #roadshowcentroamerica"")",,,Corporate,MCO CORP CCA,Build with AI,Lead the Agentic Workplace Transformation (Gemini Enterprise),Gemini Enterprise,2026-11-17,,"$100,000.00",,,
"Jaquelyn Montañez, Fernando Laguna","=HYPERLINK(""https://vector.lightning.force.com/lightning/r/Account/0014M00001h3AyDQAU/view"", ""INFORMACIÓN LOCALIZADA SAS"")","=HYPERLINK(""https://vector.lightning.force.com/lightning/r/Account/0014M00001hpH4QQAU/view"", ""INSTITUTO AMAZONICO DE INVESTIGACIONES CIENTIFICAS SINCHI"")",Tier 1,"=HYPERLINK(""https://vector.lightning.force.com/lightning/r/Workload__c/aBJKf000004ZIdsOAG/view"", ""Servicios Cloud, Seguridad y Backups"")",Juanita Perico Londoño,3:  Proposal / Negotiation,🔴 Capacity Gap (0 DRP Profiles),"=HYPERLINK(""https://vector.lightning.force.com/lightning/r/Opportunity/006Kf00000PG1tPIAT/view"", ""INSTITUTO AMAZÓNICO DE INVESTIGACIONES CIENTÍFICAS - SINCHI -Servicios Cloud, Seguridad y Backups"")",,,PS,Streamline PS,Migrate Modernize and Build,"Migrate, Modernize and Build",Mainframe,2026-10-19,2026-11-23,"$24,000.00",,,
"Jaquelyn Montañez, Fernando Laguna","=HYPERLINK(""https://vector.lightning.force.com/lightning/r/Account/0014M00001w6OZ3QAM/view"", ""Servinformacion SA"")","=HYPERLINK(""https://vector.lightning.force.com/lightning/r/Account/0014M00001h3YBnQAM/view"", ""Corporacion Multi Inversiones S.A"")",Tier 1,"=HYPERLINK(""https://vector.lightning.force.com/lightning/r/Workload__c/aBJKf000009kINLOA2/view"", ""CMI - Crecimiento GE - 1000 Seats #roadshowcentroamerica"")",Daniel Cornejo,0-2: Tech Eval/Solution Dev,🟢 Ready (3 DRP Profiles),"=HYPERLINK(""https://vector.lightning.force.com/lightning/r/Opportunity/006Kf00000OAc0NIAT/view"", ""CMI - Crecimiento GE - 15000 Seats #roadshowcentroamerica"")","- Se va a presentar una propuesta de commit, que incluira los seats , sin embargo se esta teniendo, office hour semanales para poder ver como crea agentes con agent platform , matricualrlo en GE , conectores de GE y mas",,Corporate,MCO CORP CCA,Build with AI,Lead the Agentic Workplace Transformation (Gemini Enterprise),Gemini Enterprise,2026-12-15,2027-03-31,"$360,000.00",,,
"Jaquelyn Montañez, Fernando Laguna","=HYPERLINK(""https://vector.lightning.force.com/lightning/r/Account/001Kf000012gXIzIAM/view"", ""INFORMACION LOCALIZADA S.A.S AGENCIA EN CHILE"")","=HYPERLINK(""https://vector.lightning.force.com/lightning/r/Account/0014M00001hVfQdQAK/view"", ""MundoDreams S.A."")",Tier 2,"=HYPERLINK(""https://vector.lightning.force.com/lightning/r/Workload__c/aBJKf000009eKsqOAE/view"", ""MundoDreams S.A. #GCP #INB #GE"")",Jilver Tyson Fuentes,0-2: Tech Eval/Solution Dev,🟢 Ready (35 DRP Profiles),"=HYPERLINK(""https://vector.lightning.force.com/lightning/r/Opportunity/006Kf00000Oeq9hIAB/view"", ""MundoDreams S.A. #GCP #INB #GE"")","2606 - fup hecho con partner, a la espera de respuesta",,Corporate,MCO CORP SUR,,,,2026-09-30,2026-10-31,"$224,000.00",,,
"Jaquelyn Montañez, Fernando Laguna","=HYPERLINK(""https://vector.lightning.force.com/lightning/r/Account/001Kf000012gXIzIAM/view"", ""INFORMACION LOCALIZADA S.A.S AGENCIA EN CHILE"")","=HYPERLINK(""https://vector.lightning.force.com/lightning/r/Account/0014M00001hVfQdQAK/view"", ""MundoDreams S.A."")",Tier 2,"=HYPERLINK(""https://vector.lightning.force.com/lightning/r/Workload__c/aBJKf000009eKt0OAE/view"", ""MundoDreams S.A. #GCP #INB #LOOKER STUDIO PRO"")",Jilver Tyson Fuentes,0-2: Tech Eval/Solution Dev,🟢 Ready (35 DRP Profiles),"=HYPERLINK(""https://vector.lightning.force.com/lightning/r/Opportunity/006Kf00000OerTnIAJ/view"", ""MundoDreams S.A. #GCP #INB #LOOKER STUDIO PRO"")",,,Corporate,MCO CORP SUR,,,,2026-09-30,2026-10-31,"$44,640.00",,,
"Jaquelyn Montañez, Fernando Laguna","=HYPERLINK(""https://vector.lightning.force.com/lightning/r/Account/0014M0000277PE9QAM/view"", ""SERVIBRASIL SOLUCOES EM TECNOLOGIA DA INFORMACAO LTDA."")","=HYPERLINK(""https://vector.lightning.force.com/lightning/r/Account/001Kf000012m6EuIAI/view"", ""MASTERY ECOMMERCE SOLUTIONS INOVA SIMPLES (I.S.)"")",Tier 3,"=HYPERLINK(""https://vector.lightning.force.com/lightning/r/Workload__c/aBJKf000009eKeeOAE/view"", ""DN - Mastery B2B Tech - Provisionamento GCP"")",Vito Colognori Ialongo,4.3: Migrated/Implemented,🟢 Ready (35 DRP Profiles),"=HYPERLINK(""https://vector.lightning.force.com/lightning/r/Opportunity/006Kf00000OKk38IAD/view"", ""DN - Mastery B2B Tech - Provisionamento GCP"")",,,Brazil,Brazil DN,Customer Engagement,Applied AI Portfolio non CES,Not a Solution,2026-08-27,2026-08-28,"$25,011.84",,,
"Jaquelyn Montañez, Fernando Laguna","=HYPERLINK(""https://vector.lightning.force.com/lightning/r/Account/0014M00001h3AyDQAU/view"", ""INFORMACIÓN LOCALIZADA SAS"")","=HYPERLINK(""https://vector.lightning.force.com/lightning/r/Account/0014M00001hp50zQAA/view"", ""UNIVERSIDAD COOPERATIVA DE COLOMBIA"")",Tier 1,"=HYPERLINK(""https://vector.lightning.force.com/lightning/r/Workload__c/aBJKf000009WAK5OAO/view"", ""Gemini Enterprise Lic - Q2 - 2026"")",Lauro Garcia,4.1: Pre Ramp / Mobilize,🟢 Ready (3 DRP Profiles),"=HYPERLINK(""https://vector.lightning.force.com/lightning/r/Opportunity/006Kf00000PGLQ9IAP/view"", ""#AWT_playcompete_Servi CO - UCC - GE - Gemini Enterprise Lic - Q2 - 2026"")",Se están planeando sesiones con el cliente para temas de activación y asignación de licencias,"ER-504855, ER-504283",PS,EDU PS,Build with AI,Lead the Agentic Workplace Transformation (Gemini Enterprise),Gemini Enterprise,2026-08-03,2026-08-24,"$10,000.00",,,
"Jaquelyn Montañez, Fernando Laguna","=HYPERLINK(""https://vector.lightning.force.com/lightning/r/Account/0014M00001h3AyDQAU/view"", ""INFORMACIÓN LOCALIZADA SAS"")","=HYPERLINK(""https://vector.lightning.force.com/lightning/r/Account/0014M00001oh614QAA/view"", ""Sigma Alimentos"")",Tier 1,"=HYPERLINK(""https://vector.lightning.force.com/lightning/r/Workload__c/aBJKf000009eKHLOA2/view"", ""Sigma AI"")",Edgar Larios,3:  Proposal / Negotiation,🟢 Ready (31 DRP Profiles),"=HYPERLINK(""https://vector.lightning.force.com/lightning/r/Opportunity/006Kf00000Op4h1IAB/view"", ""Teleperformance SIGMA #GCP 1200M"")",,"=HYPERLINK(""https://vector.lightning.force.com/lightning/r/Expert_Request__c/aAuKf000000PboYKAS/view"", ""ER-498552"")",Mexico,MX Multi-industry & Monterrey,Analytics,,,2026-08-01,2026-10-30,"$1,200,000.00",,,
"Jaquelyn Montañez, Fernando Laguna","=HYPERLINK(""https://vector.lightning.force.com/lightning/r/Account/0014M00002GHywFQAT/view"", ""INFORMACION LOCALIZADA SAS - Sucursal Panamá"")","=HYPERLINK(""https://vector.lightning.force.com/lightning/r/Account/0014M00001hLHSNQA4/view"", ""Grupo Assa S.A."")",Tier 2,"=HYPERLINK(""https://vector.lightning.force.com/lightning/r/Workload__c/aBJKf000009kHeQOAU/view"", ""Grupo ASSA - Gemini Ent - 100 Seats"")",Daniel Cornejo,0-2: Tech Eval/Solution Dev,🟢 Ready (3 DRP Profiles),"=HYPERLINK(""https://vector.lightning.force.com/lightning/r/Opportunity/006Kf00000OAKvgIAH/view"", ""Grupo ASSA - Gemini Ent - 100 Seats"")",29/6 -Siguen desarrollando cuestionario para obtener todas las informaciones,,Corporate,MCO CORP CCA,Build with AI,Lead the Agentic Workplace Transformation (Gemini Enterprise),Gemini Enterprise,2026-11-03,2026-11-25,"$25,000.00",,,
"Jaquelyn Montañez, Fernando Laguna","=HYPERLINK(""https://vector.lightning.force.com/lightning/r/Account/0014M00001h34A7QAI/view"", ""INFORMACION LOCALIZADA S.A.S. - SUCURSAL DEL PERU"")","=HYPERLINK(""https://vector.lightning.force.com/lightning/r/Account/0014M00001h4sQpQAI/view"", ""LINDCORP S.A.C."")",Tier 2,"=HYPERLINK(""https://vector.lightning.force.com/lightning/r/Workload__c/aBJKf000009eJg5OAE/view"", ""Lindcorp | 100 Licencias Gemini Enterprise"")",Arianne Mahuad,3:  Proposal / Negotiation,🟢 Ready (3 DRP Profiles),"=HYPERLINK(""https://vector.lightning.force.com/lightning/r/Opportunity/006Kf00000OppLxIAJ/view"", ""Lindcorp | 100 Licencias Gemini Enterprise"")",,"ER-503469, ER-492129",Corporate,MCO CORP CCA,Build with AI,Lead the Agentic Workplace Transformation (Gemini Enterprise),Gemini Enterprise,2026-10-01,2026-10-31,"$30,000.00",,,
"Jaquelyn Montañez, Fernando Laguna","=HYPERLINK(""https://vector.lightning.force.com/lightning/r/Account/0014M00001w6OZ3QAM/view"", ""Servinformacion SA"")","=HYPERLINK(""https://vector.lightning.force.com/lightning/r/Account/0014M00001hZFAhQAO/view"", ""Ministerio de Energia y Minas"")",Tier 1,"=HYPERLINK(""https://vector.lightning.force.com/lightning/r/Workload__c/aBJKf000009eJJfOAM/view"", ""MEM - GCP"")",Gabriel Alvarado,0-2: Tech Eval/Solution Dev,🟢 Ready (35 DRP Profiles),"=HYPERLINK(""https://vector.lightning.force.com/lightning/r/Opportunity/006Kf00000NQArYIAX/view"", ""MEM - GCP"")",,,PS,MEXICO & PECS PS,Build with AI,Gemini Enterprise for Customer Experience (Build with AI),AI Search & Specialized AI,2026-11-27,2026-12-18,"$429,044.40",,,
"Jaquelyn Montañez, Fernando Laguna","=HYPERLINK(""https://vector.lightning.force.com/lightning/r/Account/0014M00001w6OZ3QAM/view"", ""Servinformacion SA"")","=HYPERLINK(""https://vector.lightning.force.com/lightning/r/Account/0014M00001jR3EDQA0/view"", ""Ministerio de Educación de Ecuador"")",Tier 1,"=HYPERLINK(""https://vector.lightning.force.com/lightning/r/Workload__c/aBJKf000009eJHeOAM/view"", ""MINED GCP Geoportales"")",Gabriel Alvarado,0-2: Tech Eval/Solution Dev,🟢 Ready (35 DRP Profiles),"=HYPERLINK(""https://vector.lightning.force.com/lightning/r/Opportunity/006Kf00000NgyXjIAJ/view"", ""MINED GCP Geoportales"")",,,PS,MEXICO & PECS PS,Migrate Modernize and Build,"Migrate, Modernize and Build",Not a Solution,2026-09-25,2027-01-01,"$163,725.12",,,
"Jaquelyn Montañez, Fernando Laguna","=HYPERLINK(""https://vector.lightning.force.com/lightning/r/Account/001Kf000012gXIzIAM/view"", ""INFORMACION LOCALIZADA S.A.S AGENCIA EN CHILE"")","=HYPERLINK(""https://vector.lightning.force.com/lightning/r/Account/0014M00001htuRKQAY/view"", ""Canal 13 SpA"")",Tier 2,"=HYPERLINK(""https://vector.lightning.force.com/lightning/r/Workload__c/aBJKf000009W9hXOAS/view"", ""canal 13 - WL Next26 Analitica&IaaS - Servinformacion"")",Mario Alegre,0-2: Tech Eval/Solution Dev,🟢 Ready (21 DRP Profiles),"=HYPERLINK(""https://vector.lightning.force.com/lightning/r/Opportunity/006Kf00000OenOKIAZ/view"", ""Canal 13 - Next26 Analitica & Iaas - TBD"")",,,Corporate,MCO CORP SUR,Analytics,The Agentic Data Cloud,Cloud BI and Embed Analytics (Looker),2026-08-12,,"$20,000.00",,,
"Jaquelyn Montañez, Fernando Laguna","=HYPERLINK(""https://vector.lightning.force.com/lightning/r/Account/0014M0000277PE9QAM/view"", ""SERVIBRASIL SOLUCOES EM TECNOLOGIA DA INFORMACAO LTDA."")","=HYPERLINK(""https://vector.lightning.force.com/lightning/r/Account/001Kf000014s7jMIAQ/view"", ""ENDOLIFE HEALTH-TECH TECNOLOGIA LTDA"")",Tier 3,"=HYPERLINK(""https://vector.lightning.force.com/lightning/r/Workload__c/aBJKf000009eJ7FOAU/view"", ""Endolife #GCP"")",Thalita Miranda,4.2: Ramping / Deliver,🟢 Ready (19 DRP Profiles),"=HYPERLINK(""https://vector.lightning.force.com/lightning/r/Opportunity/006Kf00000KiG97IAF/view"", ""Endolife #GCP  #IA #SystemMod #Acc_latam #MQL #Hypo #SST #Aprovado100k"")",,,Brazil,Brazil DN,Migrate Modernize and Build,"Migrate, Modernize and Build",GKE/CloudRun,2026-08-10,2026-10-26,"$99,791.76",,,
"Jaquelyn Montañez, Fernando Laguna","=HYPERLINK(""https://vector.lightning.force.com/lightning/r/Account/0014M00002GHywFQAT/view"", ""INFORMACION LOCALIZADA SAS - Sucursal Panamá"")","=HYPERLINK(""https://vector.lightning.force.com/lightning/r/Account/0014M00001hn3P2QAI/view"", ""Grupo Harari"")",Tier 1,"=HYPERLINK(""https://vector.lightning.force.com/lightning/r/Workload__c/aBJKf000009kHAzOAM/view"", ""Crecimiento SCC"")",Daniel Cornejo,4.3: Migrated/Implemented,🔴 Capacity Gap (0 DRP Profiles),"=HYPERLINK(""https://vector.lightning.force.com/lightning/r/Opportunity/006Kf00000O9zBeIAJ/view"", ""SCC crecimiento - TAC - Servi"")",,,Corporate,MCO CORP CCA,Security,Cybershield,Security Workload,2026-06-01,2026-06-15,"$38,000.00",,,
"Jaquelyn Montañez, Fernando Laguna","=HYPERLINK(""https://vector.lightning.force.com/lightning/r/Account/0014M00002TEROiQAP/view"", ""Servinformación S.A"")","=HYPERLINK(""https://vector.lightning.force.com/lightning/r/Account/0014M00001h3YBnQAM/view"", ""Corporacion Multi Inversiones S.A"")",Tier 1,"=HYPERLINK(""https://vector.lightning.force.com/lightning/r/Workload__c/aBJKf000009kH2gOAE/view"", ""CMI - Servi - 125 GE Lic"")",Daniel Cornejo,4.3: Migrated/Implemented,🟢 Ready (35 DRP Profiles),"=HYPERLINK(""https://vector.lightning.force.com/lightning/r/Opportunity/006Kf00000OA6d0IAD/view"", ""CMI - Servi - GE 125 Lic"")",,,Corporate,MCO CORP CCA,Build with AI,Scale AI Apps and Agents,Drive Business Impact with Agents,2026-06-08,2026-06-11,"$33,750.00",,,
"Jaquelyn Montañez, Fernando Laguna","=HYPERLINK(""https://vector.lightning.force.com/lightning/r/Account/0014M0000277PE9QAM/view"", ""SERVIBRASIL SOLUCOES EM TECNOLOGIA DA INFORMACAO LTDA."")","=HYPERLINK(""https://vector.lightning.force.com/lightning/r/Account/0014M00001hk8VHQAY/view"", ""Distribuidora Automotiva S/A"")",Tier 2,"=HYPERLINK(""https://vector.lightning.force.com/lightning/r/Workload__c/aBJKf000004ZFoSOAW/view"", ""COMOLATTI - VERTEX AI"")",Jose Sales Andrade,3:  Proposal / Negotiation,🟢 Ready (35 DRP Profiles),"=HYPERLINK(""https://vector.lightning.force.com/lightning/r/Opportunity/006Kf00000PFXR3IAP/view"", ""COMOLATTI #VERTEX AI (MODELOS DE AI) #GCP #OUT"")",26/06 - JS - o cliente não esta sendo responsivo. Estamos buscando outras referencias na conta (diretoria judirica).,,Corporate,BR CORP,Build with AI,"Your Business, Your Models",Not a Solution,2026-09-21,2026-11-02,"$25,000.00",,,
"Jaquelyn Montañez, Fernando Laguna","=HYPERLINK(""https://vector.lightning.force.com/lightning/r/Account/0014M00002NSRhUQAX/view"", ""SITINFORMACION"")","=HYPERLINK(""https://vector.lightning.force.com/lightning/r/Account/0014M00001hSQifQAG/view"", ""Centro Médico ABC"")",Tier 1,"=HYPERLINK(""https://vector.lightning.force.com/lightning/r/Workload__c/aBJKf000009eIEtOAM/view"", ""[GECX] Centro Medico ABC - #Conversational Agents"")",Luna Longo,4.1: Pre Ramp / Mobilize,🟢 Ready (35 DRP Profiles),"=HYPERLINK(""https://vector.lightning.force.com/lightning/r/Opportunity/006Kf00000LjYAMIA3/view"", ""Centro Medico - GECX | Conversational Agents #Insights & #AA"")",[LL] Next steps according to custome 1) Alta de proveedor 2a) Propuesta del CM ABC para formalizar discovery 2b) Dudas de ABC sobre propuesta economica 3) Cronograma de trabajo para inicio de discovery 4) Formalizacion de contrato final,"=HYPERLINK(""https://vector.lightning.force.com/lightning/r/Expert_Request__c/aAuKf0000011IX9KAM/view"", ""ER-422890"")",Mexico,MX Multi-industry & Monterrey,Customer Engagement,Gemini Enterprise for Customer Experience (Customer Engagement),Customer Experience Agent Studio,2026-09-30,2026-12-31,"$158,000.00",,,
"Jaquelyn Montañez, Fernando Laguna","=HYPERLINK(""https://vector.lightning.force.com/lightning/r/Account/0014M0000277PE9QAM/view"", ""SERVIBRASIL SOLUCOES EM TECNOLOGIA DA INFORMACAO LTDA."")","=HYPERLINK(""https://vector.lightning.force.com/lightning/r/Account/0014M00001hrZZFQA2/view"", ""Precode Consulting e-Commerce Ltda"")",Tier 2,"=HYPERLINK(""https://vector.lightning.force.com/lightning/r/Workload__c/aBJKf000004ZFSSOA4/view"", ""PRECODE  - GEMINI ENTERPRISE"")",Jose Sales Andrade,0-2: Tech Eval/Solution Dev,🟢 Ready (35 DRP Profiles),"=HYPERLINK(""https://vector.lightning.force.com/lightning/r/Opportunity/006Kf00000PEpxmIAD/view"", ""PRECODE #GEMINI ENTERPRISE #GCP #OUT"")","JS [20/5] - alinhando agenda de apresentação, prevista ultima semana de maio (a confirmar).",,Corporate,BR CORP,Build with AI,Gemini Enterprise for Customer Experience (Build with AI),,2026-07-31,2026-08-31,"$45,000.00",,,
"Jaquelyn Montañez, Fernando Laguna","=HYPERLINK(""https://vector.lightning.force.com/lightning/r/Account/0014M00002TEROiQAP/view"", ""Servinformación S.A"")","=HYPERLINK(""https://vector.lightning.force.com/lightning/r/Account/0014M00002OCtLgQAL/view"", ""Licores de Guatemala"")",Tier 2,"=HYPERLINK(""https://vector.lightning.force.com/lightning/r/Workload__c/aBJKf000009W8tDOAS/view"", ""#GCP# Gemini Enterprise"")",Christiane Amorosino,3:  Proposal / Negotiation,🟢 Ready (35 DRP Profiles),"=HYPERLINK(""https://vector.lightning.force.com/lightning/r/Opportunity/006Kf00000PE0wyIAD/view"", ""#GCP# Gemini Enterprise #Inbound #GT"")","Confirmación Net to Google 28,687.50 / cambio de stage",,Corporate,MCO CORP CCA,Build with AI,Gemini Enterprise for Customer Experience (Build with AI),AI Search & Specialized AI,2026-09-18,2026-09-29,"$28,687.50",,,
"Jaquelyn Montañez, Fernando Laguna","=HYPERLINK(""https://vector.lightning.force.com/lightning/r/Account/0014M00001h34A7QAI/view"", ""INFORMACION LOCALIZADA S.A.S. - SUCURSAL DEL PERU"")","=HYPERLINK(""https://vector.lightning.force.com/lightning/r/Account/0014M00001hMAjWQAW/view"", ""Belcorp CETCO SA 20100123763"")",Tier 1,"=HYPERLINK(""https://vector.lightning.force.com/lightning/r/Workload__c/aBJKf000009eHkPOAU/view"", ""BELCORP_MotorDeInfluencer"")",Edgardo Rizo-Patron Pinillos,0-2: Tech Eval/Solution Dev,🟢 Ready (31 DRP Profiles),"=HYPERLINK(""https://vector.lightning.force.com/lightning/r/Opportunity/006Kf00000P7LDlIAN/view"", ""Belcorp PERÚ - Motor de Influencer"")",,,MCO,EM (PE/EC),Analytics,"Migrate, Modernize, and Build with Data Cloud (Analytics)",Migrate Data Warehouses to BigQuery,2026-09-04,2026-09-25,"$10,000.00",,,
"Jaquelyn Montañez, Fernando Laguna","=HYPERLINK(""https://vector.lightning.force.com/lightning/r/Account/0014M00001h3AyDQAU/view"", ""INFORMACIÓN LOCALIZADA SAS"")","=HYPERLINK(""https://vector.lightning.force.com/lightning/r/Account/0014M00001hMAjWQAW/view"", ""Belcorp CETCO SA 20100123763"")",Tier 1,"=HYPERLINK(""https://vector.lightning.force.com/lightning/r/Workload__c/aBJKf000009eHkUOAU/view"", ""BELCORP_AgenteScraping"")",Edgardo Rizo-Patron Pinillos,0-2: Tech Eval/Solution Dev,🟢 Ready (31 DRP Profiles),"=HYPERLINK(""https://vector.lightning.force.com/lightning/r/Opportunity/006Kf00000NNV25IAH/view"", ""Belcorp PERÚ - Agente Scraping"")",,,MCO,EM (PE/EC),Analytics,"Migrate, Modernize, and Build with Data Cloud (Analytics)",Migrate Data Warehouses to BigQuery,2026-09-04,2026-09-25,"$10,000.00",,,
"Jaquelyn Montañez, Fernando Laguna","=HYPERLINK(""https://vector.lightning.force.com/lightning/r/Account/001Kf000012gXIzIAM/view"", ""INFORMACION LOCALIZADA S.A.S AGENCIA EN CHILE"")","=HYPERLINK(""https://vector.lightning.force.com/lightning/r/Account/0014M00001htuQ2QAI/view"", ""Bethia S.A."")",Tier 2,"=HYPERLINK(""https://vector.lightning.force.com/lightning/r/Workload__c/aBJKf000009W8X2OAK/view"", ""Megavision - Lab IA e Innovacion - Servinformacion"")",Mario Alegre,0-2: Tech Eval/Solution Dev,🟢 Ready (35 DRP Profiles),"=HYPERLINK(""https://vector.lightning.force.com/lightning/r/Opportunity/006Kf00000P8fAYIAZ/view"", ""Red Televisiva Megavision S.A. - Laboratorio LAB IA e INNOVACION - Servinformacion"")",,,Corporate,MCO CORP SUR,Build with AI,Gemini Enterprise for Customer Experience (Build with AI),AI Search & Specialized AI,2026-08-13,2026-12-02,"$40,000.00",,,
"Jaquelyn Montañez, Fernando Laguna","=HYPERLINK(""https://vector.lightning.force.com/lightning/r/Account/0014M00002GHyqCQAT/view"", ""SERVINFORMACION EL SALVADOR, SOCIEDAD ANONIMA DE CAPITAL VARIABLE"")","=HYPERLINK(""https://vector.lightning.force.com/lightning/r/Account/001Kf0000134juUIAQ/view"", ""Instituto Salvadoreño de Bienestar Magisterial"")",Tier 1,"=HYPERLINK(""https://vector.lightning.force.com/lightning/r/Workload__c/aBJKf000009W8CiOAK/view"", ""ISBM - Data Analytics & Gemini Enterprise"")",Adri Messih,4.2: Ramping / Deliver,🟢 Ready (35 DRP Profiles),"=HYPERLINK(""https://vector.lightning.force.com/lightning/r/Opportunity/006Kf00000NzEbqIAF/view"", ""ISBM -  GE - 600 licences"")",,,PS,MEXICO & PECS PS,Build with AI,Gemini Enterprise for Customer Experience (Build with AI),AI Search & Specialized AI,2026-05-21,2026-09-30,"$440,000.00",,,
"Jaquelyn Montañez, Fernando Laguna","=HYPERLINK(""https://vector.lightning.force.com/lightning/r/Account/0014M00002TEROiQAP/view"", ""Servinformación S.A"")","=HYPERLINK(""https://vector.lightning.force.com/lightning/r/Account/0014M00001suPUmQAM/view"", ""Ripley Corp S.A."")",Tier 1,"=HYPERLINK(""https://vector.lightning.force.com/lightning/r/Workload__c/aBJKf000004ZDIIOA4/view"", ""[RPY] Demostrar capacidades de CX Agent Studio"")",Jesus Buriticá,0-2: Tech Eval/Solution Dev,🟢 Ready (35 DRP Profiles),"=HYPERLINK(""https://vector.lightning.force.com/lightning/r/Opportunity/006Kf00000P7Wu6IAF/view"", ""[Workload Ripley] Contact Center"")",,"ER-485837, ER-478848",MCO,Chile,Customer Engagement,Gemini Enterprise for Customer Experience (Customer Engagement),Customer Experience Agent Studio,,,"$70,000.00",,,
"Jaquelyn Montañez, Fernando Laguna","=HYPERLINK(""https://vector.lightning.force.com/lightning/r/Account/0014M00002GHywFQAT/view"", ""INFORMACION LOCALIZADA SAS - Sucursal Panamá"")","=HYPERLINK(""https://vector.lightning.force.com/lightning/r/Account/0014M00001hdzZ4QAI/view"", ""Grupo Calesa"")",Tier 1,"=HYPERLINK(""https://vector.lightning.force.com/lightning/r/Workload__c/aBJKf000009W7yWOAS/view"", ""Calesa - Gem Ent 100 Seats"")",Christiane Amorosino,4.3: Migrated/Implemented,🟢 Ready (3 DRP Profiles),"=HYPERLINK(""https://vector.lightning.force.com/lightning/r/Opportunity/006Kf00000OYd4EIAT/view"", ""Calesa - Gem Ent  100 Seats"")",Aprobado - mover a producción,,Corporate,MCO CORP CCA,Build with AI,Lead the Agentic Workplace Transformation (Gemini Enterprise),Gemini Enterprise,2026-06-23,2026-06-25,"$25,245.00",,,
"Jaquelyn Montañez, Fernando Laguna","=HYPERLINK(""https://vector.lightning.force.com/lightning/r/Account/0014M00002NSRhUQAX/view"", ""SITINFORMACION"")","=HYPERLINK(""https://vector.lightning.force.com/lightning/r/Account/0014M00001hvHUGQA2/view"", ""Conservas La Costeña, S.A. de C.V."")",Tier 1,"=HYPERLINK(""https://vector.lightning.force.com/lightning/r/Workload__c/aBJKf000009W7tROAS/view"", ""La Costeña - Gemini Enterprise | Renewal + Crecimiento"")",Eduardo Bello,0-2: Tech Eval/Solution Dev,🟢 Ready (35 DRP Profiles),"=HYPERLINK(""https://vector.lightning.force.com/lightning/r/Opportunity/006Kf00000LjTKCIA3/view"", ""La Costeña - Gemini Enterprise | Renewal + Crecimiento"")",,,Mexico,MX Multi-industry & Monterrey,Build with AI,Scale AI Apps and Agents,Drive Business Impact with Agents,2026-09-28,2026-09-28,"$52,500.00",,,
"Jaquelyn Montañez, Fernando Laguna","=HYPERLINK(""https://vector.lightning.force.com/lightning/r/Account/0014M00001h3AyDQAU/view"", ""INFORMACIÓN LOCALIZADA SAS"")","=HYPERLINK(""https://vector.lightning.force.com/lightning/r/Account/0014M00001hN0FUQA0/view"", ""Copa Holdings S.A"")",Tier 1,"=HYPERLINK(""https://vector.lightning.force.com/lightning/r/Workload__c/aBJKf000004ZCTSOA4/view"", ""Wingo - Customer Experience Engagement Suite"")",Leonardo Rusinque,3:  Proposal / Negotiation,🟢 Ready (35 DRP Profiles),"=HYPERLINK(""https://vector.lightning.force.com/lightning/r/Opportunity/006Kf00000P6MbqIAF/view"", ""Wingo - Customer Experience Engagement Suite"")","Leonardo: Feedback de lentitud de partner, se lleva a propuesta para explorar cambio de partner con Blueshift",,Corporate,MCO CORP CCA,Customer Engagement,,,2026-09-08,2026-10-14,"$150,000.00",,,
"Jaquelyn Montañez, Fernando Laguna","=HYPERLINK(""https://vector.lightning.force.com/lightning/r/Account/0014M00001h3AyDQAU/view"", ""INFORMACIÓN LOCALIZADA SAS"")","=HYPERLINK(""https://vector.lightning.force.com/lightning/r/Account/0014M00001hRjMnQAK/view"", ""Pantaleon SA"")",Tier 1,"=HYPERLINK(""https://vector.lightning.force.com/lightning/r/Workload__c/aBJKf000004ZCSjOAO/view"", ""Pantaleon - Wiz"")",Leonardo Rusinque,3:  Proposal / Negotiation,🔴 Capacity Gap (0 DRP Profiles),"=HYPERLINK(""https://vector.lightning.force.com/lightning/r/Opportunity/006Kf00000P6LumIAF/view"", ""Pantaleon - WIZ #AIThreatDefense"")",,,Corporate,MCO CORP CCA,Security,,,2026-06-03,2026-07-22,"$40,000.00",,,
"Jaquelyn Montañez, Fernando Laguna","=HYPERLINK(""https://vector.lightning.force.com/lightning/r/Account/0014M00001h3AyDQAU/view"", ""INFORMACIÓN LOCALIZADA SAS"")","=HYPERLINK(""https://vector.lightning.force.com/lightning/r/Account/0014M00001yTEYrQAO/view"", ""Gobernación de Arauca"")",Tier 1,"=HYPERLINK(""https://vector.lightning.force.com/lightning/r/Workload__c/aBJKf000004ZCVTOA4/view"", ""Gemini Enterprise Gobernacion"")",Juanita Perico Londoño,3:  Proposal / Negotiation,🟢 Ready (35 DRP Profiles),"=HYPERLINK(""https://vector.lightning.force.com/lightning/r/Opportunity/006Kf00000P5m7ZIAR/view"", ""GOBERNACION DE ARAUCA - Laboratorio IA-  #AWT_playcompete_Servi"")",,,PS,Streamline PS,Build with AI,Gemini Enterprise for Customer Experience (Build with AI),AI Search & Specialized AI,2027-02-01,2027-02-15,"$34,000.00",,,
"Jaquelyn Montañez, Fernando Laguna","=HYPERLINK(""https://vector.lightning.force.com/lightning/r/Account/0014M00001h3AyDQAU/view"", ""INFORMACIÓN LOCALIZADA SAS"")","=HYPERLINK(""https://vector.lightning.force.com/lightning/r/Account/0014M00001hcUu9QAE/view"", ""Pycca S.A."")",Tier 2,"=HYPERLINK(""https://vector.lightning.force.com/lightning/r/Workload__c/aBJKf000009kFCeOAM/view"", ""Pycca #GCP: Cortex, Bigquery, AI"")",Alexandra Rodríguez,0-2: Tech Eval/Solution Dev,🟢 Ready (31 DRP Profiles),"=HYPERLINK(""https://vector.lightning.force.com/lightning/r/Opportunity/006Kf00000O9POBIA3/view"", ""Pycca SA #GCP/ Cortex, AI"")",5/5/26: Entrega de Propuesta ESTA semana,,Corporate,MCO CORP NORTE,Analytics,"Migrate, Modernize, and Build with Data Cloud (Analytics)",Migrate Data Warehouses to BigQuery,2026-08-28,2026-10-23,"$37,200.00",,,
"Jaquelyn Montañez, Fernando Laguna","=HYPERLINK(""https://vector.lightning.force.com/lightning/r/Account/0014M00002GHyqCQAT/view"", ""SERVINFORMACION EL SALVADOR, SOCIEDAD ANONIMA DE CAPITAL VARIABLE"")","=HYPERLINK(""https://vector.lightning.force.com/lightning/r/Account/0014M00001h3QQVQA2/view"", ""Grupo Bafar, S.A.B. de C.V."")",Tier 1,"=HYPERLINK(""https://vector.lightning.force.com/lightning/r/Workload__c/aBJKf000009kErvOAE/view"", ""WL_Analiticos_Administrativos"")",Vane Colin,4.2: Ramping / Deliver,🟢 Ready (31 DRP Profiles),"=HYPERLINK(""https://vector.lightning.force.com/lightning/r/Opportunity/006Kf00000O9IOTIA3/view"", ""WL_Grupo Bafar_Analiticos_Administrativos"")",,"ER-485965, ER-474581",Mexico,"MX FSI, Services & WR",Analytics,"Migrate, Modernize, and Build with Data Cloud (Analytics)",Migrate Data Warehouses to BigQuery,2026-08-17,2026-08-31,"$60,000.00",,,
"Jaquelyn Montañez, Fernando Laguna","=HYPERLINK(""https://vector.lightning.force.com/lightning/r/Account/0014M00001h3AyDQAU/view"", ""INFORMACIÓN LOCALIZADA SAS"")","=HYPERLINK(""https://vector.lightning.force.com/lightning/r/Account/0014M00001hp5OIQAY/view"", ""FARMATODO COLOMBIA S A"")",Tier 1,"=HYPERLINK(""https://vector.lightning.force.com/lightning/r/Workload__c/aBJKf000009W70gOAC/view"", ""[GECX] Farmatodo - #CXAgentStudio - WL"")",Raphael Laxe,3:  Proposal / Negotiation,🟢 Ready (35 DRP Profiles),"=HYPERLINK(""https://vector.lightning.force.com/lightning/r/Opportunity/006Kf00000OedMHIAZ/view"", ""[GECX] Farmatodo - #CXAgentStudio & #AA &#CXQIA - Servicio al cliente"")","08/23/26(RL)Meeting with the CTO and CEO scheduled for next Friday, 08/28. NA: Finish the commit discussion to start the MVP after customer acceptance.","ER-489668, ER-489156",MCO,Colombia,Customer Engagement,Gemini Enterprise for Customer Experience (Customer Engagement),Customer Experience Agent Studio,2026-08-31,2026-12-01,"$120,000.00",,,
"Jaquelyn Montañez, Fernando Laguna","=HYPERLINK(""https://vector.lightning.force.com/lightning/r/Account/0014M00001h3AyDQAU/view"", ""INFORMACIÓN LOCALIZADA SAS"")","=HYPERLINK(""https://vector.lightning.force.com/lightning/r/Account/0014M00001hp5OIQAY/view"", ""FARMATODO COLOMBIA S A"")",Tier 1,"=HYPERLINK(""https://vector.lightning.force.com/lightning/r/Workload__c/aBJKf000009W70lOAC/view"", ""[GECX] Farmatodo - #AA - WL"")",Raphael Laxe,3:  Proposal / Negotiation,🟢 Ready (35 DRP Profiles),"=HYPERLINK(""https://vector.lightning.force.com/lightning/r/Opportunity/006Kf00000OedMHIAZ/view"", ""[GECX] Farmatodo - #CXAgentStudio & #AA &#CXQIA - Servicio al cliente"")","08/23/26(JC)Meeting with the CTO and CEO scheduled for next Friday, 08/28. NA: Finish the commit discussion to start the MVP after customer acceptance.","=HYPERLINK(""https://vector.lightning.force.com/lightning/r/Expert_Request__c/aAuKf000000TWhuKAG/view"", ""ER-488578"")",MCO,Colombia,Customer Engagement,Gemini Enterprise for Customer Experience (Customer Engagement),Customer Experience Agent Assist,2026-08-31,2026-12-01,"$17,690.00",,,
"Jaquelyn Montañez, Fernando Laguna","=HYPERLINK(""https://vector.lightning.force.com/lightning/r/Account/0014M00001h3AyDQAU/view"", ""INFORMACIÓN LOCALIZADA SAS"")","=HYPERLINK(""https://vector.lightning.force.com/lightning/r/Account/0014M00001hlb16QAA/view"", ""Sociedad Agricola e Industrial San Carlos, S.A."")",Tier 2,"=HYPERLINK(""https://vector.lightning.force.com/lightning/r/Workload__c/aBJKf000009kEp1OAE/view"", ""Ingenio San Carlos - Cortex, Data Analytics, GE"")",Alexandra Rodríguez,0-2: Tech Eval/Solution Dev,🟢 Ready (31 DRP Profiles),"=HYPERLINK(""https://vector.lightning.force.com/lightning/r/Opportunity/006Kf00000O9DW1IAN/view"", ""Ingenio San Carlos - Cortex, Data Analytics, GE"")","5/5: Propuesta entregada, esperando que regrese Silvio ( CIO ) regrese de Londres El 5/9",,Corporate,MCO CORP NORTE,Analytics,"Migrate, Modernize, and Build with Data Cloud (Analytics)",Migrate Data Warehouses to BigQuery,2026-10-02,2026-10-23,"$3,600.00",,,
"Jaquelyn Montañez, Fernando Laguna","=HYPERLINK(""https://vector.lightning.force.com/lightning/r/Account/0014M00002TEROiQAP/view"", ""Servinformación S.A"")","=HYPERLINK(""https://vector.lightning.force.com/lightning/r/Account/0014M00001hllvSQAQ/view"", ""Cerveceria Centro Americana S.A."")",Tier 1,"=HYPERLINK(""https://vector.lightning.force.com/lightning/r/Workload__c/aBJKf000009eE5nOAE/view"", ""ICASA CCaS"")",Diana Cuevas Jurney,3:  Proposal / Negotiation,🟢 Ready (35 DRP Profiles),"=HYPERLINK(""https://vector.lightning.force.com/lightning/r/Opportunity/006Kf00000KaTzJIAV/view"", ""ICASA - Digital Customer engagement. #GCVE"")",,,Corporate,MCO CORP CCA,Build with AI,Scale AI Apps and Agents,Drive Business Impact with Agents,2026-07-14,2026-11-24,"$60,000.00",,,
"Jaquelyn Montañez, Fernando Laguna","=HYPERLINK(""https://vector.lightning.force.com/lightning/r/Account/0014M00001h34A7QAI/view"", ""INFORMACION LOCALIZADA S.A.S. - SUCURSAL DEL PERU"")","=HYPERLINK(""https://vector.lightning.force.com/lightning/r/Account/0014M00001hLwWwQAK/view"", ""Austral Group S.A.A."")",Tier 2,"=HYPERLINK(""https://vector.lightning.force.com/lightning/r/Workload__c/aBJKf000009eE88OAE/view"", ""Austral | Cortex en PRD - Consumo Infra"")",Arianne Mahuad,3:  Proposal / Negotiation,🟢 Ready (31 DRP Profiles),"=HYPERLINK(""https://vector.lightning.force.com/lightning/r/Opportunity/006Kf00000OJWP2IAP/view"", ""Austral | Cortex en PRD"")",,"ER-506533, ER-475545, ER-494808",Corporate,MCO CORP CCA,Analytics,The Agentic Data Cloud,Cortex Framework,2026-11-01,2027-01-31,"$10,000.00",,,
"Jaquelyn Montañez, Fernando Laguna","=HYPERLINK(""https://vector.lightning.force.com/lightning/r/Account/0014M00002GHywFQAT/view"", ""INFORMACION LOCALIZADA SAS - Sucursal Panamá"")","=HYPERLINK(""https://vector.lightning.force.com/lightning/r/Account/0014M00001oifygQAA/view"", ""Farmacias Arrocha"")",Tier 2,"=HYPERLINK(""https://vector.lightning.force.com/lightning/r/Workload__c/aBJKf000009W6nmOAC/view"", ""Farmacias Arrocha #GE para Recetas Médicas"")",Christiane Amorosino,3:  Proposal / Negotiation,🟢 Ready (35 DRP Profiles),"=HYPERLINK(""https://vector.lightning.force.com/lightning/r/Opportunity/006Kf00000OJUZ5IAP/view"", ""Farmacias Arrocha #Outbound #GE para Recetas Médicas"")",Aguardando orden de compras,,Corporate,MCO CORP CCA,Build with AI,Scale AI Apps and Agents,Drive Business Impact with Agents,2026-10-15,2026-11-16,"$14,496.00",,,
"Jaquelyn Montañez, Fernando Laguna","=HYPERLINK(""https://vector.lightning.force.com/lightning/r/Account/0014M00001h3AyDQAU/view"", ""INFORMACIÓN LOCALIZADA SAS"")","=HYPERLINK(""https://vector.lightning.force.com/lightning/r/Account/0014M00001hT2yMQAS/view"", ""Alcaldía de Medellín"")",Tier 1,"=HYPERLINK(""https://vector.lightning.force.com/lightning/r/Workload__c/aBJKf000009W6fnOAC/view"", ""WL_Alcadia_GE_Seats_FSR"")",Santiago Moreno,0-2: Tech Eval/Solution Dev,🟢 Ready (3 DRP Profiles),"=HYPERLINK(""https://vector.lightning.force.com/lightning/r/Opportunity/006Kf00000OebyNIAR/view"", ""Alcadia_GE_Seats_FSR"")",,,PS,MCO PS,Build with AI,Lead the Agentic Workplace Transformation (Gemini Enterprise),Gemini Enterprise,2026-09-23,2026-09-23,"$38,000.00",,,
"Jaquelyn Montañez, Fernando Laguna","=HYPERLINK(""https://vector.lightning.force.com/lightning/r/Account/0014M00001h3AyDQAU/view"", ""INFORMACIÓN LOCALIZADA SAS"")","=HYPERLINK(""https://vector.lightning.force.com/lightning/r/Account/0014M00001h6ZnaQAE/view"", ""COMANDO GENERAL DE LAS FUERZAS MILITARES"")",Tier 1,"=HYPERLINK(""https://vector.lightning.force.com/lightning/r/Workload__c/aBJKf000009W6fsOAC/view"", ""WL_Comando_GE_Seat_FSR"")",Santiago Moreno,0-2: Tech Eval/Solution Dev,🟢 Ready (3 DRP Profiles),"=HYPERLINK(""https://vector.lightning.force.com/lightning/r/Opportunity/006Kf00000OebycIAB/view"", ""Comando_GE_Seat_FSR"")",,,PS,MCO PS,Build with AI,Lead the Agentic Workplace Transformation (Gemini Enterprise),Gemini Enterprise,,,"$35,000.00",,,
"Jaquelyn Montañez, Fernando Laguna","=HYPERLINK(""https://vector.lightning.force.com/lightning/r/Account/0014M00001h3AyDQAU/view"", ""INFORMACIÓN LOCALIZADA SAS"")","=HYPERLINK(""https://vector.lightning.force.com/lightning/r/Account/0014M00001h6pxEQAQ/view"", ""EMPRESAS PUBLICAS DE LA CEJA E S P"")",Tier 1,"=HYPERLINK(""https://vector.lightning.force.com/lightning/r/Workload__c/aBJKf000009W6gWOAS/view"", ""WL_Ceja_GE_Seats_FSR"")",Santiago Moreno,0-2: Tech Eval/Solution Dev,🟢 Ready (3 DRP Profiles),"=HYPERLINK(""https://vector.lightning.force.com/lightning/r/Opportunity/006Kf00000OngwCIAR/view"", ""#AWT_playcompete_Servi CO - EEPP La Ceja - GE - Licencias Gemini Enterprise - Q1 - 2027"")",,,PS,MCO PS,Build with AI,Lead the Agentic Workplace Transformation (Gemini Enterprise),Gemini Enterprise,2027-02-12,2027-02-12,"$7,500.00",,,
"Jaquelyn Montañez, Fernando Laguna","=HYPERLINK(""https://vector.lightning.force.com/lightning/r/Account/0014M00001h3AyDQAU/view"", ""INFORMACIÓN LOCALIZADA SAS"")","=HYPERLINK(""https://vector.lightning.force.com/lightning/r/Account/0014M00001hTMjCQAW/view"", ""MUTUAL SER S A"")",Tier 1,"=HYPERLINK(""https://vector.lightning.force.com/lightning/r/Workload__c/aBJKf000009eDcROAU/view"", ""PD Mutual GE 100 Users 36 Mo"")",Pedro Diaz Moreno,0-2: Tech Eval/Solution Dev,🟢 Ready (35 DRP Profiles),"=HYPERLINK(""https://vector.lightning.force.com/lightning/r/Opportunity/006Kf00000OluRJIAZ/view"", ""MUTUAL SER EPS - Solución Gemini Enterprise (#AWT_playcompete_Servi)"")",,,MCO,Colombia,Build with AI,,,2026-10-20,2026-12-15,$0.00,,,
"Jaquelyn Montañez, Fernando Laguna","=HYPERLINK(""https://vector.lightning.force.com/lightning/r/Account/0014M00002NSRhUQAX/view"", ""SITINFORMACION"")","=HYPERLINK(""https://vector.lightning.force.com/lightning/r/Account/001Kf000017fTdvIAE/view"", ""Lala Administración y Control, S.A. de C.V."")",Tier 1,"=HYPERLINK(""https://vector.lightning.force.com/lightning/r/Workload__c/aBJKf000009W6V9OAK/view"", ""LALA INTRANET"")",Ana Schultz,3:  Proposal / Negotiation,🟢 Ready (3 DRP Profiles),"=HYPERLINK(""https://vector.lightning.force.com/lightning/r/Opportunity/006Kf00000OebRdIAJ/view"", ""Intranet LALA"")",,,Mexico,MX Multi-industry & Monterrey,Build with AI,Lead the Agentic Workplace Transformation (Gemini Enterprise),Gemini Enterprise,2026-07-20,2026-08-10,"$300,000.00",,,
"Jaquelyn Montañez, Fernando Laguna","=HYPERLINK(""https://vector.lightning.force.com/lightning/r/Account/0014M00002GHyyuQAD/view"", ""SERVINFORMACION S.A."")","=HYPERLINK(""https://vector.lightning.force.com/lightning/r/Account/0014M00001hbHtmQAE/view"", ""Grupo Jumex S.A. de C.V."")",Tier 1,"=HYPERLINK(""https://vector.lightning.force.com/lightning/r/Workload__c/aBJKf000009eDMnOAM/view"", ""Grupo Jumex GENAI MEDIA"")",Edgar Castillo,0-2: Tech Eval/Solution Dev,🟢 Ready (35 DRP Profiles),"=HYPERLINK(""https://vector.lightning.force.com/lightning/r/Opportunity/006Kf00000OozZgIAJ/view"", ""Grupo Jumex GENAI MEDIA"")",,,Mexico,MX Multi-industry & Monterrey,Build with AI,Leverage Generative Media in your Business,Generative Media,2026-07-30,2026-07-31,"$40,000.00",,,
"Jaquelyn Montañez, Fernando Laguna","=HYPERLINK(""https://vector.lightning.force.com/lightning/r/Account/0014M00001h3AyDQAU/view"", ""INFORMACIÓN LOCALIZADA SAS"")","=HYPERLINK(""https://vector.lightning.force.com/lightning/r/Account/0014M00001k4h9FQAQ/view"", ""habi.co"")",Tier 1,"=HYPERLINK(""https://vector.lightning.force.com/lightning/r/Workload__c/aBJKf000009W6NZOA0/view"", ""Habi - Gemini Enterprise"")",Juan Carlos Florez,0-2: Tech Eval/Solution Dev,🟢 Ready (3 DRP Profiles),"=HYPERLINK(""https://vector.lightning.force.com/lightning/r/Opportunity/006Kf00000ORLV0IAP/view"", ""#AWT_playcompete_Servi HABI CO SAS - GCP - Gemini Enterprise"")",,,MCO,Colombia,Build with AI,Lead the Agentic Workplace Transformation (Gemini Enterprise),Gemini Enterprise,2026-09-01,2026-09-30,"$30,000.00",,,
"Jaquelyn Montañez, Fernando Laguna","=HYPERLINK(""https://vector.lightning.force.com/lightning/r/Account/0014M00002TEROiQAP/view"", ""Servinformación S.A"")","=HYPERLINK(""https://vector.lightning.force.com/lightning/r/Account/0014M00001m2TzSQAU/view"", ""Alen"")",Tier 1,"=HYPERLINK(""https://vector.lightning.force.com/lightning/r/Workload__c/aBJKf000009W6IjOAK/view"", ""AlEn - Gemini Enterprise | Crecimiento"")",Miguel Caballero,3:  Proposal / Negotiation,🟢 Ready (3 DRP Profiles),"=HYPERLINK(""https://vector.lightning.force.com/lightning/r/Opportunity/006Kf00000N5n0XIAR/view"", ""AlEn - Gemini Enterprise | Crecimiento"")",Proposal with new emerging market SKU will be presented on Jun 9.,,Mexico,MX Multi-industry & Monterrey,Build with AI,Lead the Agentic Workplace Transformation (Gemini Enterprise),Gemini Enterprise,2026-10-19,2027-10-19,"$150,000.00",,,
"Jaquelyn Montañez, Fernando Laguna","=HYPERLINK(""https://vector.lightning.force.com/lightning/r/Account/0014M0000277PE9QAM/view"", ""SERVIBRASIL SOLUCOES EM TECNOLOGIA DA INFORMACAO LTDA."")","=HYPERLINK(""https://vector.lightning.force.com/lightning/r/Account/0014M00001hq7AcQAI/view"", ""Comércio de Medicamentos Brair Ltda"")",Tier 2,"=HYPERLINK(""https://vector.lightning.force.com/lightning/r/Workload__c/aBJKf000009W6E8OAK/view"", ""Farmácias São João - Inteligência para o varejo Farma"")",Fernando Vieira,0-2: Tech Eval/Solution Dev,🟢 Ready (35 DRP Profiles),"=HYPERLINK(""https://vector.lightning.force.com/lightning/r/Opportunity/006Kf00000Oo3n0IAB/view"", ""CORP - Farmácias São João - Inteligência para o varejo Farma"")","FV - 16/06: Partner não avançou com apresentação no cliente, estamos trabalhando para agendar nova reunião no próximo mês.",,Corporate,BR CORP,Build with AI,Scale AI Apps and Agents,Drive Business Impact with Agents,2026-09-30,2026-10-30,"$30,000.00",,,
"Jaquelyn Montañez, Fernando Laguna","=HYPERLINK(""https://vector.lightning.force.com/lightning/r/Account/0014M00001h3AyDQAU/view"", ""INFORMACIÓN LOCALIZADA SAS"")","=HYPERLINK(""https://vector.lightning.force.com/lightning/r/Account/0014M00001pp2aaQAA/view"", ""KREDIYA S.A."")",Tier 2,"=HYPERLINK(""https://vector.lightning.force.com/lightning/r/Workload__c/aBJKf000009eCfLOAU/view"", ""KrediYa - Data Analytics"")",Christiane Amorosino,3:  Proposal / Negotiation,🟢 Ready (31 DRP Profiles),"=HYPERLINK(""https://vector.lightning.force.com/lightning/r/Opportunity/006Kf00000OocyFIAR/view"", ""KrediYa - Data Analytics"")",Alineamiento partner 25/8 - Pendiente nueva sesión cliente Brenda,,Corporate,MCO CORP CCA,Analytics,,,2026-11-30,2026-12-31,"$150,000.00",,,
"Jaquelyn Montañez, Fernando Laguna","=HYPERLINK(""https://vector.lightning.force.com/lightning/r/Account/0014M00002GHywFQAT/view"", ""INFORMACION LOCALIZADA SAS - Sucursal Panamá"")","=HYPERLINK(""https://vector.lightning.force.com/lightning/r/Account/0014M00001pp2aaQAA/view"", ""KREDIYA S.A."")",Tier 2,"=HYPERLINK(""https://vector.lightning.force.com/lightning/r/Workload__c/aBJKf000009eCf1OAE/view"", ""KrediYa - Looker"")",Christiane Amorosino,3:  Proposal / Negotiation,🟢 Ready (31 DRP Profiles),"=HYPERLINK(""https://vector.lightning.force.com/lightning/r/Opportunity/006Kf00000OocfwIAB/view"", ""KredyYa - Looker"")",Alineamiento partner 25/8 - Pendiente nueva sesión cliente Brenda,,Corporate,MCO CORP CCA,Analytics,,,2026-11-30,2026-12-31,"$75,000.00",,,
"Jaquelyn Montañez, Fernando Laguna","=HYPERLINK(""https://vector.lightning.force.com/lightning/r/Account/0014M00001h34A7QAI/view"", ""INFORMACION LOCALIZADA S.A.S. - SUCURSAL DEL PERU"")","=HYPERLINK(""https://vector.lightning.force.com/lightning/r/Account/0014M00001hLwWwQAK/view"", ""Austral Group S.A.A."")",Tier 2,"=HYPERLINK(""https://vector.lightning.force.com/lightning/r/Workload__c/aBJKf000009tdUgOAI/view"", ""Austral | 50 Licencias Gemini Enterprise"")",Arianne Mahuad,0-2: Tech Eval/Solution Dev,🟢 Ready (3 DRP Profiles),"=HYPERLINK(""https://vector.lightning.force.com/lightning/r/Opportunity/006Kf00000OsrYEIAZ/view"", ""Austral | 50 Licencias Gemini Enterprise"")",,,Corporate,MCO CORP CCA,Build with AI,Lead the Agentic Workplace Transformation (Gemini Enterprise),Gemini Enterprise,2026-12-01,2026-12-31,"$15,000.00",,,
"Jaquelyn Montañez, Fernando Laguna","=HYPERLINK(""https://vector.lightning.force.com/lightning/r/Account/0014M0000277PE9QAM/view"", ""SERVIBRASIL SOLUCOES EM TECNOLOGIA DA INFORMACAO LTDA."")","=HYPERLINK(""https://vector.lightning.force.com/lightning/r/Account/0014M00001hin1UQAQ/view"", ""A. Angeloni & Cia. Ltda"")",Tier 2,"=HYPERLINK(""https://vector.lightning.force.com/lightning/r/Workload__c/aBJKf0000082TFdOAM/view"", ""Angeloni - Inteligência para o Varejo Consumer Genoma"")",Daniel Prudencio,0-2: Tech Eval/Solution Dev,🟢 Ready (35 DRP Profiles),"=HYPERLINK(""https://vector.lightning.force.com/lightning/r/Opportunity/006Kf00000Oo3b9IAB/view"", ""CORP - Angeloni - Inteligência para o Varejo Consumer Genoma"")","FV - 16/06: Partner não avançou com apresentação no cliente, estamos trabalhando para agendar nova reunião no próximo mês.",,Corporate,BR CORP,Build with AI,Gemini Enterprise for Customer Experience (Build with AI),Commerce Search,2026-10-30,2026-11-30,$0.00,,,
"Jaquelyn Montañez, Fernando Laguna","=HYPERLINK(""https://vector.lightning.force.com/lightning/r/Account/0014M00002TEROiQAP/view"", ""Servinformación S.A"")","=HYPERLINK(""https://vector.lightning.force.com/lightning/r/Account/0014M00002NlaCFQAZ/view"", ""Servicios Integrados de Lealtad, Mercadotecnia y Comunicación, S.A.P.I. de C.V."")",Tier 1,"=HYPERLINK(""https://vector.lightning.force.com/lightning/r/Workload__c/aBJKf000009eCUcOAM/view"", ""FEMSA SPIN - Gemini Enterprise |"")",Chuy Peña,0-2: Tech Eval/Solution Dev,🟢 Ready (3 DRP Profiles),"=HYPERLINK(""https://vector.lightning.force.com/lightning/r/Opportunity/006Kf00000NiHJUIA3/view"", ""FEMSA SPIN - Gemini Enterprise |"")",13/07 - Confirmar con Jose Juan Martinez (SPIN) el alcance del proyecto total de GE y definir los incentivos aplicables. FSR will discuss with customer adding partner to the opportunity for deployment activities.,,Mexico,MX Multi-industry & Monterrey,Build with AI,Lead the Agentic Workplace Transformation (Gemini Enterprise),Gemini Enterprise,2026-11-30,2026-11-30,"$300,000.00",,,
"Jaquelyn Montañez, Fernando Laguna","=HYPERLINK(""https://vector.lightning.force.com/lightning/r/Account/0014M00002NSRhUQAX/view"", ""SITINFORMACION"")","=HYPERLINK(""https://vector.lightning.force.com/lightning/r/Account/0014M00001hSLPIQA4/view"", ""Grupo Cinemex, S.A. de C.V."")",Tier 1,"=HYPERLINK(""https://vector.lightning.force.com/lightning/r/Workload__c/aBJKf0000082T7jOAE/view"", ""Compute Engine - RFP"")",Eduardo Bello,0-2: Tech Eval/Solution Dev,🟢 Ready (35 DRP Profiles),"=HYPERLINK(""https://vector.lightning.force.com/lightning/r/Opportunity/006Kf00000OefwdIAB/view"", ""Infraestructura"")",,,Mexico,MX Multi-industry & Monterrey,Migrate Modernize and Build,"Migrate, Modernize and Build",Microsoft,2026-11-03,2026-12-01,"$179,000.00",,,
"Jaquelyn Montañez, Fernando Laguna","=HYPERLINK(""https://vector.lightning.force.com/lightning/r/Account/0014M00002NSRhUQAX/view"", ""SITINFORMACION"")","=HYPERLINK(""https://vector.lightning.force.com/lightning/r/Account/0014M00001hSLPIQA4/view"", ""Grupo Cinemex, S.A. de C.V."")",Tier 1,"=HYPERLINK(""https://vector.lightning.force.com/lightning/r/Workload__c/aBJKf0000082T7oOAE/view"", ""Compute Engine - RFP 1Yr"")",Eduardo Bello,0-2: Tech Eval/Solution Dev,🟢 Ready (35 DRP Profiles),"=HYPERLINK(""https://vector.lightning.force.com/lightning/r/Opportunity/006Kf00000OefwdIAB/view"", ""Infraestructura"")",,,Mexico,MX Multi-industry & Monterrey,Migrate Modernize and Build,"Migrate, Modernize and Build",Microsoft,2026-11-09,2026-11-23,"$100,000.00",,,
"Jaquelyn Montañez, Fernando Laguna","=HYPERLINK(""https://vector.lightning.force.com/lightning/r/Account/0014M00002TEROiQAP/view"", ""Servinformación S.A"")","=HYPERLINK(""https://vector.lightning.force.com/lightning/r/Account/0014M00001hRjMnQAK/view"", ""Pantaleon SA"")",Tier 1,"=HYPERLINK(""https://vector.lightning.force.com/lightning/r/Workload__c/aBJKf000009eBuFOAU/view"", ""PANTALEON S.A - SAP Cortex"")",Leonardo Rusinque,3:  Proposal / Negotiation,🟢 Ready (31 DRP Profiles),"=HYPERLINK(""https://vector.lightning.force.com/lightning/r/Opportunity/006Kf00000O08dOIAR/view"", ""PANTALEON S.A - SAP Cortex"")",,,Corporate,MCO CORP CCA,Analytics,,,2026-10-01,2026-10-30,"$200,000.00",,,
"Jaquelyn Montañez, Fernando Laguna","=HYPERLINK(""https://vector.lightning.force.com/lightning/r/Account/0014M00002GHyyuQAD/view"", ""SERVINFORMACION S.A."")","=HYPERLINK(""https://vector.lightning.force.com/lightning/r/Account/0014M00001hVQ3jQAG/view"", ""Flesan Chile"")",Tier 2,"=HYPERLINK(""https://vector.lightning.force.com/lightning/r/Workload__c/aBJKf000009eBt7OAE/view"", ""Flesan 1000 seats"")",Christian Cuadros,0-2: Tech Eval/Solution Dev,🟢 Ready (35 DRP Profiles),"=HYPERLINK(""https://vector.lightning.force.com/lightning/r/Opportunity/006Kf00000OnYXRIA3/view"", ""Flesan - Gemini Enterprise 1000 seats+Big query SAP"")",,,Corporate,MCO CORP SUR,,,,2026-08-21,2026-09-25,$0.00,,,
"Jaquelyn Montañez, Fernando Laguna","=HYPERLINK(""https://vector.lightning.force.com/lightning/r/Account/0014M00001h3AyDQAU/view"", ""INFORMACIÓN LOCALIZADA SAS"")","=HYPERLINK(""https://vector.lightning.force.com/lightning/r/Account/001Kf000011QM9CIAW/view"", ""UNIVERSIDAD MILITAR NUEVA GRANADA"")",Tier 1,"=HYPERLINK(""https://vector.lightning.force.com/lightning/r/Workload__c/aBJKf0000082SJtOAM/view"", ""Universidad Militar Nueva Granada -Migración de Infraestructura Oracle"")",Lauro Garcia,3:  Proposal / Negotiation,🟢 Ready (19 DRP Profiles),"=HYPERLINK(""https://vector.lightning.force.com/lightning/r/Opportunity/006Kf00000OmS0yIAF/view"", ""Universidad Militar Nueva Granada -Migración de Infraestructura Oracle"")","LG Aug 18: Customer approved scope, partner is working on procurement process",,PS,EDU PS,Migrate Modernize and Build,"Migrate, Modernize and Build",GKE/CloudRun,2026-11-09,2026-12-02,"$230,000.00",,,
"Jaquelyn Montañez, Fernando Laguna","=HYPERLINK(""https://vector.lightning.force.com/lightning/r/Account/0014M0000277PE9QAM/view"", ""SERVIBRASIL SOLUCOES EM TECNOLOGIA DA INFORMACAO LTDA."")","=HYPERLINK(""https://vector.lightning.force.com/lightning/r/Account/0014M00001hUBaHQAW/view"", ""UNIVERSIDADE FEDERAL DO TRIANGULO MINEIRO"")",Tier 1,"=HYPERLINK(""https://vector.lightning.force.com/lightning/r/Workload__c/aBJKf000009eAe1OAE/view"", ""Infra Move"")",Victoria Oliveira,3:  Proposal / Negotiation,🟢 Ready (19 DRP Profiles),"=HYPERLINK(""https://vector.lightning.force.com/lightning/r/Opportunity/006Kf00000LjdZIIAZ/view"", ""UNIVERSIDADE FEDERAL DO TRIANGULO MINEIRO #OUT #GCP #MIGRATION #GOV-PS-BR  #SalesCreditPOC"")",Cliente irá publicar edital até agosto. Será um edital aberto de nuvem. Realizamos um mapeamento do workload e uma POC de moodle com a Servi,,PS,Streamline PS,Migrate Modernize and Build,"Migrate, Modernize and Build",GKE/CloudRun,2026-10-29,2026-11-19,"$150,000.00",,,
"Jaquelyn Montañez, Fernando Laguna","=HYPERLINK(""https://vector.lightning.force.com/lightning/r/Account/0014M0000277PE9QAM/view"", ""SERVIBRASIL SOLUCOES EM TECNOLOGIA DA INFORMACAO LTDA."")","=HYPERLINK(""https://vector.lightning.force.com/lightning/r/Account/0014M00002KMtVfQAL/view"", ""Lume Robotics"")",Tier 3,"=HYPERLINK(""https://vector.lightning.force.com/lightning/r/Workload__c/aBJKf000009tbWGOAY/view"", ""Infra for Lume Robotics"")",Nathã Souza,4.3: Migrated/Implemented,🟢 Ready (19 DRP Profiles),"=HYPERLINK(""https://vector.lightning.force.com/lightning/r/Opportunity/006Kf00000NScYpIAL/view"", ""Lume Robotics - #Selfprospect"")",partner start implementation,,Brazil,Brazil DN,Migrate Modernize and Build,"Migrate, Modernize and Build",GKE/CloudRun,2026-04-07,2026-05-25,"$124,554.00",,,
"Jaquelyn Montañez, Fernando Laguna","=HYPERLINK(""https://vector.lightning.force.com/lightning/r/Account/0014M0000277PE9QAM/view"", ""SERVIBRASIL SOLUCOES EM TECNOLOGIA DA INFORMACAO LTDA."")","=HYPERLINK(""https://vector.lightning.force.com/lightning/r/Account/001Kf0000135X7cIAE/view"", ""UP VENDAS"")",Tier 3,"=HYPERLINK(""https://vector.lightning.force.com/lightning/r/Workload__c/aBJKf000009tbW6OAI/view"", ""Infrastructure for UpVendas"")",Nathã Souza,4.3: Migrated/Implemented,🟢 Ready (19 DRP Profiles),"=HYPERLINK(""https://vector.lightning.force.com/lightning/r/Opportunity/006Kf00000KqzfOIAR/view"", ""UpVendas #GCP #AzureMigration #IA #SystemMod # AppMod #ScaleEligible #Acc_latam #Aprovados2k #2kto100k #Acelerados #AELi"")",,"=HYPERLINK(""https://vector.lightning.force.com/lightning/r/Expert_Request__c/aAuKf000000tvcbKAA/view"", ""ER-469628"")",Brazil,Brazil DN,Migrate Modernize and Build,"Migrate, Modernize and Build",GKE/CloudRun,2026-04-13,2026-05-25,"$100,000.32",,,
"Jaquelyn Montañez, Fernando Laguna","=HYPERLINK(""https://vector.lightning.force.com/lightning/r/Account/0014M00001h3AyDQAU/view"", ""INFORMACIÓN LOCALIZADA SAS"")","=HYPERLINK(""https://vector.lightning.force.com/lightning/r/Account/0014M00001hdOHuQAM/view"", ""Universidad Nacional de Colombia"")",Tier 1,"=HYPERLINK(""https://vector.lightning.force.com/lightning/r/Workload__c/aBJKf0000082SKDOA2/view"", ""#M25- UNIVERSIDAD NACIONAL DE COLOMBIA - NB #GCP"")",Lauro Garcia,3:  Proposal / Negotiation,🟢 Ready (35 DRP Profiles),"=HYPERLINK(""https://vector.lightning.force.com/lightning/r/Opportunity/006Kf00000NFuP7IAL/view"", ""#M25- UNIVERSIDAD NACIONAL DE COLOMBIA - NB #GCP"")",LG Jul 10: RFP expected to be published on August,,PS,EDU PS,Storage,Cross Sales Play Solutions (Storage),Storage,2026-09-28,2026-10-20,"$29,500.00",,,
"Jaquelyn Montañez, Fernando Laguna","=HYPERLINK(""https://vector.lightning.force.com/lightning/r/Account/0014M0000277PE9QAM/view"", ""SERVIBRASIL SOLUCOES EM TECNOLOGIA DA INFORMACAO LTDA."")","=HYPERLINK(""https://vector.lightning.force.com/lightning/r/Account/0014M00001hUO52QAG/view"", ""Rede D'or São Luiz S/A"")",Tier 1,"=HYPERLINK(""https://vector.lightning.force.com/lightning/r/Workload__c/aBJKf000009omguOAA/view"", ""[GECX] Rede D'Or São Luiz - #CXAgentStudio - #saudenasnuvens2026 - WL"")",Daniela Kwaks,0-2: Tech Eval/Solution Dev,🟢 Ready (35 DRP Profiles),"=HYPERLINK(""https://vector.lightning.force.com/lightning/r/Opportunity/006Kf00000OYRR3IAP/view"", ""[GECX] Rede D'Or São Luiz - #CXAgentStudio - Agendamento AI - #saudenasnuvens2026"")","08/23/26(RL)The client was considering developing an in-house solution, but we presented our key differentiators. A follow-up meeting is scheduled for 09/01. NA: Follow up with the partner to prepare for this meeting.","ER-489677, ER-466876",Brazil,Health,Customer Engagement,Gemini Enterprise for Customer Experience (Customer Engagement),Customer Experience Agent Studio,2026-10-10,2027-01-09,"$900,000.00",,,
"Jaquelyn Montañez, Fernando Laguna","=HYPERLINK(""https://vector.lightning.force.com/lightning/r/Account/0014M0000277PE9QAM/view"", ""SERVIBRASIL SOLUCOES EM TECNOLOGIA DA INFORMACAO LTDA."")","=HYPERLINK(""https://vector.lightning.force.com/lightning/r/Account/0014M00001hY1qCQAS/view"", ""SERTTEL SOLUCOES EM MOBILIDADE E SEGURANCA URBANA LTDA"")",Tier 3,"=HYPERLINK(""https://vector.lightning.force.com/lightning/r/Workload__c/aBJKf000009eA7WOAU/view"", ""Serttel - ChromeEnterprise"")",Victor Pimentel,0-2: Tech Eval/Solution Dev,🔴 Capacity Gap (0 DRP Profiles),"=HYPERLINK(""https://vector.lightning.force.com/lightning/r/Opportunity/006Kf00000NSOI9IAP/view"", ""SERTELL - Servi Brasil - #GCP #OUT #ChromeEnterprise Premium"")",Next step - VP 13/07: Aguardar Leonardo Nunes mapear e categorizar os perfis de usuários e grupos de acesso para ajustar o licenciamento e definir a implantação.,,Corporate,BR CORP,Security,Secure Innovation with Google Cloud,Security Workload,2026-07-31,2026-08-28,"$47,520.00",,,
"Jaquelyn Montañez, Fernando Laguna","=HYPERLINK(""https://vector.lightning.force.com/lightning/r/Account/001Kf000012gXIzIAM/view"", ""INFORMACION LOCALIZADA S.A.S AGENCIA EN CHILE"")","=HYPERLINK(""https://vector.lightning.force.com/lightning/r/Account/0014M00001rGihnQAC/view"", ""Bicecorp S.A."")",Tier 1,"=HYPERLINK(""https://vector.lightning.force.com/lightning/r/Workload__c/aBJKf000009e9kLOAQ/view"", ""[Banco BICE] Gemini Enterprise seats"")",Francisco Valenzuela,4.2: Ramping / Deliver,🟢 Ready (3 DRP Profiles),"=HYPERLINK(""https://vector.lightning.force.com/lightning/r/Opportunity/006Kf00000Lhj6LIAR/view"", ""Banco BICE - Agentspace 1850 seats"")",Working on customer activation,,MCO,Chile,Build with AI,Lead the Agentic Workplace Transformation (Gemini Enterprise),Gemini Enterprise,2026-01-26,2026-11-27,"$50,000.00",,,
"Jaquelyn Montañez, Fernando Laguna","=HYPERLINK(""https://vector.lightning.force.com/lightning/r/Account/0014M00001w6OZ3QAM/view"", ""Servinformacion SA"")","=HYPERLINK(""https://vector.lightning.force.com/lightning/r/Account/0014M00001k2pe5QAA/view"", ""Hurlingham National University"")",Tier 1,"=HYPERLINK(""https://vector.lightning.force.com/lightning/r/Workload__c/aBJKf000009e9JzOAI/view"", ""UNHUR - CloudSQL"")",Agustin Passetti,0-2: Tech Eval/Solution Dev,🔴 Capacity Gap (0 DRP Profiles),"=HYPERLINK(""https://vector.lightning.force.com/lightning/r/Opportunity/006Kf00000Olq0dIAB/view"", ""UNHUR - CloudSQL"")",MC 09/04 - Ask for Agustin about partner engagement.,"=HYPERLINK(""https://vector.lightning.force.com/lightning/r/Expert_Request__c/aAuKf000000PNoFKAW/view"", ""ER-465852"")",PS,EDU PS,Migrate and Modernize Databases,"Migrate, Modernize, and Build with Data Cloud (Databases)","Move to Managed Databases (Homogeneous - Cloud SQL, AlloyDB, Firestore)",2026-10-30,2026-11-13,"$24,000.00",,,
"Jaquelyn Montañez, Fernando Laguna","=HYPERLINK(""https://vector.lightning.force.com/lightning/r/Account/0014M00001h3AyDQAU/view"", ""INFORMACIÓN LOCALIZADA SAS"")","=HYPERLINK(""https://vector.lightning.force.com/lightning/r/Account/0014M00002HvVptQAF/view"", ""Universidad Católica Luis Amigo"")",Tier 1,"=HYPERLINK(""https://vector.lightning.force.com/lightning/r/Workload__c/aBJKf000009ta9VOAQ/view"", ""Universidad Católica Luis Amigo - GCP Vertex IA #M25"")",Moacir Quadros,4.3: Migrated/Implemented,🟢 Ready (35 DRP Profiles),"=HYPERLINK(""https://vector.lightning.force.com/lightning/r/Opportunity/006Kf00000LiqsfIAB/view"", ""Universidad Católica Luis Amigo - GCP Vertex IA #M25 #PSM_Led"")",MQ 03/27: Expected feedback regarding deployment milestones (TBC),,PS,Scaled PS,Build with AI,Scale AI Apps and Agents,Partner Packaged AI Solutions,2026-06-01,2026-06-03,"$2,000.00",,,
"Jaquelyn Montañez, Fernando Laguna","=HYPERLINK(""https://vector.lightning.force.com/lightning/r/Account/0014M00001h3AyDQAU/view"", ""INFORMACIÓN LOCALIZADA SAS"")","=HYPERLINK(""https://vector.lightning.force.com/lightning/r/Account/0014M00001hiRHLQA2/view"", ""COORDINADORA MERCANTIL S A"")",Tier 1,"=HYPERLINK(""https://vector.lightning.force.com/lightning/r/Workload__c/aBJKf000009tZsoOAE/view"", ""PD Coordinadora SCC"")",Pedro Diaz Moreno,4.2: Ramping / Deliver,🔴 Capacity Gap (0 DRP Profiles),"=HYPERLINK(""https://vector.lightning.force.com/lightning/r/Opportunity/006Kf00000JLndLIAT/view"", ""COORDINADORA MERCANTIL S.A. - Security Command Center - Google Cloud Platform"")",,,MCO,Colombia,Security,SOC Transformation,Security Workload,2026-03-27,2026-08-12,"$51,000.00",,,
"Jaquelyn Montañez, Fernando Laguna","=HYPERLINK(""https://vector.lightning.force.com/lightning/r/Account/0014M00002NSRhUQAX/view"", ""SITINFORMACION"")","=HYPERLINK(""https://vector.lightning.force.com/lightning/r/Account/0014M00001hbHtmQAE/view"", ""Grupo Jumex S.A. de C.V."")",Tier 1,"=HYPERLINK(""https://vector.lightning.force.com/lightning/r/Workload__c/aBJKf000009tZeDOAU/view"", ""JUMEX Warehouse/Cortex"")",Edgar Castillo,3:  Proposal / Negotiation,🟢 Ready (31 DRP Profiles),"=HYPERLINK(""https://vector.lightning.force.com/lightning/r/Opportunity/006Kf00000NzFnsIAF/view"", ""Grupo Jumex - BigQuery (Warehouse/Cortex)"")",The customer will announce the winning proposal next week.,"=HYPERLINK(""https://vector.lightning.force.com/lightning/r/Expert_Request__c/aAuKf0000004H2QKAU/view"", ""ER-481121"")",Mexico,MX Multi-industry & Monterrey,Analytics,"Migrate, Modernize, and Build with Data Cloud (Analytics)",Migrate Data Warehouses to BigQuery,2026-10-30,2027-01-29,"$220,000.00",,,
"Jaquelyn Montañez, Fernando Laguna","=HYPERLINK(""https://vector.lightning.force.com/lightning/r/Account/0014M00002TEROiQAP/view"", ""Servinformación S.A"")","=HYPERLINK(""https://vector.lightning.force.com/lightning/r/Account/0014M00001hsbvSQAQ/view"", ""Licores de Guatemala"")",Tier 2,"=HYPERLINK(""https://vector.lightning.force.com/lightning/r/Workload__c/aBJKf0000082R4EOAU/view"", ""LICORES DE GUATEMALA #Analytics"")",Christiane Amorosino,3:  Proposal / Negotiation,🟢 Ready (31 DRP Profiles),"=HYPERLINK(""https://vector.lightning.force.com/lightning/r/Opportunity/006Kf00000NgyPuIAJ/view"", ""LICORES DE GUATEMALA - Analytics"")",Pendiente cambio de medio de pago para seguimiento del proyecto,,Corporate,MCO CORP CCA,Analytics,"Migrate, Modernize, and Build with Data Cloud (Analytics)",Migrate Data Warehouses to BigQuery,2026-11-30,2026-12-31,"$48,000.00",,,
"Jaquelyn Montañez, Fernando Laguna","=HYPERLINK(""https://vector.lightning.force.com/lightning/r/Account/0014M00002NSRhUQAX/view"", ""SITINFORMACION"")","=HYPERLINK(""https://vector.lightning.force.com/lightning/r/Account/0014M00001hvHUGQA2/view"", ""Conservas La Costeña, S.A. de C.V."")",Tier 1,"=HYPERLINK(""https://vector.lightning.force.com/lightning/r/Workload__c/aBJKf000009e7UWOAY/view"", ""La costeña GBQ DRP"")",Alberto Alcala,3:  Proposal / Negotiation,🟢 Ready (31 DRP Profiles),"=HYPERLINK(""https://vector.lightning.force.com/lightning/r/Opportunity/006Kf00000Okd5GIAR/view"", ""La costeña GBQ DRP"")",,"ER-504793, ER-503156",Mexico,MX Multi-industry & Monterrey,Analytics,"Migrate, Modernize, and Build with Data Cloud (Analytics)",Migrate Data Warehouses to BigQuery,2026-09-07,2026-09-14,"$112,128.00",,,
"Jaquelyn Montañez, Fernando Laguna","=HYPERLINK(""https://vector.lightning.force.com/lightning/r/Account/0014M00002TEROiQAP/view"", ""Servinformación S.A"")","=HYPERLINK(""https://vector.lightning.force.com/lightning/r/Account/0014M00001h3QQVQA2/view"", ""Grupo Bafar, S.A.B. de C.V."")",Tier 1,"=HYPERLINK(""https://vector.lightning.force.com/lightning/r/Workload__c/aBJKf000009olEpOAI/view"", ""WL_Grupo Bafar_Nuevos Datamarts"")",Vane Colin,4.2: Ramping / Deliver,🟢 Ready (31 DRP Profiles),"=HYPERLINK(""https://vector.lightning.force.com/lightning/r/Opportunity/006Kf00000OY14HIAT/view"", ""Grupo Bafar - Nuevos Datamarts"")",,"ER-467395, ER-467394, ER-467415",Mexico,"MX FSI, Services & WR",Analytics,"Migrate, Modernize, and Build with Data Cloud (Analytics)",Multi-Modal Data Processing & Multi-Cloud (Biglake),2026-03-31,2026-09-18,"$100,000.00",,,
"Jaquelyn Montañez, Fernando Laguna","=HYPERLINK(""https://vector.lightning.force.com/lightning/r/Account/001Kf000012gXIzIAM/view"", ""INFORMACION LOCALIZADA S.A.S AGENCIA EN CHILE"")","=HYPERLINK(""https://vector.lightning.force.com/lightning/r/Account/0014M00001htuRKQAY/view"", ""Canal 13 SpA"")",Tier 2,"=HYPERLINK(""https://vector.lightning.force.com/lightning/r/Workload__c/aBJKf0000082QQdOAM/view"", ""C13 - WL Audencias (2) - Servinformacion"")",Mario Alegre,4.2: Ramping / Deliver,🟢 Ready (35 DRP Profiles),"=HYPERLINK(""https://vector.lightning.force.com/lightning/r/Opportunity/006Kf00000NwHVkIAN/view"", ""CANAL 13 AUDIENCIAS"")",En Marcha Blanca,,Corporate,MCO CORP SUR,Build with AI,Scale AI Apps and Agents,Drive Business Impact with Agents,2026-04-27,2026-05-07,"$27,000.00",,,
"Jaquelyn Montañez, Fernando Laguna","=HYPERLINK(""https://vector.lightning.force.com/lightning/r/Account/0014M00002TEROiQAP/view"", ""Servinformación S.A"")","=HYPERLINK(""https://vector.lightning.force.com/lightning/r/Account/0014M00001tRnfyQAC/view"", ""Disagro Guatemala"")",Tier 2,"=HYPERLINK(""https://vector.lightning.force.com/lightning/r/Workload__c/aBJKf000009tXxIOAU/view"", ""Disagro / Agentes de data"")",Daniel Cornejo,4.2: Ramping / Deliver,🟢 Ready (31 DRP Profiles),"=HYPERLINK(""https://vector.lightning.force.com/lightning/r/Opportunity/006Kf00000ORb7KIAT/view"", ""Disagro Guatemala - Upsell Bigquery - Google Cloud - Analytics"")",Propuesta enviada,,Corporate,MCO CORP CCA,Analytics,"Migrate, Modernize, and Build with Data Cloud (Analytics)",Migrate Data Warehouses to BigQuery,2026-07-13,2026-11-19,"$14,000.00",,,
"Jaquelyn Montañez, Fernando Laguna","=HYPERLINK(""https://vector.lightning.force.com/lightning/r/Account/0014M00002TEROiQAP/view"", ""Servinformación S.A"")","=HYPERLINK(""https://vector.lightning.force.com/lightning/r/Account/0014M00001h4bAtQAI/view"", ""Banco Internacional Ecuador"")",Tier 2,"=HYPERLINK(""https://vector.lightning.force.com/lightning/r/Workload__c/aBJKf000009tXWvOAM/view"", ""Q4 FY26 Banco Internacional Ecuador #Gemini Enterprise #Área de Transformación D"")",Alexandra Rodríguez,0-2: Tech Eval/Solution Dev,🟢 Ready (3 DRP Profiles),"=HYPERLINK(""https://vector.lightning.force.com/lightning/r/Opportunity/006Kf00000OSuFFIA1/view"", ""Q4 FY26 Banco Internacional Ecuador #Outbound #Gemini Enterprise #Área de Transformación Digital"")",,,Corporate,MCO CORP NORTE,Build with AI,Lead the Agentic Workplace Transformation (Gemini Enterprise),Gemini Enterprise,2026-11-27,2027-02-12,"$45,000.00",,,
"Jaquelyn Montañez, Fernando Laguna","=HYPERLINK(""https://vector.lightning.force.com/lightning/r/Account/0014M00001h3AyDQAU/view"", ""INFORMACIÓN LOCALIZADA SAS"")","=HYPERLINK(""https://vector.lightning.force.com/lightning/r/Account/0014M00001hvGzsQAE/view"", ""MAGNITRACKING SA DE CV"")",Tier 2,"=HYPERLINK(""https://vector.lightning.force.com/lightning/r/Workload__c/aBJKf000009e5zIOAQ/view"", ""#Magnitracking #AI #2026"")",Claudia Obregón,0-2: Tech Eval/Solution Dev,🟢 Ready (35 DRP Profiles),"=HYPERLINK(""https://vector.lightning.force.com/lightning/r/Opportunity/006Kf00000JNAptIAH/view"", ""Magnitracking - GCP Infra - GCP"")",,,Mexico,MX DN,Build with AI,Scale AI Apps and Agents,Drive Business Impact with Agents,2026-09-15,2026-09-30,"$100,000.00",,,
"Jaquelyn Montañez, Fernando Laguna","=HYPERLINK(""https://vector.lightning.force.com/lightning/r/Account/0014M00002GHywFQAT/view"", ""INFORMACION LOCALIZADA SAS - Sucursal Panamá"")","=HYPERLINK(""https://vector.lightning.force.com/lightning/r/Account/0014M00001hdzZ4QAI/view"", ""Grupo Calesa"")",Tier 1,"=HYPERLINK(""https://vector.lightning.force.com/lightning/r/Workload__c/aBJKf0000082PmdOAE/view"", ""GRUPO CALESA #GCP #SCC # PA # CCA"")",Christiane Amorosino,4.3: Migrated/Implemented,🔴 Capacity Gap (0 DRP Profiles),"=HYPERLINK(""https://vector.lightning.force.com/lightning/r/Opportunity/006Kf00000NSOkDIAX/view"", ""GRUPO CALESA  #GCP #SCC # PA # CCA"")",,,Corporate,MCO CORP CCA,Security,Secure Innovation with Google Cloud,Security Workload,2026-04-30,2026-06-30,"$18,000.00",,,
"Jaquelyn Montañez, Fernando Laguna","=HYPERLINK(""https://vector.lightning.force.com/lightning/r/Account/0014M00002GHywFQAT/view"", ""INFORMACION LOCALIZADA SAS - Sucursal Panamá"")","=HYPERLINK(""https://vector.lightning.force.com/lightning/r/Account/0014M00001hdzZ4QAI/view"", ""Grupo Calesa"")",Tier 1,"=HYPERLINK(""https://vector.lightning.force.com/lightning/r/Workload__c/aBJKf0000082PmiOAE/view"", ""GRUPO CALESA #GCP #SCC # PA # CCA"")",Christiane Amorosino,4.3: Migrated/Implemented,🔴 Capacity Gap (0 DRP Profiles),"=HYPERLINK(""https://vector.lightning.force.com/lightning/r/Opportunity/006Kf00000NSOkDIAX/view"", ""GRUPO CALESA  #GCP #SCC # PA # CCA"")",Cambio de Stages / implementado,,Corporate,MCO CORP CCA,Security,Achieve Resilience Together with Mandiant,Security Workload,2026-05-29,2026-06-30,"$8,000.00",,,
"Jaquelyn Montañez, Fernando Laguna","=HYPERLINK(""https://vector.lightning.force.com/lightning/r/Account/001Kf000012gXIzIAM/view"", ""INFORMACION LOCALIZADA S.A.S AGENCIA EN CHILE"")","=HYPERLINK(""https://vector.lightning.force.com/lightning/r/Account/0014M00001htuRKQAY/view"", ""Canal 13 SpA"")",Tier 2,"=HYPERLINK(""https://vector.lightning.force.com/lightning/r/Workload__c/aBJKf0000082PQcOAM/view"", ""C-130 - WL GCP ETL DataFlow - Servinformacion"")",Mario Alegre,3:  Proposal / Negotiation,🟢 Ready (35 DRP Profiles),"=HYPERLINK(""https://vector.lightning.force.com/lightning/r/Opportunity/006Kf00000NRbFXIA1/view"", ""Canal13SpA #GCP #ETL#DataFlow#DataProc"")",standby hasta fines de Agosto por priorización del cliente,,Corporate,MCO CORP SUR,Analytics,The Agentic Data Cloud,Data Sharing & Monetization,2026-09-01,2026-11-16,"$150,000.00",,,
"Jaquelyn Montañez, Fernando Laguna","=HYPERLINK(""https://vector.lightning.force.com/lightning/r/Account/0014M00001h34A7QAI/view"", ""INFORMACION LOCALIZADA S.A.S. - SUCURSAL DEL PERU"")","=HYPERLINK(""https://vector.lightning.force.com/lightning/r/Account/0014M00001hot1vQAA/view"", ""EsSalud"")",Tier 1,"=HYPERLINK(""https://vector.lightning.force.com/lightning/r/Workload__c/aBJKf000009ojw6OAA/view"", ""Essalud Gem Enterprise"")",Eduardo LaRosa,4.3: Migrated/Implemented,🟢 Ready (35 DRP Profiles),"=HYPERLINK(""https://vector.lightning.force.com/lightning/r/Opportunity/006Kf00000OQpVHIA1/view"", ""EsSalud - Gemini Enterprise / Workspace cross sell #FSR"")",Waiting for the Implementation,,PS,Streamline PS,Workspace,Lead the Agentic Workplace Transformation (Workspace),Workspace,2026-04-08,2026-04-27,"$15,214.00",,,
"Jaquelyn Montañez, Fernando Laguna","=HYPERLINK(""https://vector.lightning.force.com/lightning/r/Account/0014M0000277PE9QAM/view"", ""SERVIBRASIL SOLUCOES EM TECNOLOGIA DA INFORMACAO LTDA."")","=HYPERLINK(""https://vector.lightning.force.com/lightning/r/Account/0014M00001qLm9bQAC/view"", ""Devintex - SalonLine"")",Tier 2,"=HYPERLINK(""https://vector.lightning.force.com/lightning/r/Workload__c/aBJKf000009e43VOAQ/view"", ""SalonLine - Gemini Enterprise"")",Ana Luiza Gama,0-2: Tech Eval/Solution Dev,🟢 Ready (35 DRP Profiles),"=HYPERLINK(""https://vector.lightning.force.com/lightning/r/Opportunity/006Kf00000Pil4ZIAR/view"", ""SalonLine - Gemini Enterprise"")",,,Corporate,BR CORP,Build with AI,Gemini Enterprise for Customer Experience (Build with AI),,2026-11-30,2026-12-31,"$57,600.00",,,
"Jaquelyn Montañez, Fernando Laguna","=HYPERLINK(""https://vector.lightning.force.com/lightning/r/Account/0014M00001h34A7QAI/view"", ""INFORMACION LOCALIZADA S.A.S. - SUCURSAL DEL PERU"")","=HYPERLINK(""https://vector.lightning.force.com/lightning/r/Account/0014M00001hhkkdQAA/view"", ""CORPORACION EXALMAR S.A."")",Tier 2,"=HYPERLINK(""https://vector.lightning.force.com/lightning/r/Workload__c/aBJKf000009tV2ZOAU/view"", ""Exalmar | Consumo GCP Datalake"")",Arianne Mahuad,4.3: Migrated/Implemented,🟢 Ready (31 DRP Profiles),"=HYPERLINK(""https://vector.lightning.force.com/lightning/r/Opportunity/006Kf00000OQTCYIA5/view"", ""CORPORACION EXALMAR S.A.Consumo GCP (datalake)"")",Alineamiento con el partner Servinformación - Brenda Carthy- y recibimento de notificación partner advantage para cierre de oportunidad como Won/stage 04 /27/4  Confirmación consumo / Cambio stage 4.2,"=HYPERLINK(""https://vector.lightning.force.com/lightning/r/Expert_Request__c/aAuKf000000PaBBKA0/view"", ""ER-494860"")",Corporate,MCO CORP CCA,Analytics,"Migrate, Modernize, and Build with Data Cloud (Analytics)",Migrate Data Warehouses to BigQuery,2026-05-15,2026-06-16,"$10,000.00",,,
"Jaquelyn Montañez, Fernando Laguna","=HYPERLINK(""https://vector.lightning.force.com/lightning/r/Account/0014M0000277PE9QAM/view"", ""SERVIBRASIL SOLUCOES EM TECNOLOGIA DA INFORMACAO LTDA."")","=HYPERLINK(""https://vector.lightning.force.com/lightning/r/Account/001Kf00000wiPXzIAM/view"", ""AgreeHub"")",Tier 3,"=HYPERLINK(""https://vector.lightning.force.com/lightning/r/Workload__c/aBJKf000009oirZOAQ/view"", ""#Agree #Data #Bootcamp"")",Suzan Soares,4.3: Migrated/Implemented,🟢 Ready (31 DRP Profiles),"=HYPERLINK(""https://vector.lightning.force.com/lightning/r/Opportunity/006Kf00000OGjAtIAL/view"", ""DN - Agree - Bootcamp - SoW Dados"")",Atualizado com o Bruno que a data final desse projeto será no final de Agosto,"=HYPERLINK(""https://vector.lightning.force.com/lightning/r/Expert_Request__c/aAuKf000000oT5AKAU/view"", ""ER-496412"")",Brazil,Brazil DN,Analytics,"Migrate, Modernize, and Build with Data Cloud (Analytics)",Migrate Data Warehouses to BigQuery,2026-03-11,2026-06-01,"$25,000.00",,,
"Jaquelyn Montañez, Fernando Laguna","=HYPERLINK(""https://vector.lightning.force.com/lightning/r/Account/0014M00002GHywFQAT/view"", ""INFORMACION LOCALIZADA SAS - Sucursal Panamá"")","=HYPERLINK(""https://vector.lightning.force.com/lightning/r/Account/0014M00001hM8HgQAK/view"", ""Copa Holdings S.A"")",Tier 1,"=HYPERLINK(""https://vector.lightning.force.com/lightning/r/Workload__c/aBJKf000009e3OFOAY/view"", ""Copa - 500 Gem. Ent. Lic"")",Leonardo Rusinque,3:  Proposal / Negotiation,🟢 Ready (35 DRP Profiles),"=HYPERLINK(""https://vector.lightning.force.com/lightning/r/Opportunity/006Kf00000OkxEWIAZ/view"", ""Copa - Gemini Enterprise - 500 lic"")",Leonardo: Hacer seguimiento al cliente para ver si hacemos algún workshop,"ER-468608, ER-474573",Corporate,MCO CORP CCA,Build with AI,,,2026-09-10,2026-09-30,"$150,000.00",,,
"Jaquelyn Montañez, Fernando Laguna","=HYPERLINK(""https://vector.lightning.force.com/lightning/r/Account/0014M00002NSRhUQAX/view"", ""SITINFORMACION"")","=HYPERLINK(""https://vector.lightning.force.com/lightning/r/Account/0014M00001hSsR1QAK/view"", ""Impulsora Sahuayo"")",Tier 1,"=HYPERLINK(""https://vector.lightning.force.com/lightning/r/Workload__c/aBJKf0000082OM0OAM/view"", ""Sahuayo - Gemini Enterprise | #FY26_AWT_SoftBundle #AWT_playcompete_Servi"")",Eduardo Bello,3:  Proposal / Negotiation,🟢 Ready (3 DRP Profiles),"=HYPERLINK(""https://vector.lightning.force.com/lightning/r/Opportunity/006Kf00000NzFOEIA3/view"", ""Sahuayo - Gemini Enterprise | #FY26_AWT_SoftBundle #AWT_playcompete_Servi"")",,,Mexico,MX Multi-industry & Monterrey,Build with AI,Lead the Agentic Workplace Transformation (Gemini Enterprise),,2026-09-15,2026-09-15,"$78,000.00",,,
"Jaquelyn Montañez, Fernando Laguna","=HYPERLINK(""https://vector.lightning.force.com/lightning/r/Account/0014M00002GHyqCQAT/view"", ""SERVINFORMACION EL SALVADOR, SOCIEDAD ANONIMA DE CAPITAL VARIABLE"")","=HYPERLINK(""https://vector.lightning.force.com/lightning/r/Account/001Kf000012jOfqIAE/view"", ""ISDEMU"")",Tier 1,"=HYPERLINK(""https://vector.lightning.force.com/lightning/r/Workload__c/aBJKf000009e3KSOAY/view"", ""ISDEMU - Data Analytics Slots"")",Adri Messih,3:  Proposal / Negotiation,🟢 Ready (31 DRP Profiles),"=HYPERLINK(""https://vector.lightning.force.com/lightning/r/Opportunity/006Kf00000OQSVjIAP/view"", ""ISDEMU - Data Analytics"")",TDRs are being approved and PSF under revision,"=HYPERLINK(""https://vector.lightning.force.com/lightning/r/Expert_Request__c/aAuKf000000PKNVKA4/view"", ""ER-458239"")",PS,MEXICO & PECS PS,Analytics,"Migrate, Modernize, and Build with Data Cloud (Analytics)",Migrate Data Warehouses to BigQuery,2026-09-16,2026-12-24,"$48,000.00",,,
"Jaquelyn Montañez, Fernando Laguna","=HYPERLINK(""https://vector.lightning.force.com/lightning/r/Account/0014M00002NSRhUQAX/view"", ""SITINFORMACION"")","=HYPERLINK(""https://vector.lightning.force.com/lightning/r/Account/0014M00001h3QFSQA2/view"", ""Grupo Axo, S.A.P.I. de C.V."")",Tier 1,"=HYPERLINK(""https://vector.lightning.force.com/lightning/r/Workload__c/aBJKf000009e2mvOAA/view"", ""AXO EDW"")",Alberto Alcala,0-2: Tech Eval/Solution Dev,🟢 Ready (31 DRP Profiles),"=HYPERLINK(""https://vector.lightning.force.com/lightning/r/Opportunity/006Kf00000OQ78XIAT/view"", ""AXO EDW"")",,"=HYPERLINK(""https://vector.lightning.force.com/lightning/r/Expert_Request__c/aAuKf0000004MgLKAU/view"", ""ER-494521"")",Mexico,MX Multi-industry & Monterrey,Analytics,"Migrate, Modernize, and Build with Data Cloud (Analytics)",Migrate Data Warehouses to BigQuery,2026-08-14,2026-12-31,"$120,000.00",,,
"Jaquelyn Montañez, Fernando Laguna","=HYPERLINK(""https://vector.lightning.force.com/lightning/r/Account/0014M0000277PE9QAM/view"", ""SERVIBRASIL SOLUCOES EM TECNOLOGIA DA INFORMACAO LTDA."")","=HYPERLINK(""https://vector.lightning.force.com/lightning/r/Account/001Kf00000wiPXzIAM/view"", ""AgreeHub"")",Tier 3,"=HYPERLINK(""https://vector.lightning.force.com/lightning/r/Workload__c/aBJKf000009oiUQOAY/view"", ""#Agree #Security #Bootcamp"")",Suzan Soares,4.3: Migrated/Implemented,🔴 Capacity Gap (0 DRP Profiles),"=HYPERLINK(""https://vector.lightning.force.com/lightning/r/Opportunity/006Kf00000OGjQcIAL/view"", ""DN - Agree - Bootcamp - SoW Segurança"")",Atualizado com o Bruno que a data final desse projeto será no final de Agosto,,Brazil,Brazil DN,Security,Secure Innovation with Google Cloud,Security Workload,2026-03-11,2026-06-01,"$25,000.00",,,
"Jaquelyn Montañez, Fernando Laguna","=HYPERLINK(""https://vector.lightning.force.com/lightning/r/Account/0014M00001w6OZ3QAM/view"", ""Servinformacion SA"")","=HYPERLINK(""https://vector.lightning.force.com/lightning/r/Account/0014M00001hjFUwQAM/view"", ""ESTRATEGIAS MOVILES S A S"")",Tier 2,"=HYPERLINK(""https://vector.lightning.force.com/lightning/r/Workload__c/aBJKf000009oiOmOAI/view"", ""Gemini Enterprise"")",Santiago Guerrero,4.3: Migrated/Implemented,🟢 Ready (3 DRP Profiles),"=HYPERLINK(""https://vector.lightning.force.com/lightning/r/Opportunity/006Kf00000OF8F8IAL/view"", ""ESTRATEGIAS MOVILES S A S (ALDEAMO) - LICENCIAS GEMINI ENTERPRISE (#AWT_playcompete_Servi)"")",,,Corporate,MCO CORP NORTE,Build with AI,Lead the Agentic Workplace Transformation (Gemini Enterprise),Gemini Enterprise,2026-03-16,2026-04-01,"$27,540.00",,,
"Jaquelyn Montañez, Fernando Laguna","=HYPERLINK(""https://vector.lightning.force.com/lightning/r/Account/0014M00001h34A7QAI/view"", ""INFORMACION LOCALIZADA S.A.S. - SUCURSAL DEL PERU"")","=HYPERLINK(""https://vector.lightning.force.com/lightning/r/Account/0014M00001lSboRQAS/view"", ""Willax Television"")",Tier 2,"=HYPERLINK(""https://vector.lightning.force.com/lightning/r/Workload__c/aBJKf000009tTWNOA2/view"", ""Willax Wong | OC1 Gemini Enterprise - 20 Licencias GE"")",Arianne Mahuad,4.2: Ramping / Deliver,🟢 Ready (3 DRP Profiles),"=HYPERLINK(""https://vector.lightning.force.com/lightning/r/Opportunity/006Kf00000NSblsIAD/view"", ""Willax Wong | OC1 Gemini Enterprise - 20 Licencias GE"")",Sesión de seguimiento el 10/08,,Corporate,MCO CORP CCA,Build with AI,Lead the Agentic Workplace Transformation (Gemini Enterprise),Gemini Enterprise,2026-08-12,2026-09-30,"$4,590.00",,,
"Jaquelyn Montañez, Fernando Laguna","=HYPERLINK(""https://vector.lightning.force.com/lightning/r/Account/0014M00002NSRhUQAX/view"", ""SITINFORMACION"")","=HYPERLINK(""https://vector.lightning.force.com/lightning/r/Account/0014M00002L0oHmQAJ/view"", ""Grupo Empresarial Angeles, S.A. de C.V."")",Tier 1,"=HYPERLINK(""https://vector.lightning.force.com/lightning/r/Workload__c/aBJKf000009tTQyOAM/view"", ""Angeles SAP DRP"")",Daniela Oseguera,0-2: Tech Eval/Solution Dev,🟢 Ready (35 DRP Profiles),"=HYPERLINK(""https://vector.lightning.force.com/lightning/r/Opportunity/006Kf00000NS5Y9IAL/view"", ""Angeles SAP DRP"")",,,Mexico,MX Multi-industry & Monterrey,Migrate Modernize and Build,"Migrate, Modernize and Build",Linux,2026-06-01,2026-09-25,"$450,000.00",,,
"Jaquelyn Montañez, Fernando Laguna","=HYPERLINK(""https://vector.lightning.force.com/lightning/r/Account/0014M00002NSRhUQAX/view"", ""SITINFORMACION"")","=HYPERLINK(""https://vector.lightning.force.com/lightning/r/Account/0014M00001hSQifQAG/view"", ""Centro Médico ABC"")",Tier 1,"=HYPERLINK(""https://vector.lightning.force.com/lightning/r/Workload__c/aBJKf000009tTQoOAM/view"", ""CMABC Casos de uso"")",Daniela Oseguera,0-2: Tech Eval/Solution Dev,🟢 Ready (35 DRP Profiles),"=HYPERLINK(""https://vector.lightning.force.com/lightning/r/Opportunity/006Kf00000NS5XuIAL/view"", ""CMABC Agentic architecture"")",,,Mexico,MX Multi-industry & Monterrey,Build with AI,Scale AI Apps and Agents,Drive Business Impact with Agents,2026-07-06,2026-08-28,"$350,000.00",,,
"Jaquelyn Montañez, Fernando Laguna","=HYPERLINK(""https://vector.lightning.force.com/lightning/r/Account/0014M00002TEROiQAP/view"", ""Servinformación S.A"")","=HYPERLINK(""https://vector.lightning.force.com/lightning/r/Account/0014M00001hXuNGQA0/view"", ""Grupo Empresarial Angeles, S.A. de C.V."")",Tier 1,"=HYPERLINK(""https://vector.lightning.force.com/lightning/r/Workload__c/aBJKf000009tTQtOAM/view"", ""Angeles Infra HW"")",Daniela Oseguera,0-2: Tech Eval/Solution Dev,🔴 Capacity Gap (0 DRP Profiles),"=HYPERLINK(""https://vector.lightning.force.com/lightning/r/Opportunity/006Kf00000KPFAKIA5/view"", ""Hospital Angeles Health System Infra"")",,,Mexico,MX Multi-industry & Monterrey,Migrate Modernize and Build,"Migrate, Modernize and Build",Linux,2026-10-12,2026-11-27,"$200,000.00",,,
"Jaquelyn Montañez, Fernando Laguna","=HYPERLINK(""https://vector.lightning.force.com/lightning/r/Account/0014M00002NSRhUQAX/view"", ""SITINFORMACION"")","=HYPERLINK(""https://vector.lightning.force.com/lightning/r/Account/0014M00001jPwe1QAC/view"", ""Grupo Diagnóstico Médico Proa, S.A. de C.V."")",Tier 1,"=HYPERLINK(""https://vector.lightning.force.com/lightning/r/Workload__c/aBJKf000009tTQeOAM/view"", ""Proa Geomarketing & vertex search"")",Daniela Oseguera,4.1: Pre Ramp / Mobilize,🟢 Ready (35 DRP Profiles),"=HYPERLINK(""https://vector.lightning.force.com/lightning/r/Opportunity/006Kf00000NCuYTIA1/view"", ""Proa ecommerce & web"")",,,Mexico,MX Multi-industry & Monterrey,Build with AI,Scale AI Apps and Agents,Drive Business Impact with Agents,2026-04-27,2026-06-12,"$60,000.00",,,
"Jaquelyn Montañez, Fernando Laguna","=HYPERLINK(""https://vector.lightning.force.com/lightning/r/Account/0014M00002GHywFQAT/view"", ""INFORMACION LOCALIZADA SAS - Sucursal Panamá"")","=HYPERLINK(""https://vector.lightning.force.com/lightning/r/Account/0014M00001hn3P2QAI/view"", ""Grupo Harari"")",Tier 1,"=HYPERLINK(""https://vector.lightning.force.com/lightning/r/Workload__c/aBJKf000009ohluOAA/view"", ""TAC - GE 100 Lic - Servinformacion"")",Daniel Cornejo,0-2: Tech Eval/Solution Dev,🟢 Ready (3 DRP Profiles),"=HYPERLINK(""https://vector.lightning.force.com/lightning/r/Opportunity/006Kf00000KZQEyIAP/view"", ""TAC - GE 100 Lic - Servinformacion"")","Se tuvo reunion con el cliente para overview de GE, ahorita estamos esperando que terminen unas configuraciones internas , para poder presentar propuesta de compra.",,Corporate,MCO CORP CCA,Build with AI,Lead the Agentic Workplace Transformation (Gemini Enterprise),Gemini Enterprise,2026-10-15,2026-11-19,"$25,000.00",,,
"Jaquelyn Montañez, Fernando Laguna","=HYPERLINK(""https://vector.lightning.force.com/lightning/r/Account/0014M0000277PE9QAM/view"", ""SERVIBRASIL SOLUCOES EM TECNOLOGIA DA INFORMACAO LTDA."")","=HYPERLINK(""https://vector.lightning.force.com/lightning/r/Account/0014M00002RQaK3QAL/view"", ""STATTUS4 CIDADES INTELIGENTES E SUSTENTABILIDADE LTDA"")",Tier 3,"=HYPERLINK(""https://vector.lightning.force.com/lightning/r/Workload__c/aBJKf0000082MhVOAU/view"", ""Migration"")",Henrique Pascon,4.3: Migrated/Implemented,🟢 Ready (35 DRP Profiles),"=HYPERLINK(""https://vector.lightning.force.com/lightning/r/Opportunity/006Kf00000NwGpeIAF/view"", ""Stattus4"")",,,Brazil,Brazil DN,Build with AI,Scale AI Apps and Agents,Drive Business Impact with Agents,2026-03-05,2026-05-29,"$93,475.44",,,
"Jaquelyn Montañez, Fernando Laguna","=HYPERLINK(""https://vector.lightning.force.com/lightning/r/Account/0014M00002TEROiQAP/view"", ""Servinformación S.A"")","=HYPERLINK(""https://vector.lightning.force.com/lightning/r/Account/0014M00001h3lWyQAI/view"", ""TELECOM ARGENTINA S.A."")",Tier 1,"=HYPERLINK(""https://vector.lightning.force.com/lightning/r/Workload__c/aBJKf000009dzgPOAQ/view"", ""Teco - Digital Twin x Datacenter"")",Agustin Passetti,3:  Proposal / Negotiation,🔴 Capacity Gap (0 DRP Profiles),"=HYPERLINK(""https://vector.lightning.force.com/lightning/r/Opportunity/006Kf00000OFQNIIA5/view"", ""Teco - Digital Twin x Datacenter"")",En compras frenado por un tema de competencia de partners.,,MCO,Argentina,Migrate and Modernize Databases,"Migrate, Modernize, and Build with Data Cloud (Databases)",Multi-Modal Activation (Spanner),2026-11-19,2027-03-25,"$50,000.00",,,
"Jaquelyn Montañez, Fernando Laguna","=HYPERLINK(""https://vector.lightning.force.com/lightning/r/Account/0014M0000277PE9QAM/view"", ""SERVIBRASIL SOLUCOES EM TECNOLOGIA DA INFORMACAO LTDA."")","=HYPERLINK(""https://vector.lightning.force.com/lightning/r/Account/001Kf00000wj8vfIAA/view"", ""umgrauemeio"")",Tier 3,"=HYPERLINK(""https://vector.lightning.force.com/lightning/r/Workload__c/aBJKf000009tQr3OAE/view"", ""Umgrauemeio #AWSMigration #Q12026"")",Vito Colognori Ialongo,4.3: Migrated/Implemented,🟢 Ready (35 DRP Profiles),"=HYPERLINK(""https://vector.lightning.force.com/lightning/r/Opportunity/006Kf00000Lj9bLIAR/view"", ""Umgrauemeio #AWSMigration #Q4"")",,,Brazil,Brazil DN,Migrate Modernize and Build,"Migrate, Modernize and Build",Not a Solution,2026-03-17,2026-04-15,"$100,000.00",,,
"Jaquelyn Montañez, Fernando Laguna","=HYPERLINK(""https://vector.lightning.force.com/lightning/r/Account/0014M00001h3AyDQAU/view"", ""INFORMACIÓN LOCALIZADA SAS"")","=HYPERLINK(""https://vector.lightning.force.com/lightning/r/Account/0014M00001hjFSzQAM/view"", ""CREZCAMOS S A"")",Tier 2,"=HYPERLINK(""https://vector.lightning.force.com/lightning/r/Workload__c/aBJKf000006AElWOAW/view"", ""Migración Bases de Datos Crezcamos"")",Santiago Guerrero,4.3: Migrated/Implemented,🔴 Capacity Gap (0 DRP Profiles),"=HYPERLINK(""https://vector.lightning.force.com/lightning/r/Opportunity/006Kf00000NPOWfIAP/view"", ""CREZCAMOS S.A. - MIGRACION BASES DE DATOS"")",,,Corporate,MCO CORP NORTE,Migrate and Modernize Databases,"Migrate, Modernize, and Build with Data Cloud (Databases)","Move to Managed Databases (Homogeneous - Cloud SQL, AlloyDB, Firestore)",2026-02-09,2026-03-16,"$60,000.00",,,
"Jaquelyn Montañez, Fernando Laguna","=HYPERLINK(""https://vector.lightning.force.com/lightning/r/Account/001Kf000012gXIzIAM/view"", ""INFORMACION LOCALIZADA S.A.S AGENCIA EN CHILE"")","=HYPERLINK(""https://vector.lightning.force.com/lightning/r/Account/0014M00001htuRKQAY/view"", ""Canal 13 SpA"")",Tier 2,"=HYPERLINK(""https://vector.lightning.force.com/lightning/r/Workload__c/aBJKf0000082LeVOAU/view"", ""WL-Agente de Noticias - Servinformacion"")",Mario Alegre,4.2: Ramping / Deliver,🟢 Ready (35 DRP Profiles),"=HYPERLINK(""https://vector.lightning.force.com/lightning/r/Opportunity/006Kf00000NMZt3IAH/view"", ""#M25-Canal 13 T13+ CHILE AGENTE VOZ"")",,,Corporate,MCO CORP SUR,Build with AI,Gemini Enterprise for Customer Experience (Build with AI),AI Search & Specialized AI,2026-01-08,2026-04-30,"$20,000.00",,,
"Jaquelyn Montañez, Fernando Laguna","=HYPERLINK(""https://vector.lightning.force.com/lightning/r/Account/001Kf000012gXIzIAM/view"", ""INFORMACION LOCALIZADA S.A.S AGENCIA EN CHILE"")","=HYPERLINK(""https://vector.lightning.force.com/lightning/r/Account/0014M00001httJLQAY/view"", ""Empresa Nacional de Mineria"")",Tier 2,"=HYPERLINK(""https://vector.lightning.force.com/lightning/r/Workload__c/aBJKf000009dxPIOAY/view"", ""Enami Security Servinformacion"")",Christian Cuadros,0-2: Tech Eval/Solution Dev,🟢 Ready (35 DRP Profiles),"=HYPERLINK(""https://vector.lightning.force.com/lightning/r/Opportunity/006Kf00000NFBgeIAH/view"", ""#M25- Empesa Nacional de Mineria Chile Google Secops"")",,,Corporate,MCO CORP SUR,,,,2026-05-15,2026-06-19,"$50,000.00",,,
"Jaquelyn Montañez, Fernando Laguna","=HYPERLINK(""https://vector.lightning.force.com/lightning/r/Account/0014M00001h3AyDQAU/view"", ""INFORMACIÓN LOCALIZADA SAS"")","=HYPERLINK(""https://vector.lightning.force.com/lightning/r/Account/0014M00001hT2yMQAS/view"", ""Alcaldía de Medellín"")",Tier 1,"=HYPERLINK(""https://vector.lightning.force.com/lightning/r/Workload__c/aBJKf0000082LSZOA2/view"", ""WL_Medellin_IA_Arquitectura"")",Santiago Moreno,0-2: Tech Eval/Solution Dev,🟢 Ready (35 DRP Profiles),"=HYPERLINK(""https://vector.lightning.force.com/lightning/r/Opportunity/006Kf00000N5XRZIA3/view"", ""AlcaldiaMedellin_IntegralTI_Fase2_Ciud360"")",,,PS,MCO PS,Build with AI,Scale AI Apps and Agents,Partner Packaged AI Solutions,2026-12-04,2027-03-02,"$60,000.00",,,
"Jaquelyn Montañez, Fernando Laguna","=HYPERLINK(""https://vector.lightning.force.com/lightning/r/Account/0014M00001h3AyDQAU/view"", ""INFORMACIÓN LOCALIZADA SAS"")","=HYPERLINK(""https://vector.lightning.force.com/lightning/r/Account/0014M00001hT2yMQAS/view"", ""Alcaldía de Medellín"")",Tier 1,"=HYPERLINK(""https://vector.lightning.force.com/lightning/r/Workload__c/aBJKf0000082LSeOAM/view"", ""WL_Medellin_DATA_Arquitectura"")",Santiago Moreno,3:  Proposal / Negotiation,🟢 Ready (31 DRP Profiles),"=HYPERLINK(""https://vector.lightning.force.com/lightning/r/Opportunity/006Kf00000N5XRZIA3/view"", ""AlcaldiaMedellin_IntegralTI_Fase2_Ciud360"")","Architecutre, sizing and pricing presented to customer with their acceptance",,PS,MCO PS,Analytics,"Migrate, Modernize, and Build with Data Cloud (Analytics)",Multi-Modal Data Processing & Multi-Cloud (Biglake),2026-12-04,2027-02-02,"$60,000.00",,,
"Jaquelyn Montañez, Fernando Laguna","=HYPERLINK(""https://vector.lightning.force.com/lightning/r/Account/0014M00001h3AyDQAU/view"", ""INFORMACIÓN LOCALIZADA SAS"")","=HYPERLINK(""https://vector.lightning.force.com/lightning/r/Account/0014M00001hXeyOQAS/view"", ""GRUPO ZOOM LTDA"")",Tier 2,"=HYPERLINK(""https://vector.lightning.force.com/lightning/r/Workload__c/aBJKf000009dwq4OAA/view"", ""agentes_zoom"")",Andrea Forero,4.3: Migrated/Implemented,🟢 Ready (35 DRP Profiles),"=HYPERLINK(""https://vector.lightning.force.com/lightning/r/Opportunity/006Kf00000MvImfIAF/view"", ""IA - Grupo Zoom"")",,"=HYPERLINK(""https://vector.lightning.force.com/lightning/r/Expert_Request__c/aAuKf000000PGf1KAG/view"", ""ER-449754"")",Corporate,MCO CORP NORTE,Build with AI,Gemini Enterprise for Customer Experience (Build with AI),AI Search & Specialized AI,2026-04-15,2026-06-30,"$76,764.00",,,
"Jaquelyn Montañez, Fernando Laguna","=HYPERLINK(""https://vector.lightning.force.com/lightning/r/Account/0014M00001h3AyDQAU/view"", ""INFORMACIÓN LOCALIZADA SAS"")","=HYPERLINK(""https://vector.lightning.force.com/lightning/r/Account/0014M00001hqbjbQAA/view"", ""Corporacion Andina de Fomento"")",Tier 2,"=HYPERLINK(""https://vector.lightning.force.com/lightning/r/Workload__c/aBJKf000009tOhQOAU/view"", ""CAF Agentspace"")",Diana Cuevas Jurney,4.1: Pre Ramp / Mobilize,🟢 Ready (3 DRP Profiles),"=HYPERLINK(""https://vector.lightning.force.com/lightning/r/Opportunity/006Kf00000JeeGCIAZ/view"", ""CAF #AgentSpace"")",,,Corporate,MCO CORP CCA,Build with AI,Lead the Agentic Workplace Transformation (Gemini Enterprise),Gemini Enterprise,2026-08-28,2026-09-30,"$64,800.00",,,
"Jaquelyn Montañez, Fernando Laguna","=HYPERLINK(""https://vector.lightning.force.com/lightning/r/Account/0014M00002GHyyuQAD/view"", ""SERVINFORMACION S.A."")","=HYPERLINK(""https://vector.lightning.force.com/lightning/r/Account/0014M00001hn3P2QAI/view"", ""Grupo Harari"")",Tier 1,"=HYPERLINK(""https://vector.lightning.force.com/lightning/r/Workload__c/aBJKf000006AE4SOAW/view"", ""TAC Consolidado (Cortex y AGAC)"")",Daniel Cornejo,4.3: Migrated/Implemented,🟢 Ready (31 DRP Profiles),"=HYPERLINK(""https://vector.lightning.force.com/lightning/r/Opportunity/006Kf00000KqxlQIAR/view"", ""TAC Proyecto Consolidado (Backup - x86 - AGAC - AD)"")",,"=HYPERLINK(""https://vector.lightning.force.com/lightning/r/Expert_Request__c/aAuKf000000HTVoKAO/view"", ""ER-469140"")",Corporate,MCO CORP CCA,Analytics,The Agentic Data Cloud,Cortex Framework,2026-02-01,2026-09-01,"$72,000.00",,,
"Jaquelyn Montañez, Fernando Laguna","=HYPERLINK(""https://vector.lightning.force.com/lightning/r/Account/001Kf00001BCjQ0IAL/view"", ""Información Localizada S.A.S."")","=HYPERLINK(""https://vector.lightning.force.com/lightning/r/Account/0014M00001hhAb7QAE/view"", ""AEROLINEAS ARGENTINAS SOCIEDAD ANONIMA"")",Tier 1,"=HYPERLINK(""https://vector.lightning.force.com/lightning/r/Workload__c/aBJKf0000082KlzOAE/view"", ""[GECX] Aerolineas Argentinas - #CXAgentStudio - WL"")",Raphael Laxe,0-2: Tech Eval/Solution Dev,🟢 Ready (35 DRP Profiles),"=HYPERLINK(""https://vector.lightning.force.com/lightning/r/Opportunity/006Kf00000N5SI6IAN/view"", ""[GECX] Aerolineas Argentinas -  #CXIQA & #CXAgentStudio -"")","08/23/26(RL) The client informed us that they will release the RFP this month. We had a meeting with WiseCX, and our proposal with GECX is at risk as they will direct it to models. NA: Determine our strategy with the account team.","ER-457805, ER-459436, ER-456100, ER-457803",Corporate,MCO CORP SUR,Customer Engagement,Gemini Enterprise for Customer Experience (Customer Engagement),Customer Experience Agent Studio,2026-11-16,2026-11-29,"$831,224.00",,,
"Jaquelyn Montañez, Fernando Laguna","=HYPERLINK(""https://vector.lightning.force.com/lightning/r/Account/0014M0000277PE9QAM/view"", ""SERVIBRASIL SOLUCOES EM TECNOLOGIA DA INFORMACAO LTDA."")","=HYPERLINK(""https://vector.lightning.force.com/lightning/r/Account/0014M00001hlvhIQAQ/view"", ""CLUBE FII TECNOLOGIA"")",Tier 3,"=HYPERLINK(""https://vector.lightning.force.com/lightning/r/Workload__c/aBJKf000006ADmJOAW/view"", ""#ClubeFii #Infrastructure migration"")",Nathã Souza,4.3: Migrated/Implemented,🟢 Ready (19 DRP Profiles),"=HYPERLINK(""https://vector.lightning.force.com/lightning/r/Opportunity/006Kf00000N4jJeIAJ/view"", ""#ClubeFii #Infrastructure migration"")",,"=HYPERLINK(""https://vector.lightning.force.com/lightning/r/Expert_Request__c/aAuKf000000tvcSKAQ/view"", ""ER-469630"")",Brazil,Brazil DN,Migrate Modernize and Build,"Migrate, Modernize and Build",GKE/CloudRun,2026-03-02,2026-03-30,"$143,804.64",,,
"Jaquelyn Montañez, Fernando Laguna","=HYPERLINK(""https://vector.lightning.force.com/lightning/r/Account/0014M00001h3AyDQAU/view"", ""INFORMACIÓN LOCALIZADA SAS"")","=HYPERLINK(""https://vector.lightning.force.com/lightning/r/Account/001Kf000014SNBZIA4/view"", ""HIL Holding Colombia"")",Tier 2,"=HYPERLINK(""https://vector.lightning.force.com/lightning/r/Workload__c/aBJKf000009dvdFOAQ/view"", ""workload psf hil"")",Andrea Forero,4.3: Migrated/Implemented,🟢 Ready (19 DRP Profiles),"=HYPERLINK(""https://vector.lightning.force.com/lightning/r/Opportunity/006Kf00000NiBVwIAN/view"", ""Recommit HIL COLOMBIA_ Fund request"")",,,Corporate,MCO CORP NORTE,Migrate Modernize and Build,"Migrate, Modernize and Build",GKE/CloudRun,2026-03-02,2026-04-01,"$10,000.00",,,
"Jaquelyn Montañez, Fernando Laguna","=HYPERLINK(""https://vector.lightning.force.com/lightning/r/Account/0014M00002NSRhUQAX/view"", ""SITINFORMACION"")","=HYPERLINK(""https://vector.lightning.force.com/lightning/r/Account/0014M00001hSLPIQA4/view"", ""Grupo Cinemex, S.A. de C.V."")",Tier 1,"=HYPERLINK(""https://vector.lightning.force.com/lightning/r/Workload__c/aBJKf0000082KEgOAM/view"", ""BigQuery"")",Eduardo Bello,4.3: Migrated/Implemented,🟢 Ready (31 DRP Profiles),"=HYPERLINK(""https://vector.lightning.force.com/lightning/r/Opportunity/006Kf00000NMiJBIA1/view"", ""Cinemex - Flex Datalake & Apigee"")",,,Mexico,MX Multi-industry & Monterrey,Analytics,"Migrate, Modernize, and Build with Data Cloud (Analytics)",Migrate Data Warehouses to BigQuery,2025-12-15,2026-01-26,"$184,000.00",,,
"Jaquelyn Montañez, Fernando Laguna","=HYPERLINK(""https://vector.lightning.force.com/lightning/r/Account/0014M00002NSRhUQAX/view"", ""SITINFORMACION"")","=HYPERLINK(""https://vector.lightning.force.com/lightning/r/Account/0014M00001hSLPIQA4/view"", ""Grupo Cinemex, S.A. de C.V."")",Tier 1,"=HYPERLINK(""https://vector.lightning.force.com/lightning/r/Workload__c/aBJKf0000082KElOAM/view"", ""Looker"")",Eduardo Bello,4.3: Migrated/Implemented,🟢 Ready (21 DRP Profiles),"=HYPERLINK(""https://vector.lightning.force.com/lightning/r/Opportunity/006Kf00000NMiJBIA1/view"", ""Cinemex - Flex Datalake & Apigee"")",,,Mexico,MX Multi-industry & Monterrey,Analytics,The Agentic Data Cloud,Cloud BI and Embed Analytics (Looker),2025-12-15,2026-03-31,"$31,920.00",,,
"Jaquelyn Montañez, Fernando Laguna","=HYPERLINK(""https://vector.lightning.force.com/lightning/r/Account/0014M00002NSRhUQAX/view"", ""SITINFORMACION"")","=HYPERLINK(""https://vector.lightning.force.com/lightning/r/Account/0014M00001hXuNGQA0/view"", ""Grupo Empresarial Angeles, S.A. de C.V."")",Tier 1,"=HYPERLINK(""https://vector.lightning.force.com/lightning/r/Workload__c/aBJKf000009tMyeOAE/view"", ""Angeles Security"")",Daniela Oseguera,3:  Proposal / Negotiation,🔴 Capacity Gap (0 DRP Profiles),,,,Mexico,MX Multi-industry & Monterrey,Security,Security,Security Workload,2026-05-05,2026-06-26,"$80,000.00",,,
"Jaquelyn Montañez, Fernando Laguna","=HYPERLINK(""https://vector.lightning.force.com/lightning/r/Account/0014M00001h34A7QAI/view"", ""INFORMACION LOCALIZADA S.A.S. - SUCURSAL DEL PERU"")","=HYPERLINK(""https://vector.lightning.force.com/lightning/r/Account/0014M00001hMYhKQAW/view"", ""Profonanpe"")",Tier 1,"=HYPERLINK(""https://vector.lightning.force.com/lightning/r/Workload__c/aBJKf000009tM5UOAU/view"", ""Profonanpe - Earth Engine - Basic"")",Moacir Quadros,4.3: Migrated/Implemented,🟢 Ready (35 DRP Profiles),"=HYPERLINK(""https://vector.lightning.force.com/lightning/r/Opportunity/006Kf00000Lj3zQIAR/view"", ""Profonanpe - Earth Engine - Basic"")",MQ 12/05: FUP with partner to check if PST was submitted and processed (TBC),,PS,Scaled PS,Storage,,Not a Solution,2025-12-22,2025-12-23,"$6,000.00",,,
"Jaquelyn Montañez, Fernando Laguna","=HYPERLINK(""https://vector.lightning.force.com/lightning/r/Account/0014M0000277PE9QAM/view"", ""SERVIBRASIL SOLUCOES EM TECNOLOGIA DA INFORMACAO LTDA."")","=HYPERLINK(""https://vector.lightning.force.com/lightning/r/Account/0014M00002N5qFEQAZ/view"", ""DPOnet"")",Tier 3,"=HYPERLINK(""https://vector.lightning.force.com/lightning/r/Workload__c/aBJKf0000082JTGOA2/view"", ""DPOnet #ChatConversational"")",Suzan Soares,4.3: Migrated/Implemented,🟢 Ready (35 DRP Profiles),"=HYPERLINK(""https://vector.lightning.force.com/lightning/r/Opportunity/006Kf00000NEIIJIA5/view"", ""DPOnet -#M25"")",,,Brazil,Brazil DN,Customer Engagement,Gemini Enterprise for Customer Experience (Customer Engagement),Customer Experience Agent Studio,2025-12-12,2026-01-20,"$25,047.48",,,
"Jaquelyn Montañez, Fernando Laguna","=HYPERLINK(""https://vector.lightning.force.com/lightning/r/Account/0014M00001h3AyDQAU/view"", ""INFORMACIÓN LOCALIZADA SAS"")","=HYPERLINK(""https://vector.lightning.force.com/lightning/r/Account/0014M00001hiRHLQA2/view"", ""COORDINADORA MERCANTIL S A"")",Tier 1,"=HYPERLINK(""https://vector.lightning.force.com/lightning/r/Workload__c/aBJKf000009ofSROAY/view"", ""PD Coordinadora Child Commit"")",Pedro Diaz Moreno,4.3: Migrated/Implemented,🟢 Ready (19 DRP Profiles),"=HYPERLINK(""https://vector.lightning.force.com/lightning/r/Opportunity/006Kf00000NFPRkIAP/view"", ""Coordinadora Mercantil #TCV #Child Commit"")",,,MCO,Colombia,Migrate Modernize and Build,"Migrate, Modernize and Build",GKE/CloudRun,2025-12-05,2025-12-09,"$100,000.00",,,
"Jaquelyn Montañez, Fernando Laguna","=HYPERLINK(""https://vector.lightning.force.com/lightning/r/Account/0014M00002TEROiQAP/view"", ""Servinformación S.A"")","=HYPERLINK(""https://vector.lightning.force.com/lightning/r/Account/0014M00001hRjMnQAK/view"", ""Pantaleon SA"")",Tier 1,"=HYPERLINK(""https://vector.lightning.force.com/lightning/r/Workload__c/aBJKf0000082J8NOAU/view"", ""SCC - Pantaleon - Servi"")",Daniel Cornejo,4.3: Migrated/Implemented,🔴 Capacity Gap (0 DRP Profiles),"=HYPERLINK(""https://vector.lightning.force.com/lightning/r/Opportunity/006Kf00000M6aACIAZ/view"", ""#M25 PANTALEON S.A - Security Command Center Enterprise"")",,,Corporate,MCO CORP CCA,Security,Security,Security Workload,2025-11-17,2025-12-01,"$19,049.00",,,
"Jaquelyn Montañez, Fernando Laguna","=HYPERLINK(""https://vector.lightning.force.com/lightning/r/Account/0014M00001h3AyDQAU/view"", ""INFORMACIÓN LOCALIZADA SAS"")","=HYPERLINK(""https://vector.lightning.force.com/lightning/r/Account/0014M00001hv0psQAA/view"", ""Naos Solucoes Tecnologicas Ltda"")",Tier 3,"=HYPERLINK(""https://vector.lightning.force.com/lightning/r/Workload__c/aBJKf0000082IviOAE/view"", ""#appito #migracao"")",Suzan Soares,4.3: Migrated/Implemented,🟢 Ready (19 DRP Profiles),"=HYPERLINK(""https://vector.lightning.force.com/lightning/r/Opportunity/006Kf00000N4MjtIAF/view"", ""#Appito #migraçao #Servi"")",,,Brazil,Brazil DN,Migrate Modernize and Build,"Migrate, Modernize and Build",GKE/CloudRun,2025-11-14,2025-12-19,"$36,082.56",,,
"Jaquelyn Montañez, Fernando Laguna","=HYPERLINK(""https://vector.lightning.force.com/lightning/r/Account/0014M00002GHyyuQAD/view"", ""SERVINFORMACION S.A."")","=HYPERLINK(""https://vector.lightning.force.com/lightning/r/Account/0014M00001hn3P2QAI/view"", ""Grupo Harari"")",Tier 1,"=HYPERLINK(""https://vector.lightning.force.com/lightning/r/Workload__c/aBJKf0000082IiyOAE/view"", ""Active Directory - AD (12 VMs)"")",Salvador Arllentar,4.3: Migrated/Implemented,🟢 Ready (19 DRP Profiles),"=HYPERLINK(""https://vector.lightning.force.com/lightning/r/Opportunity/006Kf00000KqxlQIAR/view"", ""TAC Proyecto Consolidado (Backup - x86 - AGAC - AD)"")",,"=HYPERLINK(""https://vector.lightning.force.com/lightning/r/Expert_Request__c/aAuKf000000tlTtKAI/view"", ""ER-444948"")",Corporate,MCO CORP CCA,Migrate Modernize and Build,"Migrate, Modernize and Build",GKE/CloudRun,2026-04-01,2026-05-31,"$40,000.00",,,
"Jaquelyn Montañez, Fernando Laguna","=HYPERLINK(""https://vector.lightning.force.com/lightning/r/Account/0014M00002GHyyuQAD/view"", ""SERVINFORMACION S.A."")","=HYPERLINK(""https://vector.lightning.force.com/lightning/r/Account/0014M00001hn3P2QAI/view"", ""Grupo Harari"")",Tier 1,"=HYPERLINK(""https://vector.lightning.force.com/lightning/r/Workload__c/aBJKf0000082Ij3OAE/view"", ""VMs - Concilia"")",Daniel Cornejo,4.3: Migrated/Implemented,🟢 Ready (19 DRP Profiles),"=HYPERLINK(""https://vector.lightning.force.com/lightning/r/Opportunity/006Kf00000KqxlQIAR/view"", ""TAC Proyecto Consolidado (Backup - x86 - AGAC - AD)"")",,"=HYPERLINK(""https://vector.lightning.force.com/lightning/r/Expert_Request__c/aAuKf000000tlTyKAI/view"", ""ER-444949"")",Corporate,MCO CORP CCA,Migrate Modernize and Build,"Migrate, Modernize and Build",GKE/CloudRun,2025-11-10,2025-12-08,"$18,000.00",,,
"Jaquelyn Montañez, Fernando Laguna","=HYPERLINK(""https://vector.lightning.force.com/lightning/r/Account/0014M00002NSRhUQAX/view"", ""SITINFORMACION"")","=HYPERLINK(""https://vector.lightning.force.com/lightning/r/Account/001Kf000017fTdvIAE/view"", ""Lala Administración y Control, S.A. de C.V."")",Tier 1,"=HYPERLINK(""https://vector.lightning.force.com/lightning/r/Workload__c/aBJKf000009tJQHOA2/view"", ""Lala Data Lakehouse"")",Ana Schultz,4.3: Migrated/Implemented,🟢 Ready (31 DRP Profiles),"=HYPERLINK(""https://vector.lightning.force.com/lightning/r/Opportunity/006Kf00000NCL50IAH/view"", ""Grupo Lala - GCP marketing"")",,,Mexico,MX Multi-industry & Monterrey,Analytics,"Migrate, Modernize, and Build with Data Cloud (Analytics)",Migrate Data Warehouses to BigQuery,2026-04-15,2026-07-03,"$250,000.00",,,
"Jaquelyn Montañez, Fernando Laguna","=HYPERLINK(""https://vector.lightning.force.com/lightning/r/Account/0014M00002GHyqCQAT/view"", ""SERVINFORMACION EL SALVADOR, SOCIEDAD ANONIMA DE CAPITAL VARIABLE"")","=HYPERLINK(""https://vector.lightning.force.com/lightning/r/Account/0014M00001hlaVZQAY/view"", ""Compania Azucarera Salvadorena SA de CV"")",Tier 2,"=HYPERLINK(""https://vector.lightning.force.com/lightning/r/Workload__c/aBJKf000006Me1aOAC/view"", ""Grupo CASSA - Cortex"")",Daniel Cornejo,4.1: Pre Ramp / Mobilize,🟢 Ready (31 DRP Profiles),"=HYPERLINK(""https://vector.lightning.force.com/lightning/r/Opportunity/006Kf00000MvW9hIAF/view"", ""Grupo CASSA - SAP Hana / Cortex"")","Se esta haciendo la migracion, sin problema , se hara seguimiento para ver como siguen avanzando","ER-435473, ER-434244, ER-444263, ER-434243",Corporate,MCO CORP CCA,Analytics,"Migrate, Modernize, and Build with Data Cloud (Analytics)",Migrate Data Warehouses to BigQuery,2026-09-18,2026-10-23,"$60,000.00",,,
"Jaquelyn Montañez, Fernando Laguna","=HYPERLINK(""https://vector.lightning.force.com/lightning/r/Account/0014M00002NSRhUQAX/view"", ""SITINFORMACION"")","=HYPERLINK(""https://vector.lightning.force.com/lightning/r/Account/0014M00001jPwe1QAC/view"", ""Grupo Diagnóstico Médico Proa, S.A. de C.V."")",Tier 1,"=HYPERLINK(""https://vector.lightning.force.com/lightning/r/Workload__c/aBJKf0000082I4oOAE/view"", ""[GECX] -CHOPO- [Voice Agent]"")",Raphael Laxe,4.1: Pre Ramp / Mobilize,🟢 Ready (35 DRP Profiles),"=HYPERLINK(""https://vector.lightning.force.com/lightning/r/Opportunity/006Kf00000LjGYsIAN/view"", ""Chopo - GECX - #Conversational Agentes | [Voice Agent] #NextGenCA"")",08/23/26(RL)CEs and the Partner are still working to fill out the information requested. NA: Check with the team to see if any support is needed and to confirm the timeline for delivering the answer to the customer.,"=HYPERLINK(""https://vector.lightning.force.com/lightning/r/Expert_Request__c/aAuKf000000TXlOKAW/view"", ""ER-493075"")",Mexico,MX Multi-industry & Monterrey,Customer Engagement,Gemini Enterprise for Customer Experience (Customer Engagement),Customer Experience Agent Studio,2026-06-22,2026-09-30,"$285,000.00",,,
"Jaquelyn Montañez, Fernando Laguna","=HYPERLINK(""https://vector.lightning.force.com/lightning/r/Account/0014M00001w6OZ3QAM/view"", ""Servinformacion SA"")","=HYPERLINK(""https://vector.lightning.force.com/lightning/r/Account/0014M00001hrYOGQA2/view"", ""Banco de Guayaquil S.A."")",Tier 1,"=HYPERLINK(""https://vector.lightning.force.com/lightning/r/Workload__c/aBJKf000006MdRXOA0/view"", ""Banco de Guayaquil S.A. - Data Analytics"")",Oscar Rodriguez,4.3: Migrated/Implemented,🟢 Ready (31 DRP Profiles),"=HYPERLINK(""https://vector.lightning.force.com/lightning/r/Opportunity/006Kf00000MLnlaIAD/view"", ""#M25 Banco de Guayaquil S.A. - Data Analytics"")",,,MCO,EM (PE/EC),Analytics,"Migrate, Modernize, and Build with Data Cloud (Analytics)",Migrate Data Warehouses to BigQuery,2026-03-31,2026-04-03,"$60,000.00",,,
"Jaquelyn Montañez, Fernando Laguna","=HYPERLINK(""https://vector.lightning.force.com/lightning/r/Account/0014M00002NSRhUQAX/view"", ""SITINFORMACION"")","=HYPERLINK(""https://vector.lightning.force.com/lightning/r/Account/0014M00001hSLPIQA4/view"", ""Grupo Cinemex, S.A. de C.V."")",Tier 1,"=HYPERLINK(""https://vector.lightning.force.com/lightning/r/Workload__c/aBJKf000006MdO4OAK/view"", ""Data Analytics - Cinemex"")",Paulina González,4.3: Migrated/Implemented,🟢 Ready (31 DRP Profiles),"=HYPERLINK(""https://vector.lightning.force.com/lightning/r/Opportunity/006Kf00000LilSvIAJ/view"", ""Grupo Cinemex#BigQuery#DataAnalytics#Out"")",,"=HYPERLINK(""https://vector.lightning.force.com/lightning/r/Expert_Request__c/aAuKf000000kTmlKAE/view"", ""ER-423141"")",Mexico,MX Multi-industry & Monterrey,Analytics,"Migrate, Modernize, and Build with Data Cloud (Analytics)",Migrate Data Warehouses to BigQuery,2026-01-12,2026-03-31,"$78,000.00",,,
"Jaquelyn Montañez, Fernando Laguna","=HYPERLINK(""https://vector.lightning.force.com/lightning/r/Account/0014M00001h3AyDQAU/view"", ""INFORMACIÓN LOCALIZADA SAS"")","=HYPERLINK(""https://vector.lightning.force.com/lightning/r/Account/0014M00001hdUxXQAU/view"", ""ASOCIACION DE MUNICIPIOS DE LA SUBREGION CIENAGA GRANDE DE SANTA MARTA"")",Tier 1,"=HYPERLINK(""https://vector.lightning.force.com/lightning/r/Workload__c/aBJKf000006MdI1OAK/view"", ""Asocienaga - GCP"")",Paulo De Oliveira,4.3: Migrated/Implemented,🟢 Ready (35 DRP Profiles),"=HYPERLINK(""https://vector.lightning.force.com/lightning/r/Opportunity/006Kf00000Ki4r1IAB/view"", ""Asocienaga - GCP #PSM-Led"")",,,PS,Streamline PS,,,,2025-02-01,2025-05-24,"$28,000.00",,,
"Jaquelyn Montañez, Fernando Laguna","=HYPERLINK(""https://vector.lightning.force.com/lightning/r/Account/0014M00001h3AyDQAU/view"", ""INFORMACIÓN LOCALIZADA SAS"")","=HYPERLINK(""https://vector.lightning.force.com/lightning/r/Account/0014M00002QUMZQQA5/view"", ""beecrowd"")",Tier 3,"=HYPERLINK(""https://vector.lightning.force.com/lightning/r/Workload__c/aBJKf0000082HpjOAE/view"", ""Beecrowd - Migração"")",Suzan Soares,4.3: Migrated/Implemented,🟢 Ready (19 DRP Profiles),"=HYPERLINK(""https://vector.lightning.force.com/lightning/r/Opportunity/006Kf00000ML6BaIAL/view"", ""Beecrowd - DN - GCP - Migration"")",,,Brazil,Brazil DN,Migrate Modernize and Build,"Migrate, Modernize and Build",GKE/CloudRun,2025-10-18,2025-11-17,"$93,475.54",,,
"Jaquelyn Montañez, Fernando Laguna","=HYPERLINK(""https://vector.lightning.force.com/lightning/r/Account/0014M00001h3AyDQAU/view"", ""INFORMACIÓN LOCALIZADA SAS"")","=HYPERLINK(""https://vector.lightning.force.com/lightning/r/Account/0014M00001hN0FUQA0/view"", ""Copa Holdings S.A"")",Tier 1,"=HYPERLINK(""https://vector.lightning.force.com/lightning/r/Workload__c/aBJKf000009tHahOAE/view"", ""Agentspace para Wingo"")",Paola Ocampo,4.3: Migrated/Implemented,🟢 Ready (35 DRP Profiles),"=HYPERLINK(""https://vector.lightning.force.com/lightning/r/Opportunity/006Kf00000MvmEcIAJ/view"", ""Wingo Agentspace 46 Seats #Agentspace"")",,,Corporate,MCO CORP CCA,Build with AI,,Not a Solution,2025-12-12,2025-12-14,"$10,000.00",,,
"Jaquelyn Montañez, Fernando Laguna","=HYPERLINK(""https://vector.lightning.force.com/lightning/r/Account/0014M00001h3AyDQAU/view"", ""INFORMACIÓN LOCALIZADA SAS"")","=HYPERLINK(""https://vector.lightning.force.com/lightning/r/Account/0014M00001hvGzsQAE/view"", ""MAGNITRACKING SA DE CV"")",Tier 2,"=HYPERLINK(""https://vector.lightning.force.com/lightning/r/Workload__c/aBJKf0000082HP2OAM/view"", ""#Magnitracking #DA #2026"")",Claudia Obregón,3:  Proposal / Negotiation,🟢 Ready (31 DRP Profiles),"=HYPERLINK(""https://vector.lightning.force.com/lightning/r/Opportunity/006Kf00000JNAptIAH/view"", ""Magnitracking - GCP Infra - GCP"")",,,Mexico,MX DN,Analytics,The Agentic Data Cloud,Data Sharing & Monetization,2026-08-28,2026-09-15,"$100,000.00",,,
"Jaquelyn Montañez, Fernando Laguna","=HYPERLINK(""https://vector.lightning.force.com/lightning/r/Account/0014M00002GHyqCQAT/view"", ""SERVINFORMACION EL SALVADOR, SOCIEDAD ANONIMA DE CAPITAL VARIABLE"")","=HYPERLINK(""https://vector.lightning.force.com/lightning/r/Account/001Kf00001BE4c0IAD/view"", ""Dirección de Ordenamiento Territorial y Construcción"")",Tier 1,"=HYPERLINK(""https://vector.lightning.force.com/lightning/r/Workload__c/aBJKf000009tGB1OAM/view"", ""DOT EDW"")",Alberto Alcala,4.3: Migrated/Implemented,🟢 Ready (31 DRP Profiles),"=HYPERLINK(""https://vector.lightning.force.com/lightning/r/Opportunity/006Kf00000Mhpc4IAB/view"", ""DOT EDW"")",,,PS,MEXICO & PECS PS,Analytics,"Migrate, Modernize, and Build with Data Cloud (Analytics)",Migrate Data Warehouses to BigQuery,2025-09-01,2025-09-02,"$43,800.00",,,
"Jaquelyn Montañez, Fernando Laguna","=HYPERLINK(""https://vector.lightning.force.com/lightning/r/Account/0014M00002NSRhUQAX/view"", ""SITINFORMACION"")","=HYPERLINK(""https://vector.lightning.force.com/lightning/r/Account/0014M00001ipp7JQAQ/view"", ""Godo Parsa Sapi de Cv"")",Tier 2,"=HYPERLINK(""https://vector.lightning.force.com/lightning/r/Workload__c/aBJKf0000082H5WOAU/view"", ""99Min - AgentSpace"")",Luis Cabrera,4.3: Migrated/Implemented,🟢 Ready (35 DRP Profiles),"=HYPERLINK(""https://vector.lightning.force.com/lightning/r/Opportunity/006Kf00000LyrbeIAB/view"", ""99minutos - Vertex AI Search - #Agentspace [B]"")",,,Mexico,MX DN,Build with AI,,,2025-09-30,2025-10-31,"$181,000.00",,,
"Jaquelyn Montañez, Fernando Laguna","=HYPERLINK(""https://vector.lightning.force.com/lightning/r/Account/0014M00001h3AyDQAU/view"", ""INFORMACIÓN LOCALIZADA SAS"")","=HYPERLINK(""https://vector.lightning.force.com/lightning/r/Account/0014M00001hXE7yQAG/view"", ""CAMARA DE COMERCIO DE BOGOTA"")",Tier 2,"=HYPERLINK(""https://vector.lightning.force.com/lightning/r/Workload__c/aBJKf000009tFgAOAU/view"", ""CCB SICO y SIMASC"")",Andrea Forero,3:  Proposal / Negotiation,🟢 Ready (19 DRP Profiles),"=HYPERLINK(""https://vector.lightning.force.com/lightning/r/Opportunity/006Kf00000M64WwIAJ/view"", ""CCB_ SICO y SIMASC"")","Propuesta econmomica preliminar enviada, ajustando detalles de arquitectura con partner y cliente para planear deployment","=HYPERLINK(""https://vector.lightning.force.com/lightning/r/Expert_Request__c/aAuKf000000tZCbKAM/view"", ""ER-416060"")",Corporate,MCO CORP NORTE,Migrate Modernize and Build,"Migrate, Modernize and Build",GKE/CloudRun,2026-09-01,2026-09-28,"$60,000.00",,,
"Jaquelyn Montañez, Fernando Laguna","=HYPERLINK(""https://vector.lightning.force.com/lightning/r/Account/0014M00002GHyqCQAT/view"", ""SERVINFORMACION EL SALVADOR, SOCIEDAD ANONIMA DE CAPITAL VARIABLE"")","=HYPERLINK(""https://vector.lightning.force.com/lightning/r/Account/0014M00002QCFXtQAP/view"", ""Superintendencia de Regulacion Sanitaria (SRS)"")",Tier 1,"=HYPERLINK(""https://vector.lightning.force.com/lightning/r/Workload__c/aBJKf000009tEy9OAE/view"", ""SRS EDW"")",Alberto Alcala,4.3: Migrated/Implemented,🟢 Ready (31 DRP Profiles),"=HYPERLINK(""https://vector.lightning.force.com/lightning/r/Opportunity/006Kf00000Mfe7xIAB/view"", ""SRS EDW"")",,,PS,MEXICO & PECS PS,Analytics,"Migrate, Modernize, and Build with Data Cloud (Analytics)",Migrate Data Warehouses to BigQuery,2025-04-01,2025-09-30,"$43,800.00",,,
"Jaquelyn Montañez, Fernando Laguna","=HYPERLINK(""https://vector.lightning.force.com/lightning/r/Account/0014M00001w6OZ3QAM/view"", ""Servinformacion SA"")","=HYPERLINK(""https://vector.lightning.force.com/lightning/r/Account/0014M00001hlcrVQAQ/view"", ""La Fabril, S.A."")",Tier 2,"=HYPERLINK(""https://vector.lightning.force.com/lightning/r/Workload__c/aBJKf000006McBTOA0/view"", ""La Fabril - Bases de datos"")",Alexandra Rodríguez,4.3: Migrated/Implemented,🟢 Ready (4 DRP Profiles),"=HYPERLINK(""https://vector.lightning.force.com/lightning/r/Opportunity/006Kf00000LicQzIAJ/view"", ""La Fabril S.A#GCP#Base de Datos#GOLD"")","Hubo errores de pase a produccion, es por eso se retraso una semana despues el pase a produccion, el equipo de producto estuvo ayudando","ER-434165, ER-414561",Corporate,MCO CORP NORTE,Migrate and Modernize Databases,"Migrate, Modernize, and Build with Data Cloud (Databases)","Modernize Legacy Databases (Heterogeneous - SQL Server, Oracle etc.)",2025-11-05,2026-03-15,"$127,968.79",,,
"Jaquelyn Montañez, Fernando Laguna","=HYPERLINK(""https://vector.lightning.force.com/lightning/r/Account/0014M00001w6OZ3QAM/view"", ""Servinformacion SA"")","=HYPERLINK(""https://vector.lightning.force.com/lightning/r/Account/0014M00001hlcrVQAQ/view"", ""La Fabril, S.A."")",Tier 2,"=HYPERLINK(""https://vector.lightning.force.com/lightning/r/Workload__c/aBJKf000006Mc9DOAS/view"", ""La fabril - Agentspace -"")",Oscar Rodriguez,4.3: Migrated/Implemented,🟢 Ready (35 DRP Profiles),"=HYPERLINK(""https://vector.lightning.force.com/lightning/r/Opportunity/006Kf00000LicMIIAZ/view"", ""La Fabril S.A#GCP#Agentspace"")",Servi comenta que esta semana estaran juntandose para poder empezar a hacer las configuraciones,"=HYPERLINK(""https://vector.lightning.force.com/lightning/r/Expert_Request__c/aAuKf000000kREDKA2/view"", ""ER-412469"")",Corporate,MCO CORP NORTE,Developer AI Assistance,Developer AI Assistance,Developer AI Assistance,2025-11-04,2026-01-30,"$12,240.00",,,
"Jaquelyn Montañez, Fernando Laguna","=HYPERLINK(""https://vector.lightning.force.com/lightning/r/Account/0014M00001h3AyDQAU/view"", ""INFORMACIÓN LOCALIZADA SAS"")","=HYPERLINK(""https://vector.lightning.force.com/lightning/r/Account/0014M00001juYHsQAM/view"", ""DEPARTAMENTO DEL VALLE DEL CAUCA"")",Tier 1,"=HYPERLINK(""https://vector.lightning.force.com/lightning/r/Workload__c/aBJKf000006Mc77OAC/view"", ""Automatizacion de procesos de tutelas"")",Diana Prieto,4.3: Migrated/Implemented,🟢 Ready (35 DRP Profiles),"=HYPERLINK(""https://vector.lightning.force.com/lightning/r/Opportunity/006Kf00000LWQMlIAP/view"", ""Salud Valle Automatizacion con IA - GCP #M25"")",,"=HYPERLINK(""https://vector.lightning.force.com/lightning/r/Expert_Request__c/aAuKf000000kR8yKAE/view"", ""ER-412210"")",PS,MCO PS,Build with AI,Gemini Enterprise for Customer Experience (Build with AI),AI Search & Specialized AI,2025-12-05,2025-12-05,"$228,000.00",,,
"Jaquelyn Montañez, Fernando Laguna","=HYPERLINK(""https://vector.lightning.force.com/lightning/r/Account/0014M00002NSRhUQAX/view"", ""SITINFORMACION"")","=HYPERLINK(""https://vector.lightning.force.com/lightning/r/Account/0014M00001hvHUGQA2/view"", ""Conservas La Costeña, S.A. de C.V."")",Tier 1,"=HYPERLINK(""https://vector.lightning.force.com/lightning/r/Workload__c/aBJKf000006Mc4IOAS/view"", ""Marketing Analytics"")",Eduardo Bello,4.3: Migrated/Implemented,🟢 Ready (31 DRP Profiles),"=HYPERLINK(""https://vector.lightning.force.com/lightning/r/Opportunity/006Kf00000KhnJWIAZ/view"", ""La Costeña - Flex"")",,,Mexico,MX Multi-industry & Monterrey,Analytics,"Migrate, Modernize, and Build with Data Cloud (Analytics)",Migrate Data Warehouses to BigQuery,2025-10-06,2026-02-27,"$150,000.00",,,
"Jaquelyn Montañez, Fernando Laguna","=HYPERLINK(""https://vector.lightning.force.com/lightning/r/Account/0014M00002NSRhUQAX/view"", ""SITINFORMACION"")","=HYPERLINK(""https://vector.lightning.force.com/lightning/r/Account/0014M00001hvHUGQA2/view"", ""Conservas La Costeña, S.A. de C.V."")",Tier 1,"=HYPERLINK(""https://vector.lightning.force.com/lightning/r/Workload__c/aBJKf000006Mc4NOAS/view"", ""Sap Inteligente"")",Eduardo Bello,4.3: Migrated/Implemented,🟢 Ready (35 DRP Profiles),"=HYPERLINK(""https://vector.lightning.force.com/lightning/r/Opportunity/006Kf00000KhnJWIAZ/view"", ""La Costeña - Flex"")",,,Mexico,MX Multi-industry & Monterrey,Analytics,"Migrate, Modernize, and Build with Data Cloud (Analytics)",Migrate Data Warehouses to BigQuery,2025-10-27,2026-03-01,"$50,000.00",,,
"Jaquelyn Montañez, Fernando Laguna","=HYPERLINK(""https://vector.lightning.force.com/lightning/r/Account/0014M00001h3AyDQAU/view"", ""INFORMACIÓN LOCALIZADA SAS"")","=HYPERLINK(""https://vector.lightning.force.com/lightning/r/Account/001Kf000019zqaGIAQ/view"", ""REVINCULAMOS S A S"")",Tier 2,"=HYPERLINK(""https://vector.lightning.force.com/lightning/r/Workload__c/aBJKf000006MbsHOAS/view"", ""Revinculamos - SCCE"")",Oscar Rodriguez,4.3: Migrated/Implemented,🔴 Capacity Gap (0 DRP Profiles),"=HYPERLINK(""https://vector.lightning.force.com/lightning/r/Opportunity/006Kf00000KhkptIAB/view"", ""Revinculamos: SCC"")",,,Corporate,MCO CORP NORTE,Security,Security,Security Workload,2025-09-30,2025-10-17,"$68,160.00",,,
"Jaquelyn Montañez, Fernando Laguna","=HYPERLINK(""https://vector.lightning.force.com/lightning/r/Account/0014M00001h3AyDQAU/view"", ""INFORMACIÓN LOCALIZADA SAS"")","=HYPERLINK(""https://vector.lightning.force.com/lightning/r/Account/001Kf000019zqaGIAQ/view"", ""REVINCULAMOS S A S"")",Tier 2,"=HYPERLINK(""https://vector.lightning.force.com/lightning/r/Workload__c/aBJKf000006MbsWOAS/view"", ""Revinculamos - Chrome Enterprise Premium"")",Oscar Rodriguez,4.3: Migrated/Implemented,🔴 Capacity Gap (0 DRP Profiles),"=HYPERLINK(""https://vector.lightning.force.com/lightning/r/Opportunity/006Kf00000KhkqXIAR/view"", ""Revinculamos: Chrome Enterprice 1100"")",,"=HYPERLINK(""https://vector.lightning.force.com/lightning/r/Expert_Request__c/aAuKf000000kQdWKAU/view"", ""ER-410136"")",Corporate,MCO CORP NORTE,Security,Security,Security Workload,2025-09-22,2025-10-28,"$32,640.00",,,
"Jaquelyn Montañez, Fernando Laguna","=HYPERLINK(""https://vector.lightning.force.com/lightning/r/Account/0014M00001h3AyDQAU/view"", ""INFORMACIÓN LOCALIZADA SAS"")","=HYPERLINK(""https://vector.lightning.force.com/lightning/r/Account/001Kf000019zqaGIAQ/view"", ""REVINCULAMOS S A S"")",Tier 2,"=HYPERLINK(""https://vector.lightning.force.com/lightning/r/Workload__c/aBJKf000006MbjPOAS/view"", ""[GECX] Revinculamos Agents"")",Santiago Guerrero,4.2: Ramping / Deliver,🟢 Ready (35 DRP Profiles),"=HYPERLINK(""https://vector.lightning.force.com/lightning/r/Opportunity/006Kf00000KhjN0IAJ/view"", ""Revinculamos: Flex"")","SoW aprobado,transicionar a despliegue","ER-430016, ER-430014, ER-430015, ER-411660",Corporate,MCO CORP NORTE,Customer Engagement,Applied AI Portfolio non CES,Applied AI: AAA,2026-02-02,2026-12-01,"$120,000.00",,,
"Jaquelyn Montañez, Fernando Laguna","=HYPERLINK(""https://vector.lightning.force.com/lightning/r/Account/0014M00002GHyqCQAT/view"", ""SERVINFORMACION EL SALVADOR, SOCIEDAD ANONIMA DE CAPITAL VARIABLE"")","=HYPERLINK(""https://vector.lightning.force.com/lightning/r/Account/0014M00001jZO8AQAW/view"", ""Fondo DE Conservacion Vial"")",Tier 1,"=HYPERLINK(""https://vector.lightning.force.com/lightning/r/Workload__c/aBJKf000006MbcxOAC/view"", ""Fovial - Infra migration"")",Adri Messih,4.3: Migrated/Implemented,🟢 Ready (35 DRP Profiles),"=HYPERLINK(""https://vector.lightning.force.com/lightning/r/Opportunity/006Kf00000JA3XsIAL/view"", ""FOVIAL  #OUT #GCP #ELSALVADOR_BOLSON"")",,,PS,MEXICO & PECS PS,Migrate Modernize and Build,,,2025-08-29,2025-09-12,"$30,000.00",,,
"Jaquelyn Montañez, Fernando Laguna","=HYPERLINK(""https://vector.lightning.force.com/lightning/r/Account/0014M00002NSRhUQAX/view"", ""SITINFORMACION"")","=HYPERLINK(""https://vector.lightning.force.com/lightning/r/Account/0014M00001heOXJQA2/view"", ""Godo Parsa Sapi de Cv"")",Tier 2,"=HYPERLINK(""https://vector.lightning.force.com/lightning/r/Workload__c/aBJKf0000082FyPOAU/view"", ""99Min - Looker"")",Luis Cabrera,4.3: Migrated/Implemented,🟢 Ready (35 DRP Profiles),"=HYPERLINK(""https://vector.lightning.force.com/lightning/r/Opportunity/006Kf00000LjAxhIAF/view"", ""99 minutos - Looker - commit"")",,,Mexico,MX DN,Migrate Modernize and Build,,,2025-09-30,2025-10-31,"$36,000.00",,,
"Jaquelyn Montañez, Fernando Laguna","=HYPERLINK(""https://vector.lightning.force.com/lightning/r/Account/0014M00002NSRhUQAX/view"", ""SITINFORMACION"")","=HYPERLINK(""https://vector.lightning.force.com/lightning/r/Account/0014M00001hreFrQAI/view"", ""DESC CORPORATIVO SA DE CV"")",Tier 1,"=HYPERLINK(""https://vector.lightning.force.com/lightning/r/Workload__c/aBJKf0000082FgzOAE/view"", ""Servinformacion - Tiendas"")",Fernando Irure,4.2: Ramping / Deliver,🟢 Ready (31 DRP Profiles),"=HYPERLINK(""https://vector.lightning.force.com/lightning/r/Opportunity/006Kf00000LXvqXIAT/view"", ""KEKEN - Bot con IA"")",,"=HYPERLINK(""https://vector.lightning.force.com/lightning/r/Expert_Request__c/aAuKf000000PJsIKAW/view"", ""ER-457017"")",Mexico,"MX FSI, Services & WR",Analytics,The Agentic Data Cloud,Data Sharing & Monetization,2026-05-15,2026-09-01,"$125,000.00",,,
"Jaquelyn Montañez, Fernando Laguna","=HYPERLINK(""https://vector.lightning.force.com/lightning/r/Account/0014M00001h3AyDQAU/view"", ""INFORMACIÓN LOCALIZADA SAS"")","=HYPERLINK(""https://vector.lightning.force.com/lightning/r/Account/0014M00001hpH4QQAU/view"", ""INSTITUTO AMAZONICO DE INVESTIGACIONES CIENTIFICAS SINCHI"")",Tier 1,"=HYPERLINK(""https://vector.lightning.force.com/lightning/r/Workload__c/aBJKf000009tB7AOAU/view"", ""Crecimiento Infra"")",Juanita Perico Londoño,4.3: Migrated/Implemented,🟢 Ready (19 DRP Profiles),"=HYPERLINK(""https://vector.lightning.force.com/lightning/r/Opportunity/006Kf00000KhcxVIAR/view"", ""GCP roadmap to cloud #PSM-Led"")",,,PS,Streamline PS,Migrate Modernize and Build,"Migrate, Modernize and Build",GKE/CloudRun,2025-06-09,2025-08-01,"$67,000.00",,,
"Jaquelyn Montañez, Fernando Laguna","=HYPERLINK(""https://vector.lightning.force.com/lightning/r/Account/0014M00002GHywFQAT/view"", ""INFORMACION LOCALIZADA SAS - Sucursal Panamá"")","=HYPERLINK(""https://vector.lightning.force.com/lightning/r/Account/0014M00001tMIMYQA4/view"", ""super99"")",Tier 1,"=HYPERLINK(""https://vector.lightning.force.com/lightning/r/Workload__c/aBJKf0000082FVhOAM/view"", ""S99 - AgentSpace - POC"")",Daniel Cornejo,4.3: Migrated/Implemented,🟢 Ready (35 DRP Profiles),"=HYPERLINK(""https://vector.lightning.force.com/lightning/r/Opportunity/006Kf00000L1tSgIAJ/view"", ""S99 - AgentSpace - Servi #M25"")",,"=HYPERLINK(""https://vector.lightning.force.com/lightning/r/Expert_Request__c/aAuKf000000kS3pKAE/view"", ""ER-416092"")",Corporate,MCO CORP CCA,Developer AI Assistance,Developer AI Assistance,Developer AI Assistance,2025-07-28,2025-09-30,"$8,000.00",,,
"Jaquelyn Montañez, Fernando Laguna","=HYPERLINK(""https://vector.lightning.force.com/lightning/r/Account/0014M00001w6OZ3QAM/view"", ""Servinformacion SA"")","=HYPERLINK(""https://vector.lightning.force.com/lightning/r/Account/0014M00001yeft8QAA/view"", ""Industrial Pesquera Santa Priscila S.A."")",Tier 2,"=HYPERLINK(""https://vector.lightning.force.com/lightning/r/Workload__c/aBJKf000006Maf2OAC/view"", ""Santa Priscila - Renewal Agentspace"")",Oscar Rodriguez,4.3: Migrated/Implemented,🟢 Ready (35 DRP Profiles),"=HYPERLINK(""https://vector.lightning.force.com/lightning/r/Opportunity/006Kf00000L4L6pIAF/view"", ""Industrial Pesquera Santa Priscila S.A.-Renewal-Vertex AI Spark Linear-2025"")",,,Corporate,MCO CORP NORTE,Customer Engagement,Gemini Enterprise for Customer Experience (Customer Engagement),Customer Experience Agent Studio,2025-07-08,2025-07-22,$225.00,,,
"Jaquelyn Montañez, Fernando Laguna","=HYPERLINK(""https://vector.lightning.force.com/lightning/r/Account/0014M00002NSRhUQAX/view"", ""SITINFORMACION"")","=HYPERLINK(""https://vector.lightning.force.com/lightning/r/Account/0014M00001hXuNGQA0/view"", ""Grupo Empresarial Angeles, S.A. de C.V."")",Tier 1,"=HYPERLINK(""https://vector.lightning.force.com/lightning/r/Workload__c/aBJKf000009oXZyOAM/view"", ""GEA - DAFAST - WL BigQuery"")",Guille Montanari,4.3: Migrated/Implemented,🟢 Ready (31 DRP Profiles),"=HYPERLINK(""https://vector.lightning.force.com/lightning/r/Opportunity/006Kf00000JO0DlIAL/view"", ""Grupo Empresarial Angeles, S.A. de C.V. - GCP Data Analytcis #DAFAST"")",,,Mexico,MX Multi-industry & Monterrey,Analytics,"Migrate, Modernize, and Build with Data Cloud (Analytics)",Migrate Data Warehouses to BigQuery,2025-05-19,2025-08-22,"$127,000.00",,,
"Jaquelyn Montañez, Fernando Laguna","=HYPERLINK(""https://vector.lightning.force.com/lightning/r/Account/0014M00002TEROiQAP/view"", ""Servinformación S.A"")","=HYPERLINK(""https://vector.lightning.force.com/lightning/r/Account/0014M00001tRnfyQAC/view"", ""Disagro Guatemala"")",Tier 2,"=HYPERLINK(""https://vector.lightning.force.com/lightning/r/Workload__c/aBJKf0000082EyTOAU/view"", ""Disagro - BQ"")",Daniel Cornejo,4.3: Migrated/Implemented,🟢 Ready (31 DRP Profiles),"=HYPERLINK(""https://vector.lightning.force.com/lightning/r/Opportunity/006Kf00000LIR8OIAX/view"", ""Disagro Guatemala - Upsell Bigquery"")",,,Corporate,MCO CORP CCA,Analytics,"Migrate, Modernize, and Build with Data Cloud (Analytics)",Migrate Data Warehouses to BigQuery,2025-11-10,2026-05-31,"$18,000.00",,,
"Jaquelyn Montañez, Fernando Laguna","=HYPERLINK(""https://vector.lightning.force.com/lightning/r/Account/0014M00001h3AyDQAU/view"", ""INFORMACIÓN LOCALIZADA SAS"")","=HYPERLINK(""https://vector.lightning.force.com/lightning/r/Account/0014M00001hXAaKQAW/view"", ""Grupo Inpress"")",Tier 3,"=HYPERLINK(""https://vector.lightning.force.com/lightning/r/Workload__c/aBJKf0000082EtnOAE/view"", ""Grupoinpress. #AWSmigration"")",Suzan Soares,4.3: Migrated/Implemented,🟢 Ready (19 DRP Profiles),"=HYPERLINK(""https://vector.lightning.force.com/lightning/r/Opportunity/006Kf00000M34kcIAB/view"", ""Grupo Inpress - GCP (AWS)"")",,,Brazil,Brazil DN,Migrate Modernize and Build,"Migrate, Modernize and Build",GKE/CloudRun,2025-07-28,2026-02-04,"$60,000.00",,,
"Jaquelyn Montañez, Fernando Laguna","=HYPERLINK(""https://vector.lightning.force.com/lightning/r/Account/0014M00001w6OZ3QAM/view"", ""Servinformacion SA"")","=HYPERLINK(""https://vector.lightning.force.com/lightning/r/Account/0014M00001hf8yJQAQ/view"", ""FARMAENLACE CIA. LTDA."")",Tier 2,"=HYPERLINK(""https://vector.lightning.force.com/lightning/r/Workload__c/aBJKf000006MZldOAG/view"", ""Farmaenlace - Agentspace"")",Oscar Rodriguez,4.3: Migrated/Implemented,🟢 Ready (35 DRP Profiles),"=HYPERLINK(""https://vector.lightning.force.com/lightning/r/Opportunity/006Kf00000LIJIpIAP/view"", ""#M25 - FARMAENLACE CIA. LTDA. - AGENT SPACE 20 Cuentas prueba"")",Partner confirmo licencias activas. Semana del 14 al 18 sync con PE para configuraion de los conectores.,"=HYPERLINK(""https://vector.lightning.force.com/lightning/r/Expert_Request__c/aAuKf000000kN3fKAE/view"", ""ER-394139"")",Corporate,MCO CORP NORTE,Build with AI,"Your Business, Your Models",Agent and Model Platform,2025-10-05,2025-10-24,"$10,800.00",,,
"Jaquelyn Montañez, Fernando Laguna","=HYPERLINK(""https://vector.lightning.force.com/lightning/r/Account/0014M00001w6OZ3QAM/view"", ""Servinformacion SA"")","=HYPERLINK(""https://vector.lightning.force.com/lightning/r/Account/0014M00001hf8yJQAQ/view"", ""FARMAENLACE CIA. LTDA."")",Tier 2,"=HYPERLINK(""https://vector.lightning.force.com/lightning/r/Workload__c/aBJKf000006MZhROAW/view"", ""Farmaenlace -Cloudera BQ"")",Jorge Armando Barrios,3:  Proposal / Negotiation,🟢 Ready (17 DRP Profiles),"=HYPERLINK(""https://vector.lightning.force.com/lightning/r/Opportunity/006Kf00000LFjjeIAD/view"", ""#M25 - FARMAENLACE CIA. LTDA. - BigQuery #Analytics"")","Standby hasta finalizar el proyecto de Maps, retoman conversaciones en agosto.","=HYPERLINK(""https://vector.lightning.force.com/lightning/r/Expert_Request__c/aAuKf000000kMZfKAM/view"", ""ER-392067"")",Corporate,MCO CORP NORTE,Analytics,"Migrate, Modernize, and Build with Data Cloud (Analytics)","Streaming (Dataflow, Pub/Sub, Managed Kafka)",2026-09-30,2026-10-30,"$120,000.00",,,
"Jaquelyn Montañez, Fernando Laguna","=HYPERLINK(""https://vector.lightning.force.com/lightning/r/Account/0014M00001h3AyDQAU/view"", ""INFORMACIÓN LOCALIZADA SAS"")","=HYPERLINK(""https://vector.lightning.force.com/lightning/r/Account/0014M00001hOM0WQAW/view"", ""CONEXRED S A"")",Tier 2,"=HYPERLINK(""https://vector.lightning.force.com/lightning/r/Workload__c/aBJKf000006MZijOAG/view"", ""Puntored: Agent Space"")",Santiago Guerrero,4.3: Migrated/Implemented,🟢 Ready (35 DRP Profiles),"=HYPERLINK(""https://vector.lightning.force.com/lightning/r/Opportunity/006Kf00000KhQhjIAF/view"", ""Puntored: Agent Space"")","Desacoplar sows, intervenir arquitectura y estimaciones	Partner no siguio metodologia de estimación ni calificacion",,Corporate,MCO CORP NORTE,Build with AI,,Not a Solution,2026-04-02,2026-05-11,"$25,000.00",,,
"Jaquelyn Montañez, Fernando Laguna","=HYPERLINK(""https://vector.lightning.force.com/lightning/r/Account/0014M00001h3AyDQAU/view"", ""INFORMACIÓN LOCALIZADA SAS"")","=HYPERLINK(""https://vector.lightning.force.com/lightning/r/Account/001Kf000014SNBZIA4/view"", ""HIL Holding Colombia"")",Tier 2,"=HYPERLINK(""https://vector.lightning.force.com/lightning/r/Workload__c/aBJKf000006MZEPOA4/view"", ""HIL CCAI 6Users"")",Paulina Garcia,4.3: Migrated/Implemented,🟢 Ready (35 DRP Profiles),"=HYPERLINK(""https://vector.lightning.force.com/lightning/r/Opportunity/006Kf00000LHs8NIAT/view"", ""#M25 - HIL - contact center AI"")",,,Corporate,MCO CORP NORTE,Customer Engagement,Gemini Enterprise for Customer Experience (Customer Engagement),CCaaS,2025-06-26,2025-06-27,"$6,272.00",,,
"Jaquelyn Montañez, Fernando Laguna","=HYPERLINK(""https://vector.lightning.force.com/lightning/r/Account/0014M00001h3AyDQAU/view"", ""INFORMACIÓN LOCALIZADA SAS"")","=HYPERLINK(""https://vector.lightning.force.com/lightning/r/Account/0014M00001hSz3eQAC/view"", ""ADSMOVIL S A S"")",Tier 2,"=HYPERLINK(""https://vector.lightning.force.com/lightning/r/Workload__c/aBJKf000006MZ9FOAW/view"", ""AdsMOvil: Flex"")",Paulina Garcia,4.3: Migrated/Implemented,🟢 Ready (35 DRP Profiles),"=HYPERLINK(""https://vector.lightning.force.com/lightning/r/Opportunity/006Kf00000KhM6hIAF/view"", ""Adsmovil: Flex"")",,"=HYPERLINK(""https://vector.lightning.force.com/lightning/r/Expert_Request__c/aAuKf000000kNBoKAM/view"", ""ER-394758"")",Corporate,MCO CORP NORTE,Build with AI,,,2025-08-15,2025-08-15,"$28,000.00",,,
"Jaquelyn Montañez, Fernando Laguna","=HYPERLINK(""https://vector.lightning.force.com/lightning/r/Account/0014M00002GHyqCQAT/view"", ""SERVINFORMACION EL SALVADOR, SOCIEDAD ANONIMA DE CAPITAL VARIABLE"")","=HYPERLINK(""https://vector.lightning.force.com/lightning/r/Account/0014M00001qKErCQAW/view"", ""Ministerio de Agricultura, Ganaderia, Acuacultura y Pesca"")",Tier 1,"=HYPERLINK(""https://vector.lightning.force.com/lightning/r/Workload__c/aBJKf000009t4LBOAY/view"", ""MAG - SISA Migration"")",Adri Messih,4.3: Migrated/Implemented,🟢 Ready (31 DRP Profiles),"=HYPERLINK(""https://vector.lightning.force.com/lightning/r/Opportunity/006Kf00000LHtbQIAT/view"", ""MAG - SISA Data Migration"")",,"=HYPERLINK(""https://vector.lightning.force.com/lightning/r/Expert_Request__c/aAuKf000000tKm5KAE/view"", ""ER-383404"")",PS,MEXICO & PECS PS,Analytics,"Migrate, Modernize, and Build with Data Cloud (Analytics)",Migrate Data Warehouses to BigQuery,2025-06-18,2026-01-19,"$150,000.00",,,
"Jaquelyn Montañez, Fernando Laguna","=HYPERLINK(""https://vector.lightning.force.com/lightning/r/Account/0014M00002GHyyuQAD/view"", ""SERVINFORMACION S.A."")","=HYPERLINK(""https://vector.lightning.force.com/lightning/r/Account/0014M00001hn3P2QAI/view"", ""Grupo Harari"")",Tier 1,"=HYPERLINK(""https://vector.lightning.force.com/lightning/r/Workload__c/aBJKf0000082CmGOAU/view"", ""TAC - Servi - Backup"")",Daniel Cornejo,4.3: Migrated/Implemented,🟢 Ready (35 DRP Profiles),"=HYPERLINK(""https://vector.lightning.force.com/lightning/r/Opportunity/006Kf00000KqxlQIAR/view"", ""TAC Proyecto Consolidado (Backup - x86 - AGAC - AD)"")",,"=HYPERLINK(""https://vector.lightning.force.com/lightning/r/Expert_Request__c/aAuKf0000011J7HKAU/view"", ""ER-424375"")",Corporate,MCO CORP CCA,Migrate Modernize and Build,,Not a Solution,2026-05-25,2026-09-30,"$92,000.00",,,
"Jaquelyn Montañez, Fernando Laguna","=HYPERLINK(""https://vector.lightning.force.com/lightning/r/Account/0014M00002GHyyuQAD/view"", ""SERVINFORMACION S.A."")","=HYPERLINK(""https://vector.lightning.force.com/lightning/r/Account/0014M00001hn3P2QAI/view"", ""Grupo Harari"")",Tier 1,"=HYPERLINK(""https://vector.lightning.force.com/lightning/r/Workload__c/aBJKf0000082CmBOAU/view"", ""TAC - Infra y BD #Q3RevAcc"")",Daniel Cornejo,4.3: Migrated/Implemented,🟢 Ready (35 DRP Profiles),"=HYPERLINK(""https://vector.lightning.force.com/lightning/r/Opportunity/006Kf00000KqxlQIAR/view"", ""TAC Proyecto Consolidado (Backup - x86 - AGAC - AD)"")",,"ER-385491, ER-438314",Corporate,MCO CORP CCA,Migrate Modernize and Build,,Not a Solution,2025-11-24,2026-08-28,"$84,000.00",,,
"Jaquelyn Montañez, Fernando Laguna","=HYPERLINK(""https://vector.lightning.force.com/lightning/r/Account/0014M00001w6OZ3QAM/view"", ""Servinformacion SA"")","=HYPERLINK(""https://vector.lightning.force.com/lightning/r/Account/0014M00001heFQqQAM/view"", ""CORPORACION EL ROSADO S.A."")",Tier 1,"=HYPERLINK(""https://vector.lightning.force.com/lightning/r/Workload__c/aBJKf0000082Ck5OAE/view"", ""Caso de predicción para abrir tiendas (caso Boticario)"")",Rajhut Fernandez,4.3: Migrated/Implemented,🟢 Ready (35 DRP Profiles),,,,MCO,EM (PE/EC),Build with AI,,Not a Solution,2025-08-01,2025-10-06,"$36,000.00",,,
"Jaquelyn Montañez, Fernando Laguna","=HYPERLINK(""https://vector.lightning.force.com/lightning/r/Account/0014M00001h3AyDQAU/view"", ""INFORMACIÓN LOCALIZADA SAS"")","=HYPERLINK(""https://vector.lightning.force.com/lightning/r/Account/0014M00001jvIYmQAM/view"", ""Grupo Pellas"")",Tier 3,"=HYPERLINK(""https://vector.lightning.force.com/lightning/r/Workload__c/aBJKf0000082ClmOAE/view"", ""Nicaragua Sugar - Servi - Chrome Ent"")",Claudia Medina,3:  Proposal / Negotiation,🔴 Capacity Gap (0 DRP Profiles),"=HYPERLINK(""https://vector.lightning.force.com/lightning/r/Opportunity/006Kf00000LHBEkIAP/view"", ""Ingenio San Antonio - Chrome Enterprise #M25"")",,"=HYPERLINK(""https://vector.lightning.force.com/lightning/r/Expert_Request__c/aAuKf000000kUJzKAM/view"", ""ER-425503"")",Corporate,MCO CORP CCA,Security,Security,Security Workload,2026-05-01,2026-10-30,"$25,000.00",,,
"Jaquelyn Montañez, Fernando Laguna","=HYPERLINK(""https://vector.lightning.force.com/lightning/r/Account/0014M00002GHywFQAT/view"", ""INFORMACION LOCALIZADA SAS - Sucursal Panamá"")","=HYPERLINK(""https://vector.lightning.force.com/lightning/r/Account/0014M00001hdzZ4QAI/view"", ""Grupo Calesa"")",Tier 1,"=HYPERLINK(""https://vector.lightning.force.com/lightning/r/Workload__c/aBJKf0000082ClDOAU/view"", ""Calesa - Servi - SCC"")",Claudia Medina,4.3: Migrated/Implemented,🔴 Capacity Gap (0 DRP Profiles),"=HYPERLINK(""https://vector.lightning.force.com/lightning/r/Opportunity/006Kf00000L2NtXIAV/view"", ""#M25 Grupo Calesa - Servi - SCC"")",,,Corporate,MCO CORP CCA,Security,Security,Security Workload,2026-05-12,2026-06-16,"$18,000.00",,,
"Jaquelyn Montañez, Fernando Laguna","=HYPERLINK(""https://vector.lightning.force.com/lightning/r/Account/0014M00001h3AyDQAU/view"", ""INFORMACIÓN LOCALIZADA SAS"")","=HYPERLINK(""https://vector.lightning.force.com/lightning/r/Account/0014M00001tRnfyQAC/view"", ""Disagro Guatemala"")",Tier 2,"=HYPERLINK(""https://vector.lightning.force.com/lightning/r/Workload__c/aBJKf0000082CkyOAE/view"", ""Disagro - Servi - Service Mesh"")",Daniel Cornejo,4.3: Migrated/Implemented,🟢 Ready (31 DRP Profiles),"=HYPERLINK(""https://vector.lightning.force.com/lightning/r/Opportunity/0064M00000bEn96QAC/view"", ""#DISAGRO GUATEMALA #GCP #CONTEINER/KUBERNETES #WINBACK #OUT #MCO"")",,,Corporate,MCO CORP CCA,Analytics,"Migrate, Modernize, and Build with Data Cloud (Analytics)",Migrate Data Warehouses to BigQuery,2026-05-12,2026-06-25,"$12,000.00",,,
"Jaquelyn Montañez, Fernando Laguna","=HYPERLINK(""https://vector.lightning.force.com/lightning/r/Account/0014M00002NSRhUQAX/view"", ""SITINFORMACION"")","=HYPERLINK(""https://vector.lightning.force.com/lightning/r/Account/0014M00001x9IzEQAU/view"", ""Energéticos Internacionales"")",Tier 2,"=HYPERLINK(""https://vector.lightning.force.com/lightning/r/Workload__c/aBJKf000009oTblOAE/view"", ""Red Ambiental#GCP#RGoogleMaps"")",Paul Añez,4.3: Migrated/Implemented,🟢 Ready (35 DRP Profiles),"=HYPERLINK(""https://vector.lightning.force.com/lightning/r/Opportunity/006Kf00000Jed2nIAB/view"", ""Red Ambiental#GCP#RGoogleMaps#APIs #RV"")",,,Corporate,MX CORP,Migrate Modernize and Build,,,2025-05-30,2025-06-13,"$10,000.00",,,
"Jaquelyn Montañez, Fernando Laguna","=HYPERLINK(""https://vector.lightning.force.com/lightning/r/Account/0014M00002GHywFQAT/view"", ""INFORMACION LOCALIZADA SAS - Sucursal Panamá"")","=HYPERLINK(""https://vector.lightning.force.com/lightning/r/Account/0014M000026cX2cQAE/view"", ""Grupo Harari"")",Tier 1,"=HYPERLINK(""https://vector.lightning.force.com/lightning/r/Workload__c/aBJKf0000082ClXOAU/view"", ""TAC - Servi - Redis"")",Daniel Cornejo,4.3: Migrated/Implemented,🔴 Capacity Gap (0 DRP Profiles),"=HYPERLINK(""https://vector.lightning.force.com/lightning/r/Opportunity/006Kf00000KbIvvIAF/view"", ""Grupo Harari - Servi #M25 - Redis"")",,,Corporate,MCO CORP CCA,Migrate and Modernize Databases,"Migrate, Modernize, and Build with Data Cloud (Databases)","Move to Managed Databases (Homogeneous - Cloud SQL, AlloyDB, Firestore)",2025-07-30,2025-09-30,"$6,000.00",,,
"Jaquelyn Montañez, Fernando Laguna","=HYPERLINK(""https://vector.lightning.force.com/lightning/r/Account/0014M00001h3AyDQAU/view"", ""INFORMACIÓN LOCALIZADA SAS"")","=HYPERLINK(""https://vector.lightning.force.com/lightning/r/Account/0014M00001hQA5iQAG/view"", ""TELEFONICA, SA"")",Tier 3,"=HYPERLINK(""https://vector.lightning.force.com/lightning/r/Workload__c/aBJKf000009oTSAOA2/view"", ""Telefonica BR - Fibrasil PoC"")",Yolanda Azcunaga,0-2: Tech Eval/Solution Dev,🟢 Ready (35 DRP Profiles),,,,Iberia,Iberia TMES,,,,,,"$400,000.00",,,
"Jaquelyn Montañez, Fernando Laguna","=HYPERLINK(""https://vector.lightning.force.com/lightning/r/Account/0014M00002GHywFQAT/view"", ""INFORMACION LOCALIZADA SAS - Sucursal Panamá"")","=HYPERLINK(""https://vector.lightning.force.com/lightning/r/Account/0014M000026cX2cQAE/view"", ""Grupo Harari"")",Tier 1,"=HYPERLINK(""https://vector.lightning.force.com/lightning/r/Workload__c/aBJKf0000082CTiOAM/view"", ""TAC - Harari - SmartFinance"")",Daniel Cornejo,4.3: Migrated/Implemented,🟢 Ready (31 DRP Profiles),"=HYPERLINK(""https://vector.lightning.force.com/lightning/r/Opportunity/006Kf00000KZn01IAD/view"", ""Grupo Harari - GCP Datalake, BigQuery, Looker, Vertex #M25"")",,"=HYPERLINK(""https://vector.lightning.force.com/lightning/r/Expert_Request__c/aAuKf000000kSl3KAE/view"", ""ER-419072"")",Corporate,MCO CORP CCA,Analytics,"Migrate, Modernize, and Build with Data Cloud (Analytics)",Migrate Data Warehouses to BigQuery,2025-08-18,2025-09-05,"$100,000.00",,,
"Jaquelyn Montañez, Fernando Laguna","=HYPERLINK(""https://vector.lightning.force.com/lightning/r/Account/0014M00001w6OZ3QAM/view"", ""Servinformacion SA"")","=HYPERLINK(""https://vector.lightning.force.com/lightning/r/Account/0014M00001yeft8QAA/view"", ""Industrial Pesquera Santa Priscila S.A."")",Tier 2,"=HYPERLINK(""https://vector.lightning.force.com/lightning/r/Workload__c/aBJKf000006MXncOAG/view"", ""Agentspace - Santa Priscila"")",Oscar Rodriguez,4.3: Migrated/Implemented,🟢 Ready (35 DRP Profiles),"=HYPERLINK(""https://vector.lightning.force.com/lightning/r/Opportunity/006Kf00000KcCFsIAN/view"", ""#M25 - Industrial Pesquera Santa Priscila S.A. - #AgentSpace"")",,,Corporate,MCO CORP NORTE,Customer Engagement,Gemini Enterprise for Customer Experience (Customer Engagement),Customer Experience Agent Studio,2025-06-10,2025-06-30,$225.00,,,
"Jaquelyn Montañez, Fernando Laguna","=HYPERLINK(""https://vector.lightning.force.com/lightning/r/Account/0014M00001h3AyDQAU/view"", ""INFORMACIÓN LOCALIZADA SAS"")","=HYPERLINK(""https://vector.lightning.force.com/lightning/r/Account/001Kf000014SNBZIA4/view"", ""HIL Holding Colombia"")",Tier 2,"=HYPERLINK(""https://vector.lightning.force.com/lightning/r/Workload__c/aBJKf000006MXdhOAG/view"", ""HIL: Geo SaaS"")",Paulina Garcia,4.3: Migrated/Implemented,🟢 Ready (19 DRP Profiles),"=HYPERLINK(""https://vector.lightning.force.com/lightning/r/Opportunity/006Kf00000Kh67HIAR/view"", ""HIL: Commit Flex #M25"")",,"=HYPERLINK(""https://vector.lightning.force.com/lightning/r/Expert_Request__c/aAuKf000000kLQNKA2/view"", ""ER-386423"")",Corporate,MCO CORP NORTE,Migrate Modernize and Build,"Migrate, Modernize and Build",GKE/CloudRun,2025-07-17,2025-08-05,"$180,000.00",,,
"Jaquelyn Montañez, Fernando Laguna","=HYPERLINK(""https://vector.lightning.force.com/lightning/r/Account/0014M00001h3AyDQAU/view"", ""INFORMACIÓN LOCALIZADA SAS"")","=HYPERLINK(""https://vector.lightning.force.com/lightning/r/Account/001Kf000014SNBZIA4/view"", ""HIL Holding Colombia"")",Tier 2,"=HYPERLINK(""https://vector.lightning.force.com/lightning/r/Workload__c/aBJKf000006MXdmOAG/view"", ""HIL: Small B2B #Q3CloseAcc"")",Paulina Garcia,4.3: Migrated/Implemented,🟢 Ready (35 DRP Profiles),"=HYPERLINK(""https://vector.lightning.force.com/lightning/r/Opportunity/006Kf00000Kh67HIAR/view"", ""HIL: Commit Flex #M25"")",,,Corporate,MCO CORP NORTE,Migrate Modernize and Build,,,2025-10-17,2025-11-28,"$150,000.00",,,
"Jaquelyn Montañez, Fernando Laguna","=HYPERLINK(""https://vector.lightning.force.com/lightning/r/Account/0014M00001h3AyDQAU/view"", ""INFORMACIÓN LOCALIZADA SAS"")","=HYPERLINK(""https://vector.lightning.force.com/lightning/r/Account/0014M00001hiRHLQA2/view"", ""COORDINADORA MERCANTIL S A"")",Tier 1,"=HYPERLINK(""https://vector.lightning.force.com/lightning/r/Workload__c/aBJKf000009oRgZOAU/view"", ""PD Coordinadora Backup DR 35K iACV"")",Pedro Diaz Moreno,4.3: Migrated/Implemented,🟢 Ready (35 DRP Profiles),"=HYPERLINK(""https://vector.lightning.force.com/lightning/r/Opportunity/006Kf00000J94fKIAR/view"", ""PD Coordinadora Backup DR 35K iACV"")",,,MCO,Colombia,Migrate Modernize and Build,,,2025-10-17,2025-11-27,"$35,000.00",,,
"Jaquelyn Montañez, Fernando Laguna","=HYPERLINK(""https://vector.lightning.force.com/lightning/r/Account/0014M00001h3AyDQAU/view"", ""INFORMACIÓN LOCALIZADA SAS"")","=HYPERLINK(""https://vector.lightning.force.com/lightning/r/Account/001Kf000014SNBZIA4/view"", ""HIL Holding Colombia"")",Tier 2,"=HYPERLINK(""https://vector.lightning.force.com/lightning/r/Workload__c/aBJKf000006MXdiOAG/view"", ""HIL: WAF"")",Paulina Garcia,4.3: Migrated/Implemented,🟢 Ready (31 DRP Profiles),"=HYPERLINK(""https://vector.lightning.force.com/lightning/r/Opportunity/006Kf00000Kh67HIAR/view"", ""HIL: Commit Flex #M25"")",,"=HYPERLINK(""https://vector.lightning.force.com/lightning/r/Expert_Request__c/aAuKf000000kMfsKAE/view"", ""ER-392487"")",Corporate,MCO CORP NORTE,Analytics,,,2025-05-23,2025-06-20,"$20,000.00",,,
"Jaquelyn Montañez, Fernando Laguna","=HYPERLINK(""https://vector.lightning.force.com/lightning/r/Account/0014M00001h3AyDQAU/view"", ""INFORMACIÓN LOCALIZADA SAS"")","=HYPERLINK(""https://vector.lightning.force.com/lightning/r/Account/0014M00001hdOHuQAM/view"", ""Universidad Nacional de Colombia"")",Tier 1,"=HYPERLINK(""https://vector.lightning.force.com/lightning/r/Workload__c/aBJKf000009t1ZyOAI/view"", ""Universidad Nacional de Colombia #Storage"")",Lauro Garcia,3:  Proposal / Negotiation,🟢 Ready (35 DRP Profiles),"=HYPERLINK(""https://vector.lightning.force.com/lightning/r/Opportunity/006Kf00000KZFdPIAX/view"", ""UNIVERSIDAD NACIONAL DE COLOMBIA #Storage #Google Cloud Platform"")",Reunión con Partner,,PS,EDU PS,Storage,Cross Sales Play Solutions (Storage),Storage,2026-12-07,2026-12-11,"$100,000.00",,,
"Jaquelyn Montañez, Fernando Laguna","=HYPERLINK(""https://vector.lightning.force.com/lightning/r/Account/0014M00002TEROiQAP/view"", ""Servinformación S.A"")","=HYPERLINK(""https://vector.lightning.force.com/lightning/r/Account/0014M00001h3YBnQAM/view"", ""Corporacion Multi Inversiones S.A"")",Tier 1,"=HYPERLINK(""https://vector.lightning.force.com/lightning/r/Workload__c/aBJKf000009t1FROAY/view"", ""CMI - GE Crecimiento 300 Seats - Q3FY26"")",Daniel Cornejo,3:  Proposal / Negotiation,🟢 Ready (3 DRP Profiles),"=HYPERLINK(""https://vector.lightning.force.com/lightning/r/Opportunity/006Kf00000KZE59IAH/view"", ""CMI - GE Crecimiento - 800Seats Q3FY26"")",Se esta teniendo sesiones con el cliente office hour semanales para poder buscar un commit y este workload forma parte del mismo,"ER-427729, ER-478840",Corporate,MCO CORP CCA,Build with AI,Lead the Agentic Workplace Transformation (Gemini Enterprise),Gemini Enterprise,2026-09-30,2026-12-31,"$200,000.00",,,
"Jaquelyn Montañez, Fernando Laguna","=HYPERLINK(""https://vector.lightning.force.com/lightning/r/Account/0014M00001h34A7QAI/view"", ""INFORMACION LOCALIZADA S.A.S. - SUCURSAL DEL PERU"")","=HYPERLINK(""https://vector.lightning.force.com/lightning/r/Account/0014M00001hWVTFQA4/view"", ""Pesquera Hayduk S.A."")",Tier 2,"=HYPERLINK(""https://vector.lightning.force.com/lightning/r/Workload__c/aBJKf000009oR6HOAU/view"", ""Migración a GCP - Mesa 247"")",Leticia Cerqueira Maciel,4.3: Migrated/Implemented,🟢 Ready (19 DRP Profiles),"=HYPERLINK(""https://vector.lightning.force.com/lightning/r/Opportunity/006Kf00000KcC09IAF/view"", ""Mesa 247 - Migración a GCP #GCVE"")","05/05 Follow up con CE Jaquelyn Bustamante, aprobado y autorizado mover workload a stage 4.2, el cliente empezó a rampear. Next Steps: mover workload a stage 4.2","=HYPERLINK(""https://vector.lightning.force.com/lightning/r/Expert_Request__c/aAuKf000000HD22KAG/view"", ""ER-391189"")",Corporate,MCO CORP CCA,Migrate Modernize and Build,"Migrate, Modernize and Build",GKE/CloudRun,2025-04-14,2025-07-15,"$60,000.00",,,
"Jaquelyn Montañez, Fernando Laguna","=HYPERLINK(""https://vector.lightning.force.com/lightning/r/Account/0014M0000277PE9QAM/view"", ""SERVIBRASIL SOLUCOES EM TECNOLOGIA DA INFORMACAO LTDA."")","=HYPERLINK(""https://vector.lightning.force.com/lightning/r/Account/0014M00002QV5YeQAL/view"", ""Faculdade de Medicina de Ribeirão Preto"")",Tier 1,"=HYPERLINK(""https://vector.lightning.force.com/lightning/r/Workload__c/aBJKf000009oPf5OAE/view"", ""Faculdade de Medicina de Ribeirão Preto - BigQuery ML"")",Marina Murad,4.3: Migrated/Implemented,🟢 Ready (35 DRP Profiles),"=HYPERLINK(""https://vector.lightning.force.com/lightning/r/Opportunity/006Kf00000KZEV2IAP/view"", ""#M25 Faculdade de Medicina de Ribeirão Preto - GCP #PSM-Led"")",,,PS,Streamline PS,Migrate Modernize and Build,,,2025-09-22,2025-10-06,$300.00,,,
"Jaquelyn Montañez, Fernando Laguna","=HYPERLINK(""https://vector.lightning.force.com/lightning/r/Account/0014M00001h34A7QAI/view"", ""INFORMACION LOCALIZADA S.A.S. - SUCURSAL DEL PERU"")","=HYPERLINK(""https://vector.lightning.force.com/lightning/r/Account/0014M00001hdpczQAA/view"", ""CLINICA INTERNACIONAL"")",Tier 1,"=HYPERLINK(""https://vector.lightning.force.com/lightning/r/Workload__c/aBJKf000009oPE4OAM/view"", ""Clinica Internacional -#Q3CloseAcc"")",Cesar Antonio Murrieta,4.3: Migrated/Implemented,🟢 Ready (35 DRP Profiles),"=HYPERLINK(""https://vector.lightning.force.com/lightning/r/Opportunity/006Kf00000MhSIGIA3/view"", ""[CES AI] CLINICA INTERNACIONAL - #CA & #CI - Data & Analytics Integration"")",[30/10/2025][LL] Follow-up about executive demonstrations made last Tuesday (28/10),"=HYPERLINK(""https://vector.lightning.force.com/lightning/r/Expert_Request__c/aAuKf000000tdd2KAA/view"", ""ER-426158"")",MCO,EM (PE/EC),Build with AI,"Your Business, Your Models",Agent and Model Platform,2025-07-31,2025-11-10,"$156,000.00",,,
"Jaquelyn Montañez, Fernando Laguna","=HYPERLINK(""https://vector.lightning.force.com/lightning/r/Account/0014M00002NSRhUQAX/view"", ""SITINFORMACION"")","=HYPERLINK(""https://vector.lightning.force.com/lightning/r/Account/0014M00001hXuNGQA0/view"", ""Grupo Empresarial Angeles, S.A. de C.V."")",Tier 1,"=HYPERLINK(""https://vector.lightning.force.com/lightning/r/Workload__c/aBJKf000000GpsWOAS/view"", ""GEA 2025 #DAFAST"")",Daniela Oseguera,4.3: Migrated/Implemented,🟢 Ready (31 DRP Profiles),"=HYPERLINK(""https://vector.lightning.force.com/lightning/r/Opportunity/006Kf00000JBpSrIAL/view"", ""Grupo Empresarial Angeles, S.A. de C.V. / $0 TCV / 1 YR"")",,,Mexico,MX Multi-industry & Monterrey,Analytics,"Migrate, Modernize, and Build with Data Cloud (Analytics)",Migrate Data Warehouses to BigQuery,2025-08-11,2026-02-06,"$127,000.00",,,
"Jaquelyn Montañez, Fernando Laguna","=HYPERLINK(""https://vector.lightning.force.com/lightning/r/Account/0014M00001h3AyDQAU/view"", ""INFORMACIÓN LOCALIZADA SAS"")","=HYPERLINK(""https://vector.lightning.force.com/lightning/r/Account/0014M00001tRnfyQAC/view"", ""Disagro Guatemala"")",Tier 2,"=HYPERLINK(""https://vector.lightning.force.com/lightning/r/Workload__c/aBJKf00000829XwOAI/view"", ""IPS Disagro - Servi"")",Daniel Cornejo,4.3: Migrated/Implemented,🔴 Capacity Gap (0 DRP Profiles),"=HYPERLINK(""https://vector.lightning.force.com/lightning/r/Opportunity/006Kf00000JNhrcIAD/view"", ""Disagro Guatemala - proyecto nuevo AgriTec"")",,,Corporate,MCO CORP CCA,Security,Security,Security Workload,2025-01-15,2025-01-15,"$20,000.00",,,
"Jaquelyn Montañez, Fernando Laguna","=HYPERLINK(""https://vector.lightning.force.com/lightning/r/Account/0014M00001h3AyDQAU/view"", ""INFORMACIÓN LOCALIZADA SAS"")","=HYPERLINK(""https://vector.lightning.force.com/lightning/r/Account/0014M00001hSz3XQAS/view"", ""SKG TECNOLOGIA S A S"")",Tier 1,"=HYPERLINK(""https://vector.lightning.force.com/lightning/r/Workload__c/aBJKf000009suKfOAI/view"", ""GEE_ SKG"")",Juanita Perico Londoño,4.3: Migrated/Implemented,🟢 Ready (31 DRP Profiles),"=HYPERLINK(""https://vector.lightning.force.com/lightning/r/Opportunity/006Kf00000JOHIcIAP/view"", ""SKG TECNOLOGIA S A S - Licencias GEE Profesional - Google Cloud Platform"")",,,PS,Streamline PS,Analytics,,,2025-02-24,2025-02-26,"$22,800.00",,,
"Jaquelyn Montañez, Fernando Laguna","=HYPERLINK(""https://vector.lightning.force.com/lightning/r/Account/0014M00001w6OZ3QAM/view"", ""Servinformacion SA"")","=HYPERLINK(""https://vector.lightning.force.com/lightning/r/Account/0014M00001zAGWUQA4/view"", ""Reybanpac, Rey Banano del Pacifico, C.L."")",Tier 2,"=HYPERLINK(""https://vector.lightning.force.com/lightning/r/Workload__c/aBJKf000006MU1kOAG/view"", ""Data AI-Idustria"")",Ernesto Sánchez,4.3: Migrated/Implemented,🟢 Ready (31 DRP Profiles),"=HYPERLINK(""https://vector.lightning.force.com/lightning/r/Opportunity/006Kf00000JC0A8IAL/view"", ""Data AI-Idustria-Reybanpac#ec"")",,,Corporate,MCO CORP NORTE,Analytics,"Migrate, Modernize, and Build with Data Cloud (Analytics)",Migrate Data Warehouses to BigQuery,2024-06-26,2025-03-30,"$60,000.00",,,
"Jaquelyn Montañez, Fernando Laguna","=HYPERLINK(""https://vector.lightning.force.com/lightning/r/Account/0014M00001h3AyDQAU/view"", ""INFORMACIÓN LOCALIZADA SAS"")","=HYPERLINK(""https://vector.lightning.force.com/lightning/r/Account/0014M00001hSz3eQAC/view"", ""ADSMOVIL S A S"")",Tier 2,"=HYPERLINK(""https://vector.lightning.force.com/lightning/r/Workload__c/aBJKf000006MTiEOAW/view"", ""AdsMovil: Agent Space"")",Paulina Garcia,4.3: Migrated/Implemented,🟢 Ready (35 DRP Profiles),"=HYPERLINK(""https://vector.lightning.force.com/lightning/r/Opportunity/006Kf00000KhbbiIAB/view"", ""AdsMovil: Agent Space 100 Seats"")",,"=HYPERLINK(""https://vector.lightning.force.com/lightning/r/Expert_Request__c/aAuKf000000kClRKAU/view"", ""ER-348736"")",Corporate,MCO CORP NORTE,Customer Engagement,Gemini Enterprise for Customer Experience (Customer Engagement),Customer Experience Agent Studio,2025-07-31,2025-08-05,"$28,000.00",,,
"Jaquelyn Montañez, Fernando Laguna","=HYPERLINK(""https://vector.lightning.force.com/lightning/r/Account/0014M00002GHyqCQAT/view"", ""SERVINFORMACION EL SALVADOR, SOCIEDAD ANONIMA DE CAPITAL VARIABLE"")","=HYPERLINK(""https://vector.lightning.force.com/lightning/r/Account/0014M00002C0AY6QAN/view"", ""N1CO"")",Tier 1,"=HYPERLINK(""https://vector.lightning.force.com/lightning/r/Workload__c/aBJKf000006A99mOAC/view"", ""N1co - Migracion Azure WL"")",Daniel Araya,4.3: Migrated/Implemented,🟢 Ready (19 DRP Profiles),"=HYPERLINK(""https://vector.lightning.force.com/lightning/r/Opportunity/006Kf00000JBzDtIAL/view"", ""N1co - Migracion Azure WL"")",,,Corporate,MCO CORP CCA,Migrate Modernize and Build,"Migrate, Modernize and Build",GKE/CloudRun,2025-04-01,2025-05-30,"$120,000.00",,,
"Jaquelyn Montañez, Fernando Laguna","=HYPERLINK(""https://vector.lightning.force.com/lightning/r/Account/0014M00001h3AyDQAU/view"", ""INFORMACIÓN LOCALIZADA SAS"")","=HYPERLINK(""https://vector.lightning.force.com/lightning/r/Account/001Kf00000wk44uIAA/view"", ""Alcaldía de Santiago de Cali - Secretaria de Desarrollo e Innovación"")",Tier 1,"=HYPERLINK(""https://vector.lightning.force.com/lightning/r/Workload__c/aBJKf000006MTDLOA4/view"", ""(Alcaldia de Cali) - 2025 Mar - Milestone Credit ($455)"")",Diana Prieto,4.3: Migrated/Implemented,🟢 Ready (35 DRP Profiles),"=HYPERLINK(""https://vector.lightning.force.com/lightning/r/Opportunity/006Kf00000JGWkgIAH/view"", ""Sec Desarrollo Alcaldia de Cali - GCVE"")",,,PS,MCO PS,Migrate Modernize and Build,,,2025-03-01,2025-03-01,"$5,468,760.00",,,
"Jaquelyn Montañez, Fernando Laguna","=HYPERLINK(""https://vector.lightning.force.com/lightning/r/Account/0014M00002TEROiQAP/view"", ""Servinformación S.A"")","=HYPERLINK(""https://vector.lightning.force.com/lightning/r/Account/0014M00001hbLRgQAM/view"", ""Coca Cola Femsa, S.A.B. de C.V."")",Tier 1,"=HYPERLINK(""https://vector.lightning.force.com/lightning/r/Workload__c/aBJKf000006A8ilOAC/view"", ""KOF - Google Maps Routes Opt"")",Eyleen Vasquez,4.3: Migrated/Implemented,🟢 Ready (35 DRP Profiles),,,,Mexico,MX Multi-industry & Monterrey,Storage,,Not a Solution,2025-02-28,2025-03-13,"$751,000.00",,,
"Jaquelyn Montañez, Fernando Laguna","=HYPERLINK(""https://vector.lightning.force.com/lightning/r/Account/0014M00001h3AyDQAU/view"", ""INFORMACIÓN LOCALIZADA SAS"")","=HYPERLINK(""https://vector.lightning.force.com/lightning/r/Account/0014M00001hJUwtQAG/view"", ""AGENCIA NACIONAL DEL ESPECTRO"")",Tier 1,"=HYPERLINK(""https://vector.lightning.force.com/lightning/r/Workload__c/aBJKf000009srywOAA/view"", ""WL Ane"")",Diego Orozco,4.3: Migrated/Implemented,🔴 Capacity Gap (0 DRP Profiles),"=HYPERLINK(""https://vector.lightning.force.com/lightning/r/Opportunity/006Kf00000JOqbrIAD/view"", ""WL ANE"")",,,PS,MCO PS,Migrate Modernize and Build,"Migrate, Modernize and Build",Mainframe,2025-10-20,2025-11-05,"$500,000.00",,,
"Jaquelyn Montañez, Fernando Laguna","=HYPERLINK(""https://vector.lightning.force.com/lightning/r/Account/0014M0000277PE9QAM/view"", ""SERVIBRASIL SOLUCOES EM TECNOLOGIA DA INFORMACAO LTDA."")","=HYPERLINK(""https://vector.lightning.force.com/lightning/r/Account/0014M00001hq61KQAQ/view"", ""Reachr Solucoes Inovadoras Em Rh Ltda"")",Tier 3,"=HYPERLINK(""https://vector.lightning.force.com/lightning/r/Workload__c/aBJKf000006MT3QOAW/view"", ""Reachr - Azure to GCP"")",Richard Bucalem,4.3: Migrated/Implemented,🟢 Ready (35 DRP Profiles),"=HYPERLINK(""https://vector.lightning.force.com/lightning/r/Opportunity/006Kf00000JOhP5IAL/view"", ""Reachr Solucoes Inovadoras Em Rh Ltda - Google Cloud Platform"")",PSF submitted,,Brazil,Brazil DN,Migrate Modernize and Build,,,2025-08-27,2025-10-31,"$68,774.52",,,
