Partner Name,Pillar,Solution (Sales Play),Product,Tier 1 Profiles Count,Tier 2 Profiles Count,Total Tier 1 & 2 Profiles,Capacity Status (DRP vs Workloads)
Admazing Cloud,Application Modernization,"Migrate, Modernize and Build",Apigee API Management,,,,⚪ No Active Demand
Admazing Cloud,Application Modernization,"Migrate, Modernize and Build",Cloud Run,,1,1,🟢 Ready (1 profiles)
Admazing Cloud,Application Modernization,"Migrate, Modernize and Build",Google Kubernetes Engine,1,,1,🟢 Ready (1 profiles)
Admazing Cloud,Artificial Intelligence,Agentic Workplace Transformation,Gemini Enterprise,,,,🔴 Gap (0 DRP / 2 wkls)
Admazing Cloud,Artificial Intelligence,Gemini Enterprise for Customer Experience,GECX - Agent Assist,,,,⚪ No Active Demand
Admazing Cloud,Artificial Intelligence,Gemini Enterprise for Customer Experience,GECX - CCaaS,,,,⚪ No Active Demand
Admazing Cloud,Artificial Intelligence,Gemini Enterprise for Customer Experience,GECX - CX Agent Studio,,,,⚪ No Active Demand
Admazing Cloud,Artificial Intelligence,Gemini Enterprise for Customer Experience,GECX - CX Insights,,,,⚪ No Active Demand
Admazing Cloud,Artificial Intelligence,Gemini Enterprise for Customer Experience,Gemini Enterprise Agent Platform,,,,🔴 Gap (0 DRP / 3 wkls)
Admazing Cloud,Artificial Intelligence,Leverage Generative Media in your Business,Gemini Enterprise Agent Platform,,,,⚪ No Active Demand
Admazing Cloud,Artificial Intelligence,Scale AI Apps and Agents,AI Applications,,,,⚪ No Active Demand
Admazing Cloud,Artificial Intelligence,Scale AI Apps and Agents,Gemini Enterprise Agent Platform,,,,🔴 Gap (0 DRP / 2 wkls)
Admazing Cloud,Artificial Intelligence,Your Business. Your Models.,Gemini Enterprise Agent Platform,,,,⚪ No Active Demand
Admazing Cloud,Data & Analytics,"Migrate, Modernize, and Build with Data Cloud",BigQuery,,1,1,🟢 Ready (1 profiles)
Admazing Cloud,Data & Analytics,"Migrate, Modernize, and Build with Data Cloud",Dataflow,,1,1,🟢 Ready (1 profiles)
Admazing Cloud,Data & Analytics,The AI Ready Data Cloud,BigQuery,,1,1,🟡 Constrained (1 DRP / 3 wkls)
Admazing Cloud,Data & Analytics,The AI Ready Data Cloud,Dataflow,,1,1,🟢 Ready (1 profiles)
Admazing Cloud,Data & Analytics,The AI Ready Data Cloud,Dataproc,,,,⚪ No Active Demand
Admazing Cloud,Data & Analytics,The AI Ready Data Cloud,Looker,,,,⚪ No Active Demand
Admazing Cloud,Databases,"Migrate, Modernize, and Build with Data Cloud",AlloyDB for PostgreSQL,,,,⚪ No Active Demand
Admazing Cloud,Databases,"Migrate, Modernize, and Build with Data Cloud",Cloud SQL,,,,⚪ No Active Demand
Admazing Cloud,Databases,"Migrate, Modernize, and Build with Data Cloud",Spanner,,,,⚪ No Active Demand
Admazing Cloud,Databases,The AI Ready Data Cloud,AlloyDB for PostgreSQL,,,,⚪ No Active Demand
Admazing Cloud,Databases,The AI Ready Data Cloud,Cloud SQL,,,,🔴 Gap (0 DRP / 4 wkls)
Admazing Cloud,Databases,The AI Ready Data Cloud,Spanner,,,,⚪ No Active Demand
Admazing Cloud,Infrastructure Modernization,Enterprise Platform of Choice: Oracle,Oracle,,,,⚪ No Active Demand
Admazing Cloud,Infrastructure Modernization,Enterprise Platform of Choice: SAP,SAP on Google Cloud,,,,⚪ No Active Demand
Admazing Cloud,Infrastructure Modernization,Enterprise Platform of Choice: VMware,Google Cloud VMware Engine,,,,⚪ No Active Demand
Admazing Cloud,Infrastructure Modernization,"Migrate, Modernize and Build",Google Cloud Networking,1,,1,🟢 Ready (1 profiles)
Admazing Cloud,Infrastructure Modernization,"Migrate, Modernize and Build",Google Compute Engine,1,1,2,🟢 Ready (2 profiles)
Admazing Cloud,Infrastructure Modernization,Sovereignty,Google Distributed Cloud,,,,⚪ No Active Demand
Admazing Cloud,Security,Agentic Defense with Google Security,Google Threat Intelligence,,,,⚪ No Active Demand
Admazing Cloud,Security,Agentic Defense with Google Security,Security Command Center,1,,1,🟢 Ready (1 profiles)
Admazing Cloud,Security,Agentic Defense with Google Security,Security Operations,,,,⚪ No Active Demand
Admazing Cloud,Security,Secure Innovation with Google Cloud,Cloud Security,1,,1,🟢 Ready (1 profiles)
Admazing Cloud,Workspace,Agentic Workplace Transformation,Workspace,,,,⚪ No Active Demand
Algeiba Business Solutions,Application Modernization,"Migrate, Modernize and Build",Apigee API Management,,1,1,🟢 Ready (1 profiles)
Algeiba Business Solutions,Application Modernization,"Migrate, Modernize and Build",Cloud Run,,,,⚪ No Active Demand
Algeiba Business Solutions,Application Modernization,"Migrate, Modernize and Build",Google Kubernetes Engine,,,,🔴 Gap (0 DRP / 5 wkls)
Algeiba Business Solutions,Artificial Intelligence,Agentic Workplace Transformation,Gemini Enterprise,1,,1,🟡 Constrained (1 DRP / 2 wkls)
Algeiba Business Solutions,Artificial Intelligence,Gemini Enterprise for Customer Experience,GECX - Agent Assist,,,,⚪ No Active Demand
Algeiba Business Solutions,Artificial Intelligence,Gemini Enterprise for Customer Experience,GECX - CCaaS,,,,⚪ No Active Demand
Algeiba Business Solutions,Artificial Intelligence,Gemini Enterprise for Customer Experience,GECX - CX Agent Studio,,,,⚪ No Active Demand
Algeiba Business Solutions,Artificial Intelligence,Gemini Enterprise for Customer Experience,GECX - CX Insights,,,,⚪ No Active Demand
Algeiba Business Solutions,Artificial Intelligence,Gemini Enterprise for Customer Experience,Gemini Enterprise Agent Platform,,,,🔴 Gap (0 DRP / 1 wkls)
Algeiba Business Solutions,Artificial Intelligence,Leverage Generative Media in your Business,Gemini Enterprise Agent Platform,,,,⚪ No Active Demand
Algeiba Business Solutions,Artificial Intelligence,Scale AI Apps and Agents,AI Applications,,,,⚪ No Active Demand
Algeiba Business Solutions,Artificial Intelligence,Scale AI Apps and Agents,Gemini Enterprise Agent Platform,,,,🔴 Gap (0 DRP / 7 wkls)
Algeiba Business Solutions,Artificial Intelligence,Your Business. Your Models.,Gemini Enterprise Agent Platform,,,,🔴 Gap (0 DRP / 1 wkls)
Algeiba Business Solutions,Data & Analytics,"Migrate, Modernize, and Build with Data Cloud",BigQuery,,,,⚪ No Active Demand
Algeiba Business Solutions,Data & Analytics,"Migrate, Modernize, and Build with Data Cloud",Dataflow,,,,⚪ No Active Demand
Algeiba Business Solutions,Data & Analytics,The AI Ready Data Cloud,BigQuery,,,,⚪ No Active Demand
Algeiba Business Solutions,Data & Analytics,The AI Ready Data Cloud,Dataflow,,,,⚪ No Active Demand
Algeiba Business Solutions,Data & Analytics,The AI Ready Data Cloud,Dataproc,,,,⚪ No Active Demand
Algeiba Business Solutions,Data & Analytics,The AI Ready Data Cloud,Looker,,,,⚪ No Active Demand
Algeiba Business Solutions,Databases,"Migrate, Modernize, and Build with Data Cloud",AlloyDB for PostgreSQL,,,,⚪ No Active Demand
Algeiba Business Solutions,Databases,"Migrate, Modernize, and Build with Data Cloud",Cloud SQL,,,,⚪ No Active Demand
Algeiba Business Solutions,Databases,"Migrate, Modernize, and Build with Data Cloud",Spanner,,,,⚪ No Active Demand
Algeiba Business Solutions,Databases,The AI Ready Data Cloud,AlloyDB for PostgreSQL,,,,⚪ No Active Demand
Algeiba Business Solutions,Databases,The AI Ready Data Cloud,Cloud SQL,,,,🔴 Gap (0 DRP / 1 wkls)
Algeiba Business Solutions,Databases,The AI Ready Data Cloud,Spanner,,,,⚪ No Active Demand
Algeiba Business Solutions,Infrastructure Modernization,Enterprise Platform of Choice: Oracle,Oracle,,,,⚪ No Active Demand
Algeiba Business Solutions,Infrastructure Modernization,Enterprise Platform of Choice: SAP,SAP on Google Cloud,,,,⚪ No Active Demand
Algeiba Business Solutions,Infrastructure Modernization,Enterprise Platform of Choice: VMware,Google Cloud VMware Engine,,1,1,🟢 Ready (1 profiles)
Algeiba Business Solutions,Infrastructure Modernization,"Migrate, Modernize and Build",Google Cloud Networking,2,1,3,🟢 Ready (3 profiles)
Algeiba Business Solutions,Infrastructure Modernization,"Migrate, Modernize and Build",Google Compute Engine,5,,5,🟢 Ready (5 profiles)
Algeiba Business Solutions,Infrastructure Modernization,Sovereignty,Google Distributed Cloud,,,,⚪ No Active Demand
Algeiba Business Solutions,Security,Agentic Defense with Google Security,Google Threat Intelligence,,,,⚪ No Active Demand
Algeiba Business Solutions,Security,Agentic Defense with Google Security,Security Command Center,1,,1,🟢 Ready (1 profiles)
Algeiba Business Solutions,Security,Agentic Defense with Google Security,Security Operations,,,,⚪ No Active Demand
Algeiba Business Solutions,Security,Secure Innovation with Google Cloud,Cloud Security,1,,1,🟢 Ready (1 profiles)
Algeiba Business Solutions,Workspace,Agentic Workplace Transformation,Workspace,,1,1,🟢 Ready (1 profiles)
BFS Ingeniería Aplicada,Application Modernization,"Migrate, Modernize and Build",Apigee API Management,,,,⚪ No Active Demand
BFS Ingeniería Aplicada,Application Modernization,"Migrate, Modernize and Build",Cloud Run,,,,⚪ No Active Demand
BFS Ingeniería Aplicada,Application Modernization,"Migrate, Modernize and Build",Google Kubernetes Engine,,,,⚪ No Active Demand
BFS Ingeniería Aplicada,Artificial Intelligence,Agentic Workplace Transformation,Gemini Enterprise,,,,⚪ No Active Demand
BFS Ingeniería Aplicada,Artificial Intelligence,Gemini Enterprise for Customer Experience,GECX - Agent Assist,,,,⚪ No Active Demand
BFS Ingeniería Aplicada,Artificial Intelligence,Gemini Enterprise for Customer Experience,GECX - CCaaS,,,,⚪ No Active Demand
BFS Ingeniería Aplicada,Artificial Intelligence,Gemini Enterprise for Customer Experience,GECX - CX Agent Studio,,,,⚪ No Active Demand
BFS Ingeniería Aplicada,Artificial Intelligence,Gemini Enterprise for Customer Experience,GECX - CX Insights,,,,⚪ No Active Demand
BFS Ingeniería Aplicada,Artificial Intelligence,Gemini Enterprise for Customer Experience,Gemini Enterprise Agent Platform,,,,⚪ No Active Demand
BFS Ingeniería Aplicada,Artificial Intelligence,Leverage Generative Media in your Business,Gemini Enterprise Agent Platform,,,,⚪ No Active Demand
BFS Ingeniería Aplicada,Artificial Intelligence,Scale AI Apps and Agents,AI Applications,,,,⚪ No Active Demand
BFS Ingeniería Aplicada,Artificial Intelligence,Scale AI Apps and Agents,Gemini Enterprise Agent Platform,,,,🔴 Gap (0 DRP / 1 wkls)
BFS Ingeniería Aplicada,Artificial Intelligence,Your Business. Your Models.,Gemini Enterprise Agent Platform,,,,⚪ No Active Demand
BFS Ingeniería Aplicada,Data & Analytics,"Migrate, Modernize, and Build with Data Cloud",BigQuery,,,,⚪ No Active Demand
BFS Ingeniería Aplicada,Data & Analytics,"Migrate, Modernize, and Build with Data Cloud",Dataflow,,,,⚪ No Active Demand
BFS Ingeniería Aplicada,Data & Analytics,The AI Ready Data Cloud,BigQuery,,,,⚪ No Active Demand
BFS Ingeniería Aplicada,Data & Analytics,The AI Ready Data Cloud,Dataflow,,,,⚪ No Active Demand
BFS Ingeniería Aplicada,Data & Analytics,The AI Ready Data Cloud,Dataproc,,,,⚪ No Active Demand
BFS Ingeniería Aplicada,Data & Analytics,The AI Ready Data Cloud,Looker,,,,⚪ No Active Demand
BFS Ingeniería Aplicada,Databases,"Migrate, Modernize, and Build with Data Cloud",AlloyDB for PostgreSQL,,,,⚪ No Active Demand
BFS Ingeniería Aplicada,Databases,"Migrate, Modernize, and Build with Data Cloud",Cloud SQL,,,,⚪ No Active Demand
BFS Ingeniería Aplicada,Databases,"Migrate, Modernize, and Build with Data Cloud",Spanner,,,,⚪ No Active Demand
BFS Ingeniería Aplicada,Databases,The AI Ready Data Cloud,AlloyDB for PostgreSQL,,,,⚪ No Active Demand
BFS Ingeniería Aplicada,Databases,The AI Ready Data Cloud,Cloud SQL,,,,⚪ No Active Demand
BFS Ingeniería Aplicada,Databases,The AI Ready Data Cloud,Spanner,,,,⚪ No Active Demand
BFS Ingeniería Aplicada,Infrastructure Modernization,Enterprise Platform of Choice: Oracle,Oracle,,,,⚪ No Active Demand
BFS Ingeniería Aplicada,Infrastructure Modernization,Enterprise Platform of Choice: SAP,SAP on Google Cloud,,,,⚪ No Active Demand
BFS Ingeniería Aplicada,Infrastructure Modernization,Enterprise Platform of Choice: VMware,Google Cloud VMware Engine,,,,⚪ No Active Demand
BFS Ingeniería Aplicada,Infrastructure Modernization,"Migrate, Modernize and Build",Google Cloud Networking,,,,⚪ No Active Demand
BFS Ingeniería Aplicada,Infrastructure Modernization,"Migrate, Modernize and Build",Google Compute Engine,,,,⚪ No Active Demand
BFS Ingeniería Aplicada,Infrastructure Modernization,Sovereignty,Google Distributed Cloud,,,,⚪ No Active Demand
BFS Ingeniería Aplicada,Security,Agentic Defense with Google Security,Google Threat Intelligence,,,,⚪ No Active Demand
BFS Ingeniería Aplicada,Security,Agentic Defense with Google Security,Security Command Center,,,,⚪ No Active Demand
BFS Ingeniería Aplicada,Security,Agentic Defense with Google Security,Security Operations,,,,⚪ No Active Demand
BFS Ingeniería Aplicada,Security,Secure Innovation with Google Cloud,Cloud Security,,,,⚪ No Active Demand
BFS Ingeniería Aplicada,Workspace,Agentic Workplace Transformation,Workspace,,,,⚪ No Active Demand
Rubik,Application Modernization,"Migrate, Modernize and Build",Apigee API Management,,,,⚪ No Active Demand
Rubik,Application Modernization,"Migrate, Modernize and Build",Cloud Run,,,,⚪ No Active Demand
Rubik,Application Modernization,"Migrate, Modernize and Build",Google Kubernetes Engine,,,,⚪ No Active Demand
Rubik,Artificial Intelligence,Agentic Workplace Transformation,Gemini Enterprise,,,,🔴 Gap (0 DRP / 2 wkls)
Rubik,Artificial Intelligence,Gemini Enterprise for Customer Experience,GECX - Agent Assist,,,,⚪ No Active Demand
Rubik,Artificial Intelligence,Gemini Enterprise for Customer Experience,GECX - CCaaS,,,,⚪ No Active Demand
Rubik,Artificial Intelligence,Gemini Enterprise for Customer Experience,GECX - CX Agent Studio,,,,⚪ No Active Demand
Rubik,Artificial Intelligence,Gemini Enterprise for Customer Experience,GECX - CX Insights,,,,⚪ No Active Demand
Rubik,Artificial Intelligence,Gemini Enterprise for Customer Experience,Gemini Enterprise Agent Platform,,,,🔴 Gap (0 DRP / 2 wkls)
Rubik,Artificial Intelligence,Leverage Generative Media in your Business,Gemini Enterprise Agent Platform,,,,⚪ No Active Demand
Rubik,Artificial Intelligence,Scale AI Apps and Agents,AI Applications,,,,⚪ No Active Demand
Rubik,Artificial Intelligence,Scale AI Apps and Agents,Gemini Enterprise Agent Platform,,,,🔴 Gap (0 DRP / 1 wkls)
Rubik,Artificial Intelligence,Your Business. Your Models.,Gemini Enterprise Agent Platform,,,,🔴 Gap (0 DRP / 1 wkls)
Rubik,Data & Analytics,"Migrate, Modernize, and Build with Data Cloud",BigQuery,,,,⚪ No Active Demand
Rubik,Data & Analytics,"Migrate, Modernize, and Build with Data Cloud",Dataflow,,,,⚪ No Active Demand
Rubik,Data & Analytics,The AI Ready Data Cloud,BigQuery,,,,🔴 Gap (0 DRP / 2 wkls)
Rubik,Data & Analytics,The AI Ready Data Cloud,Dataflow,,,,⚪ No Active Demand
Rubik,Data & Analytics,The AI Ready Data Cloud,Dataproc,,,,⚪ No Active Demand
Rubik,Data & Analytics,The AI Ready Data Cloud,Looker,,,,⚪ No Active Demand
Rubik,Databases,"Migrate, Modernize, and Build with Data Cloud",AlloyDB for PostgreSQL,,,,⚪ No Active Demand
Rubik,Databases,"Migrate, Modernize, and Build with Data Cloud",Cloud SQL,,,,⚪ No Active Demand
Rubik,Databases,"Migrate, Modernize, and Build with Data Cloud",Spanner,,,,⚪ No Active Demand
Rubik,Databases,The AI Ready Data Cloud,AlloyDB for PostgreSQL,,,,⚪ No Active Demand
Rubik,Databases,The AI Ready Data Cloud,Cloud SQL,,,,⚪ No Active Demand
Rubik,Databases,The AI Ready Data Cloud,Spanner,,,,⚪ No Active Demand
Rubik,Infrastructure Modernization,Enterprise Platform of Choice: Oracle,Oracle,,,,⚪ No Active Demand
Rubik,Infrastructure Modernization,Enterprise Platform of Choice: SAP,SAP on Google Cloud,,,,⚪ No Active Demand
Rubik,Infrastructure Modernization,Enterprise Platform of Choice: VMware,Google Cloud VMware Engine,,,,⚪ No Active Demand
Rubik,Infrastructure Modernization,"Migrate, Modernize and Build",Google Cloud Networking,,,,⚪ No Active Demand
Rubik,Infrastructure Modernization,"Migrate, Modernize and Build",Google Compute Engine,,,,⚪ No Active Demand
Rubik,Infrastructure Modernization,Sovereignty,Google Distributed Cloud,,,,⚪ No Active Demand
Rubik,Security,Agentic Defense with Google Security,Google Threat Intelligence,,,,⚪ No Active Demand
Rubik,Security,Agentic Defense with Google Security,Security Command Center,,,,⚪ No Active Demand
Rubik,Security,Agentic Defense with Google Security,Security Operations,,,,⚪ No Active Demand
Rubik,Security,Secure Innovation with Google Cloud,Cloud Security,,,,⚪ No Active Demand
Rubik,Workspace,Agentic Workplace Transformation,Workspace,,,,⚪ No Active Demand
Super Software,Application Modernization,"Migrate, Modernize and Build",Apigee API Management,,,,⚪ No Active Demand
Super Software,Application Modernization,"Migrate, Modernize and Build",Cloud Run,,,,⚪ No Active Demand
Super Software,Application Modernization,"Migrate, Modernize and Build",Google Kubernetes Engine,,,,⚪ No Active Demand
Super Software,Artificial Intelligence,Agentic Workplace Transformation,Gemini Enterprise,,,,🔴 Gap (0 DRP / 3 wkls)
Super Software,Artificial Intelligence,Gemini Enterprise for Customer Experience,GECX - Agent Assist,,,,⚪ No Active Demand
Super Software,Artificial Intelligence,Gemini Enterprise for Customer Experience,GECX - CCaaS,,,,⚪ No Active Demand
Super Software,Artificial Intelligence,Gemini Enterprise for Customer Experience,GECX - CX Agent Studio,,,,⚪ No Active Demand
Super Software,Artificial Intelligence,Gemini Enterprise for Customer Experience,GECX - CX Insights,,,,⚪ No Active Demand
Super Software,Artificial Intelligence,Gemini Enterprise for Customer Experience,Gemini Enterprise Agent Platform,,,,🔴 Gap (0 DRP / 6 wkls)
Super Software,Artificial Intelligence,Leverage Generative Media in your Business,Gemini Enterprise Agent Platform,,,,⚪ No Active Demand
Super Software,Artificial Intelligence,Scale AI Apps and Agents,AI Applications,,,,⚪ No Active Demand
Super Software,Artificial Intelligence,Scale AI Apps and Agents,Gemini Enterprise Agent Platform,,,,🔴 Gap (0 DRP / 4 wkls)
Super Software,Artificial Intelligence,Your Business. Your Models.,Gemini Enterprise Agent Platform,,,,⚪ No Active Demand
Super Software,Data & Analytics,"Migrate, Modernize, and Build with Data Cloud",BigQuery,,,,⚪ No Active Demand
Super Software,Data & Analytics,"Migrate, Modernize, and Build with Data Cloud",Dataflow,,,,⚪ No Active Demand
Super Software,Data & Analytics,The AI Ready Data Cloud,BigQuery,,,,⚪ No Active Demand
Super Software,Data & Analytics,The AI Ready Data Cloud,Dataflow,,,,🔴 Gap (0 DRP / 1 wkls)
Super Software,Data & Analytics,The AI Ready Data Cloud,Dataproc,,,,⚪ No Active Demand
Super Software,Data & Analytics,The AI Ready Data Cloud,Looker,,,,⚪ No Active Demand
Super Software,Databases,"Migrate, Modernize, and Build with Data Cloud",AlloyDB for PostgreSQL,,,,⚪ No Active Demand
Super Software,Databases,"Migrate, Modernize, and Build with Data Cloud",Cloud SQL,,,,⚪ No Active Demand
Super Software,Databases,"Migrate, Modernize, and Build with Data Cloud",Spanner,,,,⚪ No Active Demand
Super Software,Databases,The AI Ready Data Cloud,AlloyDB for PostgreSQL,,,,🔴 Gap (0 DRP / 1 wkls)
Super Software,Databases,The AI Ready Data Cloud,Cloud SQL,,,,⚪ No Active Demand
Super Software,Databases,The AI Ready Data Cloud,Spanner,,,,⚪ No Active Demand
Super Software,Infrastructure Modernization,Enterprise Platform of Choice: Oracle,Oracle,,,,⚪ No Active Demand
Super Software,Infrastructure Modernization,Enterprise Platform of Choice: SAP,SAP on Google Cloud,,,,⚪ No Active Demand
Super Software,Infrastructure Modernization,Enterprise Platform of Choice: VMware,Google Cloud VMware Engine,,,,⚪ No Active Demand
Super Software,Infrastructure Modernization,"Migrate, Modernize and Build",Google Cloud Networking,,,,⚪ No Active Demand
Super Software,Infrastructure Modernization,"Migrate, Modernize and Build",Google Compute Engine,,,,⚪ No Active Demand
Super Software,Infrastructure Modernization,Sovereignty,Google Distributed Cloud,,,,⚪ No Active Demand
Super Software,Security,Agentic Defense with Google Security,Google Threat Intelligence,,,,⚪ No Active Demand
Super Software,Security,Agentic Defense with Google Security,Security Command Center,,,,⚪ No Active Demand
Super Software,Security,Agentic Defense with Google Security,Security Operations,,,,⚪ No Active Demand
Super Software,Security,Secure Innovation with Google Cloud,Cloud Security,,,,⚪ No Active Demand
Super Software,Workspace,Agentic Workplace Transformation,Workspace,,,,⚪ No Active Demand
Tigabytes,Application Modernization,"Migrate, Modernize and Build",Apigee API Management,,,,⚪ No Active Demand
Tigabytes,Application Modernization,"Migrate, Modernize and Build",Cloud Run,,2,2,🟢 Ready (2 profiles)
Tigabytes,Application Modernization,"Migrate, Modernize and Build",Google Kubernetes Engine,,4,4,🟢 Ready (4 profiles)
Tigabytes,Artificial Intelligence,Agentic Workplace Transformation,Gemini Enterprise,5,6,11,🟢 Ready (11 profiles)
Tigabytes,Artificial Intelligence,Gemini Enterprise for Customer Experience,GECX - Agent Assist,,2,2,🟢 Ready (2 profiles)
Tigabytes,Artificial Intelligence,Gemini Enterprise for Customer Experience,GECX - CCaaS,,,,⚪ No Active Demand
Tigabytes,Artificial Intelligence,Gemini Enterprise for Customer Experience,GECX - CX Agent Studio,,1,1,🟢 Ready (1 profiles)
Tigabytes,Artificial Intelligence,Gemini Enterprise for Customer Experience,GECX - CX Insights,,,,⚪ No Active Demand
Tigabytes,Artificial Intelligence,Gemini Enterprise for Customer Experience,Gemini Enterprise Agent Platform,4,2,6,🟢 Ready (6 profiles)
Tigabytes,Artificial Intelligence,Leverage Generative Media in your Business,Gemini Enterprise Agent Platform,4,2,6,🟢 Ready (6 profiles)
Tigabytes,Artificial Intelligence,Scale AI Apps and Agents,AI Applications,,,,⚪ No Active Demand
Tigabytes,Artificial Intelligence,Scale AI Apps and Agents,Gemini Enterprise Agent Platform,4,2,6,🟢 Ready (6 DRP / 2 wkls)
Tigabytes,Artificial Intelligence,Your Business. Your Models.,Gemini Enterprise Agent Platform,4,2,6,🟢 Ready (6 profiles)
Tigabytes,Data & Analytics,"Migrate, Modernize, and Build with Data Cloud",BigQuery,2,,2,🟢 Ready (2 profiles)
Tigabytes,Data & Analytics,"Migrate, Modernize, and Build with Data Cloud",Dataflow,,,,⚪ No Active Demand
Tigabytes,Data & Analytics,The AI Ready Data Cloud,BigQuery,2,,2,🟢 Ready (2 profiles)
Tigabytes,Data & Analytics,The AI Ready Data Cloud,Dataflow,,,,⚪ No Active Demand
Tigabytes,Data & Analytics,The AI Ready Data Cloud,Dataproc,,,,⚪ No Active Demand
Tigabytes,Data & Analytics,The AI Ready Data Cloud,Looker,2,,2,🟢 Ready (2 profiles)
Tigabytes,Databases,"Migrate, Modernize, and Build with Data Cloud",AlloyDB for PostgreSQL,,,,⚪ No Active Demand
Tigabytes,Databases,"Migrate, Modernize, and Build with Data Cloud",Cloud SQL,1,1,2,🟢 Ready (2 profiles)
Tigabytes,Databases,"Migrate, Modernize, and Build with Data Cloud",Spanner,,,,⚪ No Active Demand
Tigabytes,Databases,The AI Ready Data Cloud,AlloyDB for PostgreSQL,,,,⚪ No Active Demand
Tigabytes,Databases,The AI Ready Data Cloud,Cloud SQL,1,1,2,🟢 Ready (2 profiles)
Tigabytes,Databases,The AI Ready Data Cloud,Spanner,,,,⚪ No Active Demand
Tigabytes,Infrastructure Modernization,Enterprise Platform of Choice: Oracle,Oracle,,2,2,🟢 Ready (2 profiles)
Tigabytes,Infrastructure Modernization,Enterprise Platform of Choice: SAP,SAP on Google Cloud,,,,⚪ No Active Demand
Tigabytes,Infrastructure Modernization,Enterprise Platform of Choice: VMware,Google Cloud VMware Engine,,,,⚪ No Active Demand
Tigabytes,Infrastructure Modernization,"Migrate, Modernize and Build",Google Cloud Networking,4,4,8,🟢 Ready (8 profiles)
Tigabytes,Infrastructure Modernization,"Migrate, Modernize and Build",Google Compute Engine,4,6,10,🟢 Ready (10 profiles)
Tigabytes,Infrastructure Modernization,Sovereignty,Google Distributed Cloud,,,,⚪ No Active Demand
Tigabytes,Security,Agentic Defense with Google Security,Google Threat Intelligence,,,,⚪ No Active Demand
Tigabytes,Security,Agentic Defense with Google Security,Security Command Center,3,,3,🟢 Ready (3 profiles)
Tigabytes,Security,Agentic Defense with Google Security,Security Operations,,,,⚪ No Active Demand
Tigabytes,Security,Secure Innovation with Google Cloud,Cloud Security,2,2,4,🟢 Ready (4 profiles)
Tigabytes,Workspace,Agentic Workplace Transformation,Workspace,6,5,11,🟢 Ready (11 profiles)
Xertica,Application Modernization,"Migrate, Modernize and Build",Apigee API Management,,2,2,🟢 Ready (2 profiles)
Xertica,Application Modernization,"Migrate, Modernize and Build",Cloud Run,3,4,7,🟢 Ready (7 profiles)
Xertica,Application Modernization,"Migrate, Modernize and Build",Google Kubernetes Engine,1,7,8,🟢 Ready (8 DRP / 5 wkls)
Xertica,Artificial Intelligence,Agentic Workplace Transformation,Gemini Enterprise,9,9,18,🟡 Constrained (18 DRP / 43 wkls)
Xertica,Artificial Intelligence,Gemini Enterprise for Customer Experience,GECX - Agent Assist,2,1,3,🟢 Ready (3 profiles)
Xertica,Artificial Intelligence,Gemini Enterprise for Customer Experience,GECX - CCaaS,1,1,2,🟢 Ready (2 profiles)
Xertica,Artificial Intelligence,Gemini Enterprise for Customer Experience,GECX - CX Agent Studio,,,,⚪ No Active Demand
Xertica,Artificial Intelligence,Gemini Enterprise for Customer Experience,GECX - CX Insights,1,1,2,🟢 Ready (2 profiles)
Xertica,Artificial Intelligence,Gemini Enterprise for Customer Experience,Gemini Enterprise Agent Platform,18,17,35,🟢 Ready (35 DRP / 8 wkls)
Xertica,Artificial Intelligence,Leverage Generative Media in your Business,Gemini Enterprise Agent Platform,18,17,35,🟢 Ready (35 profiles)
Xertica,Artificial Intelligence,Scale AI Apps and Agents,AI Applications,9,14,23,🟢 Ready (23 profiles)
Xertica,Artificial Intelligence,Scale AI Apps and Agents,Gemini Enterprise Agent Platform,18,17,35,🟡 Constrained (35 DRP / 54 wkls)
Xertica,Artificial Intelligence,Your Business. Your Models.,Gemini Enterprise Agent Platform,18,17,35,🟢 Ready (35 DRP / 6 wkls)
Xertica,Data & Analytics,"Migrate, Modernize, and Build with Data Cloud",BigQuery,15,2,17,🟢 Ready (17 profiles)
Xertica,Data & Analytics,"Migrate, Modernize, and Build with Data Cloud",Dataflow,3,6,9,🟢 Ready (9 profiles)
Xertica,Data & Analytics,The AI Ready Data Cloud,BigQuery,15,2,17,🟢 Ready (17 DRP / 11 wkls)
Xertica,Data & Analytics,The AI Ready Data Cloud,Dataflow,3,6,9,🟢 Ready (9 DRP / 1 wkls)
Xertica,Data & Analytics,The AI Ready Data Cloud,Dataproc,,1,1,🟢 Ready (1 profiles)
Xertica,Data & Analytics,The AI Ready Data Cloud,Looker,11,3,14,🟢 Ready (14 DRP / 1 wkls)
Xertica,Databases,"Migrate, Modernize, and Build with Data Cloud",AlloyDB for PostgreSQL,,,,⚪ No Active Demand
Xertica,Databases,"Migrate, Modernize, and Build with Data Cloud",Cloud SQL,1,,1,🟢 Ready (1 profiles)
Xertica,Databases,"Migrate, Modernize, and Build with Data Cloud",Spanner,,,,⚪ No Active Demand
Xertica,Databases,The AI Ready Data Cloud,AlloyDB for PostgreSQL,,,,🔴 Gap (0 DRP / 3 wkls)
Xertica,Databases,The AI Ready Data Cloud,Cloud SQL,1,,1,🟢 Ready (1 DRP / 1 wkls)
Xertica,Databases,The AI Ready Data Cloud,Spanner,,,,⚪ No Active Demand
Xertica,Infrastructure Modernization,Enterprise Platform of Choice: Oracle,Oracle,,,,⚪ No Active Demand
Xertica,Infrastructure Modernization,Enterprise Platform of Choice: SAP,SAP on Google Cloud,2,3,5,🟢 Ready (5 profiles)
Xertica,Infrastructure Modernization,Enterprise Platform of Choice: VMware,Google Cloud VMware Engine,1,4,5,🟢 Ready (5 profiles)
Xertica,Infrastructure Modernization,"Migrate, Modernize and Build",Google Cloud Networking,13,5,18,🟢 Ready (18 profiles)
Xertica,Infrastructure Modernization,"Migrate, Modernize and Build",Google Compute Engine,35,8,43,🟢 Ready (43 profiles)
Xertica,Infrastructure Modernization,Sovereignty,Google Distributed Cloud,,,,⚪ No Active Demand
Xertica,Security,Agentic Defense with Google Security,Google Threat Intelligence,,,,⚪ No Active Demand
Xertica,Security,Agentic Defense with Google Security,Security Command Center,5,6,11,🟢 Ready (11 profiles)
Xertica,Security,Agentic Defense with Google Security,Security Operations,,1,1,🟢 Ready (1 profiles)
Xertica,Security,Secure Innovation with Google Cloud,Cloud Security,5,4,9,🟢 Ready (9 profiles)
Xertica,Workspace,Agentic Workplace Transformation,Workspace,40,6,46,🟢 Ready (46 profiles)
CU2 CLOUD TEC STORE SL,Application Modernization,"Migrate, Modernize and Build",Apigee API Management,,,,⚪ No Active Demand
CU2 CLOUD TEC STORE SL,Application Modernization,"Migrate, Modernize and Build",Cloud Run,6,2,8,🟢 Ready (8 profiles)
CU2 CLOUD TEC STORE SL,Application Modernization,"Migrate, Modernize and Build",Google Kubernetes Engine,5,2,7,🟢 Ready (7 DRP / 1 wkls)
CU2 CLOUD TEC STORE SL,Artificial Intelligence,Agentic Workplace Transformation,Gemini Enterprise,,,,⚪ No Active Demand
CU2 CLOUD TEC STORE SL,Artificial Intelligence,Gemini Enterprise for Customer Experience,GECX - Agent Assist,,,,⚪ No Active Demand
CU2 CLOUD TEC STORE SL,Artificial Intelligence,Gemini Enterprise for Customer Experience,GECX - CCaaS,,,,⚪ No Active Demand
CU2 CLOUD TEC STORE SL,Artificial Intelligence,Gemini Enterprise for Customer Experience,GECX - CX Agent Studio,,,,⚪ No Active Demand
CU2 CLOUD TEC STORE SL,Artificial Intelligence,Gemini Enterprise for Customer Experience,GECX - CX Insights,,,,⚪ No Active Demand
CU2 CLOUD TEC STORE SL,Artificial Intelligence,Gemini Enterprise for Customer Experience,Gemini Enterprise Agent Platform,6,2,8,🟢 Ready (8 profiles)
CU2 CLOUD TEC STORE SL,Artificial Intelligence,Leverage Generative Media in your Business,Gemini Enterprise Agent Platform,6,2,8,🟢 Ready (8 profiles)
CU2 CLOUD TEC STORE SL,Artificial Intelligence,Scale AI Apps and Agents,AI Applications,4,2,6,🟢 Ready (6 profiles)
CU2 CLOUD TEC STORE SL,Artificial Intelligence,Scale AI Apps and Agents,Gemini Enterprise Agent Platform,6,2,8,🟢 Ready (8 DRP / 4 wkls)
CU2 CLOUD TEC STORE SL,Artificial Intelligence,Your Business. Your Models.,Gemini Enterprise Agent Platform,6,2,8,🟢 Ready (8 DRP / 1 wkls)
CU2 CLOUD TEC STORE SL,Data & Analytics,"Migrate, Modernize, and Build with Data Cloud",BigQuery,11,1,12,🟢 Ready (12 profiles)
CU2 CLOUD TEC STORE SL,Data & Analytics,"Migrate, Modernize, and Build with Data Cloud",Dataflow,11,2,13,🟢 Ready (13 profiles)
CU2 CLOUD TEC STORE SL,Data & Analytics,The AI Ready Data Cloud,BigQuery,11,1,12,🟢 Ready (12 DRP / 4 wkls)
CU2 CLOUD TEC STORE SL,Data & Analytics,The AI Ready Data Cloud,Dataflow,11,2,13,🟢 Ready (13 profiles)
CU2 CLOUD TEC STORE SL,Data & Analytics,The AI Ready Data Cloud,Dataproc,1,,1,🟢 Ready (1 profiles)
CU2 CLOUD TEC STORE SL,Data & Analytics,The AI Ready Data Cloud,Looker,6,,6,🟢 Ready (6 profiles)
CU2 CLOUD TEC STORE SL,Databases,"Migrate, Modernize, and Build with Data Cloud",AlloyDB for PostgreSQL,,2,2,🟢 Ready (2 profiles)
CU2 CLOUD TEC STORE SL,Databases,"Migrate, Modernize, and Build with Data Cloud",Cloud SQL,4,6,10,🟢 Ready (10 profiles)
CU2 CLOUD TEC STORE SL,Databases,"Migrate, Modernize, and Build with Data Cloud",Spanner,,,,⚪ No Active Demand
CU2 CLOUD TEC STORE SL,Databases,The AI Ready Data Cloud,AlloyDB for PostgreSQL,,2,2,🟢 Ready (2 DRP / 1 wkls)
CU2 CLOUD TEC STORE SL,Databases,The AI Ready Data Cloud,Cloud SQL,4,6,10,🟢 Ready (10 profiles)
CU2 CLOUD TEC STORE SL,Databases,The AI Ready Data Cloud,Spanner,,,,⚪ No Active Demand
CU2 CLOUD TEC STORE SL,Infrastructure Modernization,Enterprise Platform of Choice: Oracle,Oracle,,,,⚪ No Active Demand
CU2 CLOUD TEC STORE SL,Infrastructure Modernization,Enterprise Platform of Choice: SAP,SAP on Google Cloud,,1,1,🟢 Ready (1 profiles)
CU2 CLOUD TEC STORE SL,Infrastructure Modernization,Enterprise Platform of Choice: VMware,Google Cloud VMware Engine,2,8,10,🟢 Ready (10 profiles)
CU2 CLOUD TEC STORE SL,Infrastructure Modernization,"Migrate, Modernize and Build",Google Cloud Networking,12,1,13,🟢 Ready (13 profiles)
CU2 CLOUD TEC STORE SL,Infrastructure Modernization,"Migrate, Modernize and Build",Google Compute Engine,12,,12,🟢 Ready (12 profiles)
CU2 CLOUD TEC STORE SL,Infrastructure Modernization,Sovereignty,Google Distributed Cloud,,,,⚪ No Active Demand
CU2 CLOUD TEC STORE SL,Security,Agentic Defense with Google Security,Google Threat Intelligence,,,,⚪ No Active Demand
CU2 CLOUD TEC STORE SL,Security,Agentic Defense with Google Security,Security Command Center,8,3,11,🟢 Ready (11 profiles)
CU2 CLOUD TEC STORE SL,Security,Agentic Defense with Google Security,Security Operations,3,8,11,🟢 Ready (11 profiles)
CU2 CLOUD TEC STORE SL,Security,Secure Innovation with Google Cloud,Cloud Security,11,2,13,🟢 Ready (13 profiles)
CU2 CLOUD TEC STORE SL,Workspace,Agentic Workplace Transformation,Workspace,2,,2,🟢 Ready (2 profiles)
Emergys Mexico,Application Modernization,"Migrate, Modernize and Build",Apigee API Management,,,,⚪ No Active Demand
Emergys Mexico,Application Modernization,"Migrate, Modernize and Build",Cloud Run,,,,⚪ No Active Demand
Emergys Mexico,Application Modernization,"Migrate, Modernize and Build",Google Kubernetes Engine,,1,1,🟡 Constrained (1 DRP / 2 wkls)
Emergys Mexico,Artificial Intelligence,Agentic Workplace Transformation,Gemini Enterprise,,1,1,🟢 Ready (1 DRP / 1 wkls)
Emergys Mexico,Artificial Intelligence,Gemini Enterprise for Customer Experience,GECX - Agent Assist,,,,⚪ No Active Demand
Emergys Mexico,Artificial Intelligence,Gemini Enterprise for Customer Experience,GECX - CCaaS,,,,⚪ No Active Demand
Emergys Mexico,Artificial Intelligence,Gemini Enterprise for Customer Experience,GECX - CX Agent Studio,,,,⚪ No Active Demand
Emergys Mexico,Artificial Intelligence,Gemini Enterprise for Customer Experience,GECX - CX Insights,,,,⚪ No Active Demand
Emergys Mexico,Artificial Intelligence,Gemini Enterprise for Customer Experience,Gemini Enterprise Agent Platform,,2,2,🟡 Constrained (2 DRP / 4 wkls)
Emergys Mexico,Artificial Intelligence,Leverage Generative Media in your Business,Gemini Enterprise Agent Platform,,2,2,🟢 Ready (2 profiles)
Emergys Mexico,Artificial Intelligence,Scale AI Apps and Agents,AI Applications,,,,⚪ No Active Demand
Emergys Mexico,Artificial Intelligence,Scale AI Apps and Agents,Gemini Enterprise Agent Platform,,2,2,🟡 Constrained (2 DRP / 3 wkls)
Emergys Mexico,Artificial Intelligence,Your Business. Your Models.,Gemini Enterprise Agent Platform,,2,2,🟢 Ready (2 profiles)
Emergys Mexico,Data & Analytics,"Migrate, Modernize, and Build with Data Cloud",BigQuery,1,,1,🟢 Ready (1 profiles)
Emergys Mexico,Data & Analytics,"Migrate, Modernize, and Build with Data Cloud",Dataflow,,1,1,🟢 Ready (1 profiles)
Emergys Mexico,Data & Analytics,The AI Ready Data Cloud,BigQuery,1,,1,🟡 Constrained (1 DRP / 3 wkls)
Emergys Mexico,Data & Analytics,The AI Ready Data Cloud,Dataflow,,1,1,🟢 Ready (1 profiles)
Emergys Mexico,Data & Analytics,The AI Ready Data Cloud,Dataproc,,,,⚪ No Active Demand
Emergys Mexico,Data & Analytics,The AI Ready Data Cloud,Looker,,,,⚪ No Active Demand
Emergys Mexico,Databases,"Migrate, Modernize, and Build with Data Cloud",AlloyDB for PostgreSQL,,,,⚪ No Active Demand
Emergys Mexico,Databases,"Migrate, Modernize, and Build with Data Cloud",Cloud SQL,,,,⚪ No Active Demand
Emergys Mexico,Databases,"Migrate, Modernize, and Build with Data Cloud",Spanner,,,,⚪ No Active Demand
Emergys Mexico,Databases,The AI Ready Data Cloud,AlloyDB for PostgreSQL,,,,⚪ No Active Demand
Emergys Mexico,Databases,The AI Ready Data Cloud,Cloud SQL,,,,🔴 Gap (0 DRP / 1 wkls)
Emergys Mexico,Databases,The AI Ready Data Cloud,Spanner,,,,⚪ No Active Demand
Emergys Mexico,Infrastructure Modernization,Enterprise Platform of Choice: Oracle,Oracle,,,,⚪ No Active Demand
Emergys Mexico,Infrastructure Modernization,Enterprise Platform of Choice: SAP,SAP on Google Cloud,,,,⚪ No Active Demand
Emergys Mexico,Infrastructure Modernization,Enterprise Platform of Choice: VMware,Google Cloud VMware Engine,,,,🔴 Gap (0 DRP / 1 wkls)
Emergys Mexico,Infrastructure Modernization,"Migrate, Modernize and Build",Google Cloud Networking,,,,⚪ No Active Demand
Emergys Mexico,Infrastructure Modernization,"Migrate, Modernize and Build",Google Compute Engine,,,,⚪ No Active Demand
Emergys Mexico,Infrastructure Modernization,Sovereignty,Google Distributed Cloud,,,,⚪ No Active Demand
Emergys Mexico,Security,Agentic Defense with Google Security,Google Threat Intelligence,,,,⚪ No Active Demand
Emergys Mexico,Security,Agentic Defense with Google Security,Security Command Center,,,,⚪ No Active Demand
Emergys Mexico,Security,Agentic Defense with Google Security,Security Operations,,,,⚪ No Active Demand
Emergys Mexico,Security,Secure Innovation with Google Cloud,Cloud Security,,,,⚪ No Active Demand
Emergys Mexico,Workspace,Agentic Workplace Transformation,Workspace,,,,⚪ No Active Demand
NXN Consultores,Application Modernization,"Migrate, Modernize and Build",Apigee API Management,,,,⚪ No Active Demand
NXN Consultores,Application Modernization,"Migrate, Modernize and Build",Cloud Run,,,,⚪ No Active Demand
NXN Consultores,Application Modernization,"Migrate, Modernize and Build",Google Kubernetes Engine,,,,🔴 Gap (0 DRP / 1 wkls)
NXN Consultores,Artificial Intelligence,Agentic Workplace Transformation,Gemini Enterprise,,1,1,🟡 Constrained (1 DRP / 2 wkls)
NXN Consultores,Artificial Intelligence,Gemini Enterprise for Customer Experience,GECX - Agent Assist,,,,⚪ No Active Demand
NXN Consultores,Artificial Intelligence,Gemini Enterprise for Customer Experience,GECX - CCaaS,,,,⚪ No Active Demand
NXN Consultores,Artificial Intelligence,Gemini Enterprise for Customer Experience,GECX - CX Agent Studio,,,,⚪ No Active Demand
NXN Consultores,Artificial Intelligence,Gemini Enterprise for Customer Experience,GECX - CX Insights,,,,⚪ No Active Demand
NXN Consultores,Artificial Intelligence,Gemini Enterprise for Customer Experience,Gemini Enterprise Agent Platform,,,,🔴 Gap (0 DRP / 3 wkls)
NXN Consultores,Artificial Intelligence,Leverage Generative Media in your Business,Gemini Enterprise Agent Platform,,,,⚪ No Active Demand
NXN Consultores,Artificial Intelligence,Scale AI Apps and Agents,AI Applications,,,,⚪ No Active Demand
NXN Consultores,Artificial Intelligence,Scale AI Apps and Agents,Gemini Enterprise Agent Platform,,,,🔴 Gap (0 DRP / 4 wkls)
NXN Consultores,Artificial Intelligence,Your Business. Your Models.,Gemini Enterprise Agent Platform,,,,⚪ No Active Demand
NXN Consultores,Data & Analytics,"Migrate, Modernize, and Build with Data Cloud",BigQuery,1,,1,🟢 Ready (1 profiles)
NXN Consultores,Data & Analytics,"Migrate, Modernize, and Build with Data Cloud",Dataflow,,,,⚪ No Active Demand
NXN Consultores,Data & Analytics,The AI Ready Data Cloud,BigQuery,1,,1,🟡 Constrained (1 DRP / 8 wkls)
NXN Consultores,Data & Analytics,The AI Ready Data Cloud,Dataflow,,,,⚪ No Active Demand
NXN Consultores,Data & Analytics,The AI Ready Data Cloud,Dataproc,,,,⚪ No Active Demand
NXN Consultores,Data & Analytics,The AI Ready Data Cloud,Looker,,1,1,🟢 Ready (1 profiles)
NXN Consultores,Databases,"Migrate, Modernize, and Build with Data Cloud",AlloyDB for PostgreSQL,,,,⚪ No Active Demand
NXN Consultores,Databases,"Migrate, Modernize, and Build with Data Cloud",Cloud SQL,,,,⚪ No Active Demand
NXN Consultores,Databases,"Migrate, Modernize, and Build with Data Cloud",Spanner,,,,⚪ No Active Demand
NXN Consultores,Databases,The AI Ready Data Cloud,AlloyDB for PostgreSQL,,,,🔴 Gap (0 DRP / 3 wkls)
NXN Consultores,Databases,The AI Ready Data Cloud,Cloud SQL,,,,⚪ No Active Demand
NXN Consultores,Databases,The AI Ready Data Cloud,Spanner,,,,⚪ No Active Demand
NXN Consultores,Infrastructure Modernization,Enterprise Platform of Choice: Oracle,Oracle,,,,⚪ No Active Demand
NXN Consultores,Infrastructure Modernization,Enterprise Platform of Choice: SAP,SAP on Google Cloud,,,,⚪ No Active Demand
NXN Consultores,Infrastructure Modernization,Enterprise Platform of Choice: VMware,Google Cloud VMware Engine,,,,⚪ No Active Demand
NXN Consultores,Infrastructure Modernization,"Migrate, Modernize and Build",Google Cloud Networking,,1,1,🟢 Ready (1 profiles)
NXN Consultores,Infrastructure Modernization,"Migrate, Modernize and Build",Google Compute Engine,,1,1,🟢 Ready (1 profiles)
NXN Consultores,Infrastructure Modernization,Sovereignty,Google Distributed Cloud,,,,⚪ No Active Demand
NXN Consultores,Security,Agentic Defense with Google Security,Google Threat Intelligence,,,,⚪ No Active Demand
NXN Consultores,Security,Agentic Defense with Google Security,Security Command Center,,,,⚪ No Active Demand
NXN Consultores,Security,Agentic Defense with Google Security,Security Operations,,,,⚪ No Active Demand
NXN Consultores,Security,Secure Innovation with Google Cloud,Cloud Security,,,,⚪ No Active Demand
NXN Consultores,Workspace,Agentic Workplace Transformation,Workspace,,,,⚪ No Active Demand
Nubosoft Servicios,Application Modernization,"Migrate, Modernize and Build",Apigee API Management,2,1,3,🟢 Ready (3 profiles)
Nubosoft Servicios,Application Modernization,"Migrate, Modernize and Build",Cloud Run,9,6,15,🟢 Ready (15 profiles)
Nubosoft Servicios,Application Modernization,"Migrate, Modernize and Build",Google Kubernetes Engine,14,3,17,🟢 Ready (17 DRP / 7 wkls)
Nubosoft Servicios,Artificial Intelligence,Agentic Workplace Transformation,Gemini Enterprise,1,2,3,🟢 Ready (3 DRP / 2 wkls)
Nubosoft Servicios,Artificial Intelligence,Gemini Enterprise for Customer Experience,GECX - Agent Assist,,,,⚪ No Active Demand
Nubosoft Servicios,Artificial Intelligence,Gemini Enterprise for Customer Experience,GECX - CCaaS,,,,⚪ No Active Demand
Nubosoft Servicios,Artificial Intelligence,Gemini Enterprise for Customer Experience,GECX - CX Agent Studio,,,,⚪ No Active Demand
Nubosoft Servicios,Artificial Intelligence,Gemini Enterprise for Customer Experience,GECX - CX Insights,,,,⚪ No Active Demand
Nubosoft Servicios,Artificial Intelligence,Gemini Enterprise for Customer Experience,Gemini Enterprise Agent Platform,,,,🔴 Gap (0 DRP / 6 wkls)
Nubosoft Servicios,Artificial Intelligence,Leverage Generative Media in your Business,Gemini Enterprise Agent Platform,,,,⚪ No Active Demand
Nubosoft Servicios,Artificial Intelligence,Scale AI Apps and Agents,AI Applications,,1,1,🟢 Ready (1 profiles)
Nubosoft Servicios,Artificial Intelligence,Scale AI Apps and Agents,Gemini Enterprise Agent Platform,,,,🔴 Gap (0 DRP / 12 wkls)
Nubosoft Servicios,Artificial Intelligence,Your Business. Your Models.,Gemini Enterprise Agent Platform,,,,⚪ No Active Demand
Nubosoft Servicios,Data & Analytics,"Migrate, Modernize, and Build with Data Cloud",BigQuery,6,4,10,🟢 Ready (10 profiles)
Nubosoft Servicios,Data & Analytics,"Migrate, Modernize, and Build with Data Cloud",Dataflow,6,2,8,🟢 Ready (8 profiles)
Nubosoft Servicios,Data & Analytics,The AI Ready Data Cloud,BigQuery,6,4,10,🟢 Ready (10 DRP / 9 wkls)
Nubosoft Servicios,Data & Analytics,The AI Ready Data Cloud,Dataflow,6,2,8,🟢 Ready (8 profiles)
Nubosoft Servicios,Data & Analytics,The AI Ready Data Cloud,Dataproc,,,,⚪ No Active Demand
Nubosoft Servicios,Data & Analytics,The AI Ready Data Cloud,Looker,7,2,9,🟢 Ready (9 DRP / 1 wkls)
Nubosoft Servicios,Databases,"Migrate, Modernize, and Build with Data Cloud",AlloyDB for PostgreSQL,1,,1,🟢 Ready (1 profiles)
Nubosoft Servicios,Databases,"Migrate, Modernize, and Build with Data Cloud",Cloud SQL,10,3,13,🟢 Ready (13 profiles)
Nubosoft Servicios,Databases,"Migrate, Modernize, and Build with Data Cloud",Spanner,,,,⚪ No Active Demand
Nubosoft Servicios,Databases,The AI Ready Data Cloud,AlloyDB for PostgreSQL,1,,1,🟢 Ready (1 DRP / 1 wkls)
Nubosoft Servicios,Databases,The AI Ready Data Cloud,Cloud SQL,10,3,13,🟢 Ready (13 DRP / 2 wkls)
Nubosoft Servicios,Databases,The AI Ready Data Cloud,Spanner,,,,⚪ No Active Demand
Nubosoft Servicios,Infrastructure Modernization,Enterprise Platform of Choice: Oracle,Oracle,,,,⚪ No Active Demand
Nubosoft Servicios,Infrastructure Modernization,Enterprise Platform of Choice: SAP,SAP on Google Cloud,,1,1,🟢 Ready (1 profiles)
Nubosoft Servicios,Infrastructure Modernization,Enterprise Platform of Choice: VMware,Google Cloud VMware Engine,,,,⚪ No Active Demand
Nubosoft Servicios,Infrastructure Modernization,"Migrate, Modernize and Build",Google Cloud Networking,13,4,17,🟢 Ready (17 profiles)
Nubosoft Servicios,Infrastructure Modernization,"Migrate, Modernize and Build",Google Compute Engine,18,3,21,🟢 Ready (21 profiles)
Nubosoft Servicios,Infrastructure Modernization,Sovereignty,Google Distributed Cloud,,,,⚪ No Active Demand
Nubosoft Servicios,Security,Agentic Defense with Google Security,Google Threat Intelligence,,,,⚪ No Active Demand
Nubosoft Servicios,Security,Agentic Defense with Google Security,Security Command Center,1,3,4,🟢 Ready (4 profiles)
Nubosoft Servicios,Security,Agentic Defense with Google Security,Security Operations,1,2,3,🟢 Ready (3 profiles)
Nubosoft Servicios,Security,Secure Innovation with Google Cloud,Cloud Security,5,3,8,🟢 Ready (8 profiles)
Nubosoft Servicios,Workspace,Agentic Workplace Transformation,Workspace,18,4,22,🟢 Ready (22 profiles)
U CLOUD STORE MÉXICO,Application Modernization,"Migrate, Modernize and Build",Apigee API Management,,,,⚪ No Active Demand
U CLOUD STORE MÉXICO,Application Modernization,"Migrate, Modernize and Build",Cloud Run,,,,⚪ No Active Demand
U CLOUD STORE MÉXICO,Application Modernization,"Migrate, Modernize and Build",Google Kubernetes Engine,,,,🔴 Gap (0 DRP / 4 wkls)
U CLOUD STORE MÉXICO,Artificial Intelligence,Agentic Workplace Transformation,Gemini Enterprise,,,,🔴 Gap (0 DRP / 1 wkls)
U CLOUD STORE MÉXICO,Artificial Intelligence,Gemini Enterprise for Customer Experience,GECX - Agent Assist,,,,⚪ No Active Demand
U CLOUD STORE MÉXICO,Artificial Intelligence,Gemini Enterprise for Customer Experience,GECX - CCaaS,,,,⚪ No Active Demand
U CLOUD STORE MÉXICO,Artificial Intelligence,Gemini Enterprise for Customer Experience,GECX - CX Agent Studio,,,,⚪ No Active Demand
U CLOUD STORE MÉXICO,Artificial Intelligence,Gemini Enterprise for Customer Experience,GECX - CX Insights,,,,⚪ No Active Demand
U CLOUD STORE MÉXICO,Artificial Intelligence,Gemini Enterprise for Customer Experience,Gemini Enterprise Agent Platform,,,,🔴 Gap (0 DRP / 4 wkls)
U CLOUD STORE MÉXICO,Artificial Intelligence,Leverage Generative Media in your Business,Gemini Enterprise Agent Platform,,,,🔴 Gap (0 DRP / 1 wkls)
U CLOUD STORE MÉXICO,Artificial Intelligence,Scale AI Apps and Agents,AI Applications,,,,⚪ No Active Demand
U CLOUD STORE MÉXICO,Artificial Intelligence,Scale AI Apps and Agents,Gemini Enterprise Agent Platform,,,,🔴 Gap (0 DRP / 4 wkls)
U CLOUD STORE MÉXICO,Artificial Intelligence,Your Business. Your Models.,Gemini Enterprise Agent Platform,,,,🔴 Gap (0 DRP / 1 wkls)
U CLOUD STORE MÉXICO,Data & Analytics,"Migrate, Modernize, and Build with Data Cloud",BigQuery,,,,⚪ No Active Demand
U CLOUD STORE MÉXICO,Data & Analytics,"Migrate, Modernize, and Build with Data Cloud",Dataflow,,,,⚪ No Active Demand
U CLOUD STORE MÉXICO,Data & Analytics,The AI Ready Data Cloud,BigQuery,,,,🔴 Gap (0 DRP / 3 wkls)
U CLOUD STORE MÉXICO,Data & Analytics,The AI Ready Data Cloud,Dataflow,,,,⚪ No Active Demand
U CLOUD STORE MÉXICO,Data & Analytics,The AI Ready Data Cloud,Dataproc,,,,⚪ No Active Demand
U CLOUD STORE MÉXICO,Data & Analytics,The AI Ready Data Cloud,Looker,,,,🔴 Gap (0 DRP / 1 wkls)
U CLOUD STORE MÉXICO,Databases,"Migrate, Modernize, and Build with Data Cloud",AlloyDB for PostgreSQL,,,,⚪ No Active Demand
U CLOUD STORE MÉXICO,Databases,"Migrate, Modernize, and Build with Data Cloud",Cloud SQL,,,,⚪ No Active Demand
U CLOUD STORE MÉXICO,Databases,"Migrate, Modernize, and Build with Data Cloud",Spanner,,,,⚪ No Active Demand
U CLOUD STORE MÉXICO,Databases,The AI Ready Data Cloud,AlloyDB for PostgreSQL,,,,⚪ No Active Demand
U CLOUD STORE MÉXICO,Databases,The AI Ready Data Cloud,Cloud SQL,,,,⚪ No Active Demand
U CLOUD STORE MÉXICO,Databases,The AI Ready Data Cloud,Spanner,,,,⚪ No Active Demand
U CLOUD STORE MÉXICO,Infrastructure Modernization,Enterprise Platform of Choice: Oracle,Oracle,,,,⚪ No Active Demand
U CLOUD STORE MÉXICO,Infrastructure Modernization,Enterprise Platform of Choice: SAP,SAP on Google Cloud,,,,⚪ No Active Demand
U CLOUD STORE MÉXICO,Infrastructure Modernization,Enterprise Platform of Choice: VMware,Google Cloud VMware Engine,,,,⚪ No Active Demand
U CLOUD STORE MÉXICO,Infrastructure Modernization,"Migrate, Modernize and Build",Google Cloud Networking,,,,⚪ No Active Demand
U CLOUD STORE MÉXICO,Infrastructure Modernization,"Migrate, Modernize and Build",Google Compute Engine,,,,⚪ No Active Demand
U CLOUD STORE MÉXICO,Infrastructure Modernization,Sovereignty,Google Distributed Cloud,,,,⚪ No Active Demand
U CLOUD STORE MÉXICO,Security,Agentic Defense with Google Security,Google Threat Intelligence,,,,⚪ No Active Demand
U CLOUD STORE MÉXICO,Security,Agentic Defense with Google Security,Security Command Center,,,,⚪ No Active Demand
U CLOUD STORE MÉXICO,Security,Agentic Defense with Google Security,Security Operations,,,,⚪ No Active Demand
U CLOUD STORE MÉXICO,Security,Secure Innovation with Google Cloud,Cloud Security,,,,⚪ No Active Demand
U CLOUD STORE MÉXICO,Workspace,Agentic Workplace Transformation,Workspace,,,,⚪ No Active Demand
UCLOUD STORE COLOMBIA S A S,Application Modernization,"Migrate, Modernize and Build",Apigee API Management,,,,⚪ No Active Demand
UCLOUD STORE COLOMBIA S A S,Application Modernization,"Migrate, Modernize and Build",Cloud Run,,,,⚪ No Active Demand
UCLOUD STORE COLOMBIA S A S,Application Modernization,"Migrate, Modernize and Build",Google Kubernetes Engine,,,,🔴 Gap (0 DRP / 2 wkls)
UCLOUD STORE COLOMBIA S A S,Artificial Intelligence,Agentic Workplace Transformation,Gemini Enterprise,,,,🔴 Gap (0 DRP / 1 wkls)
UCLOUD STORE COLOMBIA S A S,Artificial Intelligence,Gemini Enterprise for Customer Experience,GECX - Agent Assist,,,,⚪ No Active Demand
UCLOUD STORE COLOMBIA S A S,Artificial Intelligence,Gemini Enterprise for Customer Experience,GECX - CCaaS,,,,⚪ No Active Demand
UCLOUD STORE COLOMBIA S A S,Artificial Intelligence,Gemini Enterprise for Customer Experience,GECX - CX Agent Studio,,,,⚪ No Active Demand
UCLOUD STORE COLOMBIA S A S,Artificial Intelligence,Gemini Enterprise for Customer Experience,GECX - CX Insights,,,,⚪ No Active Demand
UCLOUD STORE COLOMBIA S A S,Artificial Intelligence,Gemini Enterprise for Customer Experience,Gemini Enterprise Agent Platform,,,,🔴 Gap (0 DRP / 1 wkls)
UCLOUD STORE COLOMBIA S A S,Artificial Intelligence,Leverage Generative Media in your Business,Gemini Enterprise Agent Platform,,,,⚪ No Active Demand
UCLOUD STORE COLOMBIA S A S,Artificial Intelligence,Scale AI Apps and Agents,AI Applications,,,,⚪ No Active Demand
UCLOUD STORE COLOMBIA S A S,Artificial Intelligence,Scale AI Apps and Agents,Gemini Enterprise Agent Platform,,,,🔴 Gap (0 DRP / 5 wkls)
UCLOUD STORE COLOMBIA S A S,Artificial Intelligence,Your Business. Your Models.,Gemini Enterprise Agent Platform,,,,⚪ No Active Demand
UCLOUD STORE COLOMBIA S A S,Data & Analytics,"Migrate, Modernize, and Build with Data Cloud",BigQuery,,,,⚪ No Active Demand
UCLOUD STORE COLOMBIA S A S,Data & Analytics,"Migrate, Modernize, and Build with Data Cloud",Dataflow,,,,⚪ No Active Demand
UCLOUD STORE COLOMBIA S A S,Data & Analytics,The AI Ready Data Cloud,BigQuery,,,,🔴 Gap (0 DRP / 3 wkls)
UCLOUD STORE COLOMBIA S A S,Data & Analytics,The AI Ready Data Cloud,Dataflow,,,,⚪ No Active Demand
UCLOUD STORE COLOMBIA S A S,Data & Analytics,The AI Ready Data Cloud,Dataproc,,,,⚪ No Active Demand
UCLOUD STORE COLOMBIA S A S,Data & Analytics,The AI Ready Data Cloud,Looker,,,,⚪ No Active Demand
UCLOUD STORE COLOMBIA S A S,Databases,"Migrate, Modernize, and Build with Data Cloud",AlloyDB for PostgreSQL,,,,⚪ No Active Demand
UCLOUD STORE COLOMBIA S A S,Databases,"Migrate, Modernize, and Build with Data Cloud",Cloud SQL,,,,⚪ No Active Demand
UCLOUD STORE COLOMBIA S A S,Databases,"Migrate, Modernize, and Build with Data Cloud",Spanner,,,,⚪ No Active Demand
UCLOUD STORE COLOMBIA S A S,Databases,The AI Ready Data Cloud,AlloyDB for PostgreSQL,,,,🔴 Gap (0 DRP / 1 wkls)
UCLOUD STORE COLOMBIA S A S,Databases,The AI Ready Data Cloud,Cloud SQL,,,,🔴 Gap (0 DRP / 1 wkls)
UCLOUD STORE COLOMBIA S A S,Databases,The AI Ready Data Cloud,Spanner,,,,⚪ No Active Demand
UCLOUD STORE COLOMBIA S A S,Infrastructure Modernization,Enterprise Platform of Choice: Oracle,Oracle,,,,⚪ No Active Demand
UCLOUD STORE COLOMBIA S A S,Infrastructure Modernization,Enterprise Platform of Choice: SAP,SAP on Google Cloud,,,,⚪ No Active Demand
UCLOUD STORE COLOMBIA S A S,Infrastructure Modernization,Enterprise Platform of Choice: VMware,Google Cloud VMware Engine,,,,⚪ No Active Demand
UCLOUD STORE COLOMBIA S A S,Infrastructure Modernization,"Migrate, Modernize and Build",Google Cloud Networking,,,,⚪ No Active Demand
UCLOUD STORE COLOMBIA S A S,Infrastructure Modernization,"Migrate, Modernize and Build",Google Compute Engine,,,,⚪ No Active Demand
UCLOUD STORE COLOMBIA S A S,Infrastructure Modernization,Sovereignty,Google Distributed Cloud,,,,⚪ No Active Demand
UCLOUD STORE COLOMBIA S A S,Security,Agentic Defense with Google Security,Google Threat Intelligence,,,,⚪ No Active Demand
UCLOUD STORE COLOMBIA S A S,Security,Agentic Defense with Google Security,Security Command Center,,,,⚪ No Active Demand
UCLOUD STORE COLOMBIA S A S,Security,Agentic Defense with Google Security,Security Operations,,,,⚪ No Active Demand
UCLOUD STORE COLOMBIA S A S,Security,Secure Innovation with Google Cloud,Cloud Security,,,,⚪ No Active Demand
UCLOUD STORE COLOMBIA S A S,Workspace,Agentic Workplace Transformation,Workspace,,,,⚪ No Active Demand
Growth Partner Network (GPN),Application Modernization,"Migrate, Modernize and Build",Apigee API Management,,,,🔴 Gap (0 DRP / 1 wkls)
Growth Partner Network (GPN),Application Modernization,"Migrate, Modernize and Build",Cloud Run,,,,⚪ No Active Demand
Growth Partner Network (GPN),Application Modernization,"Migrate, Modernize and Build",Google Kubernetes Engine,,,,🔴 Gap (0 DRP / 3 wkls)
Growth Partner Network (GPN),Artificial Intelligence,Agentic Workplace Transformation,Gemini Enterprise,,,,🔴 Gap (0 DRP / 1 wkls)
Growth Partner Network (GPN),Artificial Intelligence,Gemini Enterprise for Customer Experience,GECX - Agent Assist,,,,⚪ No Active Demand
Growth Partner Network (GPN),Artificial Intelligence,Gemini Enterprise for Customer Experience,GECX - CCaaS,,,,⚪ No Active Demand
Growth Partner Network (GPN),Artificial Intelligence,Gemini Enterprise for Customer Experience,GECX - CX Agent Studio,,,,⚪ No Active Demand
Growth Partner Network (GPN),Artificial Intelligence,Gemini Enterprise for Customer Experience,GECX - CX Insights,,,,⚪ No Active Demand
Growth Partner Network (GPN),Artificial Intelligence,Gemini Enterprise for Customer Experience,Gemini Enterprise Agent Platform,,,,🔴 Gap (0 DRP / 9 wkls)
Growth Partner Network (GPN),Artificial Intelligence,Leverage Generative Media in your Business,Gemini Enterprise Agent Platform,,,,⚪ No Active Demand
Growth Partner Network (GPN),Artificial Intelligence,Scale AI Apps and Agents,AI Applications,,,,⚪ No Active Demand
Growth Partner Network (GPN),Artificial Intelligence,Scale AI Apps and Agents,Gemini Enterprise Agent Platform,,,,🔴 Gap (0 DRP / 11 wkls)
Growth Partner Network (GPN),Artificial Intelligence,Your Business. Your Models.,Gemini Enterprise Agent Platform,,,,⚪ No Active Demand
Growth Partner Network (GPN),Data & Analytics,"Migrate, Modernize, and Build with Data Cloud",BigQuery,,,,⚪ No Active Demand
Growth Partner Network (GPN),Data & Analytics,"Migrate, Modernize, and Build with Data Cloud",Dataflow,,,,⚪ No Active Demand
Growth Partner Network (GPN),Data & Analytics,The AI Ready Data Cloud,BigQuery,,,,🔴 Gap (0 DRP / 8 wkls)
Growth Partner Network (GPN),Data & Analytics,The AI Ready Data Cloud,Dataflow,,,,⚪ No Active Demand
Growth Partner Network (GPN),Data & Analytics,The AI Ready Data Cloud,Dataproc,,,,⚪ No Active Demand
Growth Partner Network (GPN),Data & Analytics,The AI Ready Data Cloud,Looker,,,,⚪ No Active Demand
Growth Partner Network (GPN),Databases,"Migrate, Modernize, and Build with Data Cloud",AlloyDB for PostgreSQL,,,,⚪ No Active Demand
Growth Partner Network (GPN),Databases,"Migrate, Modernize, and Build with Data Cloud",Cloud SQL,,,,⚪ No Active Demand
Growth Partner Network (GPN),Databases,"Migrate, Modernize, and Build with Data Cloud",Spanner,,,,⚪ No Active Demand
Growth Partner Network (GPN),Databases,The AI Ready Data Cloud,AlloyDB for PostgreSQL,,,,🔴 Gap (0 DRP / 1 wkls)
Growth Partner Network (GPN),Databases,The AI Ready Data Cloud,Cloud SQL,,,,⚪ No Active Demand
Growth Partner Network (GPN),Databases,The AI Ready Data Cloud,Spanner,,,,⚪ No Active Demand
Growth Partner Network (GPN),Infrastructure Modernization,Enterprise Platform of Choice: Oracle,Oracle,,,,⚪ No Active Demand
Growth Partner Network (GPN),Infrastructure Modernization,Enterprise Platform of Choice: SAP,SAP on Google Cloud,,,,⚪ No Active Demand
Growth Partner Network (GPN),Infrastructure Modernization,Enterprise Platform of Choice: VMware,Google Cloud VMware Engine,,,,🔴 Gap (0 DRP / 2 wkls)
Growth Partner Network (GPN),Infrastructure Modernization,"Migrate, Modernize and Build",Google Cloud Networking,,,,⚪ No Active Demand
Growth Partner Network (GPN),Infrastructure Modernization,"Migrate, Modernize and Build",Google Compute Engine,,,,⚪ No Active Demand
Growth Partner Network (GPN),Infrastructure Modernization,Sovereignty,Google Distributed Cloud,,,,⚪ No Active Demand
Growth Partner Network (GPN),Security,Agentic Defense with Google Security,Google Threat Intelligence,,,,⚪ No Active Demand
Growth Partner Network (GPN),Security,Agentic Defense with Google Security,Security Command Center,,,,⚪ No Active Demand
Growth Partner Network (GPN),Security,Agentic Defense with Google Security,Security Operations,,,,⚪ No Active Demand
Growth Partner Network (GPN),Security,Secure Innovation with Google Cloud,Cloud Security,,,,⚪ No Active Demand
Growth Partner Network (GPN),Workspace,Agentic Workplace Transformation,Workspace,,,,⚪ No Active Demand
Noventiq (Softline),Application Modernization,"Migrate, Modernize and Build",Apigee API Management,,,,⚪ No Active Demand
Noventiq (Softline),Application Modernization,"Migrate, Modernize and Build",Cloud Run,1,6,7,🟢 Ready (7 profiles)
Noventiq (Softline),Application Modernization,"Migrate, Modernize and Build",Google Kubernetes Engine,1,3,4,🟢 Ready (4 DRP / 4 wkls)
Noventiq (Softline),Artificial Intelligence,Agentic Workplace Transformation,Gemini Enterprise,,4,4,🟡 Constrained (4 DRP / 9 wkls)
Noventiq (Softline),Artificial Intelligence,Gemini Enterprise for Customer Experience,GECX - Agent Assist,,,,⚪ No Active Demand
Noventiq (Softline),Artificial Intelligence,Gemini Enterprise for Customer Experience,GECX - CCaaS,,,,⚪ No Active Demand
Noventiq (Softline),Artificial Intelligence,Gemini Enterprise for Customer Experience,GECX - CX Agent Studio,,,,⚪ No Active Demand
Noventiq (Softline),Artificial Intelligence,Gemini Enterprise for Customer Experience,GECX - CX Insights,,,,⚪ No Active Demand
Noventiq (Softline),Artificial Intelligence,Gemini Enterprise for Customer Experience,Gemini Enterprise Agent Platform,,8,8,🟢 Ready (8 DRP / 6 wkls)
Noventiq (Softline),Artificial Intelligence,Leverage Generative Media in your Business,Gemini Enterprise Agent Platform,,8,8,🟢 Ready (8 DRP / 1 wkls)
Noventiq (Softline),Artificial Intelligence,Scale AI Apps and Agents,AI Applications,,,,⚪ No Active Demand
Noventiq (Softline),Artificial Intelligence,Scale AI Apps and Agents,Gemini Enterprise Agent Platform,,8,8,🟡 Constrained (8 DRP / 9 wkls)
Noventiq (Softline),Artificial Intelligence,Your Business. Your Models.,Gemini Enterprise Agent Platform,,8,8,🟢 Ready (8 DRP / 1 wkls)
Noventiq (Softline),Data & Analytics,"Migrate, Modernize, and Build with Data Cloud",BigQuery,,,,⚪ No Active Demand
Noventiq (Softline),Data & Analytics,"Migrate, Modernize, and Build with Data Cloud",Dataflow,,,,⚪ No Active Demand
Noventiq (Softline),Data & Analytics,The AI Ready Data Cloud,BigQuery,,,,🔴 Gap (0 DRP / 5 wkls)
Noventiq (Softline),Data & Analytics,The AI Ready Data Cloud,Dataflow,,,,⚪ No Active Demand
Noventiq (Softline),Data & Analytics,The AI Ready Data Cloud,Dataproc,,,,⚪ No Active Demand
Noventiq (Softline),Data & Analytics,The AI Ready Data Cloud,Looker,,,,⚪ No Active Demand
Noventiq (Softline),Databases,"Migrate, Modernize, and Build with Data Cloud",AlloyDB for PostgreSQL,,,,⚪ No Active Demand
Noventiq (Softline),Databases,"Migrate, Modernize, and Build with Data Cloud",Cloud SQL,,,,⚪ No Active Demand
Noventiq (Softline),Databases,"Migrate, Modernize, and Build with Data Cloud",Spanner,,,,⚪ No Active Demand
Noventiq (Softline),Databases,The AI Ready Data Cloud,AlloyDB for PostgreSQL,,,,⚪ No Active Demand
Noventiq (Softline),Databases,The AI Ready Data Cloud,Cloud SQL,,,,⚪ No Active Demand
Noventiq (Softline),Databases,The AI Ready Data Cloud,Spanner,,,,⚪ No Active Demand
Noventiq (Softline),Infrastructure Modernization,Enterprise Platform of Choice: Oracle,Oracle,,,,⚪ No Active Demand
Noventiq (Softline),Infrastructure Modernization,Enterprise Platform of Choice: SAP,SAP on Google Cloud,,,,⚪ No Active Demand
Noventiq (Softline),Infrastructure Modernization,Enterprise Platform of Choice: VMware,Google Cloud VMware Engine,,,,⚪ No Active Demand
Noventiq (Softline),Infrastructure Modernization,"Migrate, Modernize and Build",Google Cloud Networking,,1,1,🟢 Ready (1 profiles)
Noventiq (Softline),Infrastructure Modernization,"Migrate, Modernize and Build",Google Compute Engine,9,2,11,🟢 Ready (11 profiles)
Noventiq (Softline),Infrastructure Modernization,Sovereignty,Google Distributed Cloud,,,,⚪ No Active Demand
Noventiq (Softline),Security,Agentic Defense with Google Security,Google Threat Intelligence,,,,⚪ No Active Demand
Noventiq (Softline),Security,Agentic Defense with Google Security,Security Command Center,1,2,3,🟢 Ready (3 profiles)
Noventiq (Softline),Security,Agentic Defense with Google Security,Security Operations,,,,⚪ No Active Demand
Noventiq (Softline),Security,Secure Innovation with Google Cloud,Cloud Security,1,3,4,🟢 Ready (4 profiles)
Noventiq (Softline),Workspace,Agentic Workplace Transformation,Workspace,9,2,11,🟢 Ready (11 profiles)
INFORMACIÓN LOCALIZADA SAS (Servinformación),Application Modernization,"Migrate, Modernize and Build",Apigee API Management,,1,1,🟡 Constrained (1 DRP / 2 wkls)
INFORMACIÓN LOCALIZADA SAS (Servinformación),Application Modernization,"Migrate, Modernize and Build",Cloud Run,10,15,25,🟢 Ready (25 profiles)
INFORMACIÓN LOCALIZADA SAS (Servinformación),Application Modernization,"Migrate, Modernize and Build",Google Kubernetes Engine,7,12,19,🟡 Constrained (19 DRP / 20 wkls)
INFORMACIÓN LOCALIZADA SAS (Servinformación),Artificial Intelligence,Agentic Workplace Transformation,Gemini Enterprise,,3,3,🟡 Constrained (3 DRP / 50 wkls)
INFORMACIÓN LOCALIZADA SAS (Servinformación),Artificial Intelligence,Gemini Enterprise for Customer Experience,GECX - Agent Assist,,1,1,🟢 Ready (1 profiles)
INFORMACIÓN LOCALIZADA SAS (Servinformación),Artificial Intelligence,Gemini Enterprise for Customer Experience,GECX - CCaaS,,,,⚪ No Active Demand
INFORMACIÓN LOCALIZADA SAS (Servinformación),Artificial Intelligence,Gemini Enterprise for Customer Experience,GECX - CX Agent Studio,,1,1,🟢 Ready (1 profiles)
INFORMACIÓN LOCALIZADA SAS (Servinformación),Artificial Intelligence,Gemini Enterprise for Customer Experience,GECX - CX Insights,,1,1,🟢 Ready (1 profiles)
INFORMACIÓN LOCALIZADA SAS (Servinformación),Artificial Intelligence,Gemini Enterprise for Customer Experience,Gemini Enterprise Agent Platform,20,15,35,🟢 Ready (35 DRP / 34 wkls)
INFORMACIÓN LOCALIZADA SAS (Servinformación),Artificial Intelligence,Leverage Generative Media in your Business,Gemini Enterprise Agent Platform,20,15,35,🟢 Ready (35 DRP / 1 wkls)
INFORMACIÓN LOCALIZADA SAS (Servinformación),Artificial Intelligence,Scale AI Apps and Agents,AI Applications,6,5,11,🟢 Ready (11 profiles)
INFORMACIÓN LOCALIZADA SAS (Servinformación),Artificial Intelligence,Scale AI Apps and Agents,Gemini Enterprise Agent Platform,20,15,35,🟡 Constrained (35 DRP / 70 wkls)
INFORMACIÓN LOCALIZADA SAS (Servinformación),Artificial Intelligence,Your Business. Your Models.,Gemini Enterprise Agent Platform,20,15,35,🟢 Ready (35 DRP / 5 wkls)
INFORMACIÓN LOCALIZADA SAS (Servinformación),Data & Analytics,"Migrate, Modernize, and Build with Data Cloud",BigQuery,20,10,30,🟢 Ready (30 profiles)
INFORMACIÓN LOCALIZADA SAS (Servinformación),Data & Analytics,"Migrate, Modernize, and Build with Data Cloud",Dataflow,9,8,17,🟢 Ready (17 profiles)
INFORMACIÓN LOCALIZADA SAS (Servinformación),Data & Analytics,The AI Ready Data Cloud,BigQuery,20,10,30,🟡 Constrained (30 DRP / 51 wkls)
INFORMACIÓN LOCALIZADA SAS (Servinformación),Data & Analytics,The AI Ready Data Cloud,Dataflow,9,8,17,🟢 Ready (17 DRP / 2 wkls)
INFORMACIÓN LOCALIZADA SAS (Servinformación),Data & Analytics,The AI Ready Data Cloud,Dataproc,,,,⚪ No Active Demand
INFORMACIÓN LOCALIZADA SAS (Servinformación),Data & Analytics,The AI Ready Data Cloud,Looker,18,3,21,🟢 Ready (21 DRP / 3 wkls)
INFORMACIÓN LOCALIZADA SAS (Servinformación),Databases,"Migrate, Modernize, and Build with Data Cloud",AlloyDB for PostgreSQL,,,,⚪ No Active Demand
INFORMACIÓN LOCALIZADA SAS (Servinformación),Databases,"Migrate, Modernize, and Build with Data Cloud",Cloud SQL,,4,4,🟢 Ready (4 profiles)
INFORMACIÓN LOCALIZADA SAS (Servinformación),Databases,"Migrate, Modernize, and Build with Data Cloud",Spanner,,,,⚪ No Active Demand
INFORMACIÓN LOCALIZADA SAS (Servinformación),Databases,The AI Ready Data Cloud,AlloyDB for PostgreSQL,,,,🔴 Gap (0 DRP / 3 wkls)
INFORMACIÓN LOCALIZADA SAS (Servinformación),Databases,The AI Ready Data Cloud,Cloud SQL,,4,4,🟢 Ready (4 DRP / 1 wkls)
INFORMACIÓN LOCALIZADA SAS (Servinformación),Databases,The AI Ready Data Cloud,Spanner,,,,🔴 Gap (0 DRP / 1 wkls)
INFORMACIÓN LOCALIZADA SAS (Servinformación),Infrastructure Modernization,Enterprise Platform of Choice: Oracle,Oracle,,,,⚪ No Active Demand
INFORMACIÓN LOCALIZADA SAS (Servinformación),Infrastructure Modernization,Enterprise Platform of Choice: SAP,SAP on Google Cloud,2,,2,🟢 Ready (2 profiles)
INFORMACIÓN LOCALIZADA SAS (Servinformación),Infrastructure Modernization,Enterprise Platform of Choice: VMware,Google Cloud VMware Engine,3,7,10,🟢 Ready (10 profiles)
INFORMACIÓN LOCALIZADA SAS (Servinformación),Infrastructure Modernization,"Migrate, Modernize and Build",Google Cloud Networking,4,15,19,🟢 Ready (19 profiles)
INFORMACIÓN LOCALIZADA SAS (Servinformación),Infrastructure Modernization,"Migrate, Modernize and Build",Google Compute Engine,71,19,90,🟢 Ready (90 profiles)
INFORMACIÓN LOCALIZADA SAS (Servinformación),Infrastructure Modernization,Sovereignty,Google Distributed Cloud,,,,⚪ No Active Demand
INFORMACIÓN LOCALIZADA SAS (Servinformación),Security,Agentic Defense with Google Security,Google Threat Intelligence,1,2,3,🟢 Ready (3 profiles)
INFORMACIÓN LOCALIZADA SAS (Servinformación),Security,Agentic Defense with Google Security,Security Command Center,13,2,15,🟢 Ready (15 profiles)
INFORMACIÓN LOCALIZADA SAS (Servinformación),Security,Agentic Defense with Google Security,Security Operations,7,2,9,🟢 Ready (9 profiles)
INFORMACIÓN LOCALIZADA SAS (Servinformación),Security,Secure Innovation with Google Cloud,Cloud Security,12,3,15,🟢 Ready (15 profiles)
INFORMACIÓN LOCALIZADA SAS (Servinformación),Workspace,Agentic Workplace Transformation,Workspace,12,,12,🟢 Ready (12 profiles)
Abacus Cambridge Partners,Application Modernization,"Migrate, Modernize and Build",Apigee API Management,,,,⚪ No Active Demand
Abacus Cambridge Partners,Application Modernization,"Migrate, Modernize and Build",Cloud Run,,,,⚪ No Active Demand
Abacus Cambridge Partners,Application Modernization,"Migrate, Modernize and Build",Google Kubernetes Engine,3,1,4,🟢 Ready (4 DRP / 1 wkls)
Abacus Cambridge Partners,Artificial Intelligence,Agentic Workplace Transformation,Gemini Enterprise,,2,2,🟢 Ready (2 DRP / 1 wkls)
Abacus Cambridge Partners,Artificial Intelligence,Gemini Enterprise for Customer Experience,GECX - Agent Assist,,,,⚪ No Active Demand
Abacus Cambridge Partners,Artificial Intelligence,Gemini Enterprise for Customer Experience,GECX - CCaaS,,,,⚪ No Active Demand
Abacus Cambridge Partners,Artificial Intelligence,Gemini Enterprise for Customer Experience,GECX - CX Agent Studio,,,,⚪ No Active Demand
Abacus Cambridge Partners,Artificial Intelligence,Gemini Enterprise for Customer Experience,GECX - CX Insights,,,,⚪ No Active Demand
Abacus Cambridge Partners,Artificial Intelligence,Gemini Enterprise for Customer Experience,Gemini Enterprise Agent Platform,,,,🔴 Gap (0 DRP / 3 wkls)
Abacus Cambridge Partners,Artificial Intelligence,Leverage Generative Media in your Business,Gemini Enterprise Agent Platform,,,,⚪ No Active Demand
Abacus Cambridge Partners,Artificial Intelligence,Scale AI Apps and Agents,AI Applications,,,,⚪ No Active Demand
Abacus Cambridge Partners,Artificial Intelligence,Scale AI Apps and Agents,Gemini Enterprise Agent Platform,,,,🔴 Gap (0 DRP / 8 wkls)
Abacus Cambridge Partners,Artificial Intelligence,Your Business. Your Models.,Gemini Enterprise Agent Platform,,,,⚪ No Active Demand
Abacus Cambridge Partners,Data & Analytics,"Migrate, Modernize, and Build with Data Cloud",BigQuery,,,,⚪ No Active Demand
Abacus Cambridge Partners,Data & Analytics,"Migrate, Modernize, and Build with Data Cloud",Dataflow,,,,⚪ No Active Demand
Abacus Cambridge Partners,Data & Analytics,The AI Ready Data Cloud,BigQuery,,,,🔴 Gap (0 DRP / 1 wkls)
Abacus Cambridge Partners,Data & Analytics,The AI Ready Data Cloud,Dataflow,,,,⚪ No Active Demand
Abacus Cambridge Partners,Data & Analytics,The AI Ready Data Cloud,Dataproc,,,,⚪ No Active Demand
Abacus Cambridge Partners,Data & Analytics,The AI Ready Data Cloud,Looker,,,,🔴 Gap (0 DRP / 1 wkls)
Abacus Cambridge Partners,Databases,"Migrate, Modernize, and Build with Data Cloud",AlloyDB for PostgreSQL,,,,⚪ No Active Demand
Abacus Cambridge Partners,Databases,"Migrate, Modernize, and Build with Data Cloud",Cloud SQL,,,,⚪ No Active Demand
Abacus Cambridge Partners,Databases,"Migrate, Modernize, and Build with Data Cloud",Spanner,,,,⚪ No Active Demand
Abacus Cambridge Partners,Databases,The AI Ready Data Cloud,AlloyDB for PostgreSQL,,,,⚪ No Active Demand
Abacus Cambridge Partners,Databases,The AI Ready Data Cloud,Cloud SQL,,,,⚪ No Active Demand
Abacus Cambridge Partners,Databases,The AI Ready Data Cloud,Spanner,,,,⚪ No Active Demand
Abacus Cambridge Partners,Infrastructure Modernization,Enterprise Platform of Choice: Oracle,Oracle,,,,⚪ No Active Demand
Abacus Cambridge Partners,Infrastructure Modernization,Enterprise Platform of Choice: SAP,SAP on Google Cloud,,,,⚪ No Active Demand
Abacus Cambridge Partners,Infrastructure Modernization,Enterprise Platform of Choice: VMware,Google Cloud VMware Engine,,,,⚪ No Active Demand
Abacus Cambridge Partners,Infrastructure Modernization,"Migrate, Modernize and Build",Google Cloud Networking,,1,1,🟢 Ready (1 profiles)
Abacus Cambridge Partners,Infrastructure Modernization,"Migrate, Modernize and Build",Google Compute Engine,,1,1,🟢 Ready (1 profiles)
Abacus Cambridge Partners,Infrastructure Modernization,Sovereignty,Google Distributed Cloud,,,,⚪ No Active Demand
Abacus Cambridge Partners,Security,Agentic Defense with Google Security,Google Threat Intelligence,,,,⚪ No Active Demand
Abacus Cambridge Partners,Security,Agentic Defense with Google Security,Security Command Center,,,,⚪ No Active Demand
Abacus Cambridge Partners,Security,Agentic Defense with Google Security,Security Operations,,,,⚪ No Active Demand
Abacus Cambridge Partners,Security,Secure Innovation with Google Cloud,Cloud Security,,,,⚪ No Active Demand
Abacus Cambridge Partners,Workspace,Agentic Workplace Transformation,Workspace,,,,⚪ No Active Demand
Gentrop Cloud Brasil,Application Modernization,"Migrate, Modernize and Build",Apigee API Management,,,,⚪ No Active Demand
Gentrop Cloud Brasil,Application Modernization,"Migrate, Modernize and Build",Cloud Run,,,,⚪ No Active Demand
Gentrop Cloud Brasil,Application Modernization,"Migrate, Modernize and Build",Google Kubernetes Engine,,,,⚪ No Active Demand
Gentrop Cloud Brasil,Artificial Intelligence,Agentic Workplace Transformation,Gemini Enterprise,,1,1,🟡 Constrained (1 DRP / 46 wkls)
Gentrop Cloud Brasil,Artificial Intelligence,Gemini Enterprise for Customer Experience,GECX - Agent Assist,,,,⚪ No Active Demand
Gentrop Cloud Brasil,Artificial Intelligence,Gemini Enterprise for Customer Experience,GECX - CCaaS,,,,⚪ No Active Demand
Gentrop Cloud Brasil,Artificial Intelligence,Gemini Enterprise for Customer Experience,GECX - CX Agent Studio,,,,⚪ No Active Demand
Gentrop Cloud Brasil,Artificial Intelligence,Gemini Enterprise for Customer Experience,GECX - CX Insights,,,,⚪ No Active Demand
Gentrop Cloud Brasil,Artificial Intelligence,Gemini Enterprise for Customer Experience,Gemini Enterprise Agent Platform,,2,2,🟡 Constrained (2 DRP / 6 wkls)
Gentrop Cloud Brasil,Artificial Intelligence,Leverage Generative Media in your Business,Gemini Enterprise Agent Platform,,2,2,🟢 Ready (2 profiles)
Gentrop Cloud Brasil,Artificial Intelligence,Scale AI Apps and Agents,AI Applications,,,,⚪ No Active Demand
Gentrop Cloud Brasil,Artificial Intelligence,Scale AI Apps and Agents,Gemini Enterprise Agent Platform,,2,2,🟡 Constrained (2 DRP / 18 wkls)
Gentrop Cloud Brasil,Artificial Intelligence,Your Business. Your Models.,Gemini Enterprise Agent Platform,,2,2,🟢 Ready (2 DRP / 2 wkls)
Gentrop Cloud Brasil,Data & Analytics,"Migrate, Modernize, and Build with Data Cloud",BigQuery,,,,⚪ No Active Demand
Gentrop Cloud Brasil,Data & Analytics,"Migrate, Modernize, and Build with Data Cloud",Dataflow,,,,⚪ No Active Demand
Gentrop Cloud Brasil,Data & Analytics,The AI Ready Data Cloud,BigQuery,,,,🔴 Gap (0 DRP / 1 wkls)
Gentrop Cloud Brasil,Data & Analytics,The AI Ready Data Cloud,Dataflow,,,,⚪ No Active Demand
Gentrop Cloud Brasil,Data & Analytics,The AI Ready Data Cloud,Dataproc,,,,⚪ No Active Demand
Gentrop Cloud Brasil,Data & Analytics,The AI Ready Data Cloud,Looker,,,,⚪ No Active Demand
Gentrop Cloud Brasil,Databases,"Migrate, Modernize, and Build with Data Cloud",AlloyDB for PostgreSQL,,,,⚪ No Active Demand
Gentrop Cloud Brasil,Databases,"Migrate, Modernize, and Build with Data Cloud",Cloud SQL,,,,⚪ No Active Demand
Gentrop Cloud Brasil,Databases,"Migrate, Modernize, and Build with Data Cloud",Spanner,,,,⚪ No Active Demand
Gentrop Cloud Brasil,Databases,The AI Ready Data Cloud,AlloyDB for PostgreSQL,,,,⚪ No Active Demand
Gentrop Cloud Brasil,Databases,The AI Ready Data Cloud,Cloud SQL,,,,⚪ No Active Demand
Gentrop Cloud Brasil,Databases,The AI Ready Data Cloud,Spanner,,,,⚪ No Active Demand
Gentrop Cloud Brasil,Infrastructure Modernization,Enterprise Platform of Choice: Oracle,Oracle,,,,⚪ No Active Demand
Gentrop Cloud Brasil,Infrastructure Modernization,Enterprise Platform of Choice: SAP,SAP on Google Cloud,,,,⚪ No Active Demand
Gentrop Cloud Brasil,Infrastructure Modernization,Enterprise Platform of Choice: VMware,Google Cloud VMware Engine,,,,⚪ No Active Demand
Gentrop Cloud Brasil,Infrastructure Modernization,"Migrate, Modernize and Build",Google Cloud Networking,,1,1,🟢 Ready (1 profiles)
Gentrop Cloud Brasil,Infrastructure Modernization,"Migrate, Modernize and Build",Google Compute Engine,,,,⚪ No Active Demand
Gentrop Cloud Brasil,Infrastructure Modernization,Sovereignty,Google Distributed Cloud,,,,⚪ No Active Demand
Gentrop Cloud Brasil,Security,Agentic Defense with Google Security,Google Threat Intelligence,,,,⚪ No Active Demand
Gentrop Cloud Brasil,Security,Agentic Defense with Google Security,Security Command Center,,,,⚪ No Active Demand
Gentrop Cloud Brasil,Security,Agentic Defense with Google Security,Security Operations,,,,⚪ No Active Demand
Gentrop Cloud Brasil,Security,Secure Innovation with Google Cloud,Cloud Security,,,,⚪ No Active Demand
Gentrop Cloud Brasil,Workspace,Agentic Workplace Transformation,Workspace,23,9,32,🟢 Ready (32 profiles)
QiNetwork,Application Modernization,"Migrate, Modernize and Build",Apigee API Management,,1,1,🟢 Ready (1 profiles)
QiNetwork,Application Modernization,"Migrate, Modernize and Build",Cloud Run,,1,1,🟢 Ready (1 profiles)
QiNetwork,Application Modernization,"Migrate, Modernize and Build",Google Kubernetes Engine,,2,2,🟡 Constrained (2 DRP / 4 wkls)
QiNetwork,Artificial Intelligence,Agentic Workplace Transformation,Gemini Enterprise,5,3,8,🟡 Constrained (8 DRP / 12 wkls)
QiNetwork,Artificial Intelligence,Gemini Enterprise for Customer Experience,GECX - Agent Assist,,,,⚪ No Active Demand
QiNetwork,Artificial Intelligence,Gemini Enterprise for Customer Experience,GECX - CCaaS,,,,⚪ No Active Demand
QiNetwork,Artificial Intelligence,Gemini Enterprise for Customer Experience,GECX - CX Agent Studio,,,,⚪ No Active Demand
QiNetwork,Artificial Intelligence,Gemini Enterprise for Customer Experience,GECX - CX Insights,,,,⚪ No Active Demand
QiNetwork,Artificial Intelligence,Gemini Enterprise for Customer Experience,Gemini Enterprise Agent Platform,5,1,6,🟡 Constrained (6 DRP / 9 wkls)
QiNetwork,Artificial Intelligence,Leverage Generative Media in your Business,Gemini Enterprise Agent Platform,5,1,6,🟢 Ready (6 profiles)
QiNetwork,Artificial Intelligence,Scale AI Apps and Agents,AI Applications,2,,2,🟢 Ready (2 profiles)
QiNetwork,Artificial Intelligence,Scale AI Apps and Agents,Gemini Enterprise Agent Platform,5,1,6,🟡 Constrained (6 DRP / 15 wkls)
QiNetwork,Artificial Intelligence,Your Business. Your Models.,Gemini Enterprise Agent Platform,5,1,6,🟢 Ready (6 DRP / 3 wkls)
QiNetwork,Data & Analytics,"Migrate, Modernize, and Build with Data Cloud",BigQuery,4,3,7,🟢 Ready (7 profiles)
QiNetwork,Data & Analytics,"Migrate, Modernize, and Build with Data Cloud",Dataflow,,1,1,🟢 Ready (1 profiles)
QiNetwork,Data & Analytics,The AI Ready Data Cloud,BigQuery,4,3,7,🟢 Ready (7 DRP / 7 wkls)
QiNetwork,Data & Analytics,The AI Ready Data Cloud,Dataflow,,1,1,🟢 Ready (1 profiles)
QiNetwork,Data & Analytics,The AI Ready Data Cloud,Dataproc,,,,⚪ No Active Demand
QiNetwork,Data & Analytics,The AI Ready Data Cloud,Looker,,1,1,🟢 Ready (1 profiles)
QiNetwork,Databases,"Migrate, Modernize, and Build with Data Cloud",AlloyDB for PostgreSQL,,,,⚪ No Active Demand
QiNetwork,Databases,"Migrate, Modernize, and Build with Data Cloud",Cloud SQL,,4,4,🟢 Ready (4 profiles)
QiNetwork,Databases,"Migrate, Modernize, and Build with Data Cloud",Spanner,,,,⚪ No Active Demand
QiNetwork,Databases,The AI Ready Data Cloud,AlloyDB for PostgreSQL,,,,⚪ No Active Demand
QiNetwork,Databases,The AI Ready Data Cloud,Cloud SQL,,4,4,🟢 Ready (4 profiles)
QiNetwork,Databases,The AI Ready Data Cloud,Spanner,,,,🔴 Gap (0 DRP / 1 wkls)
QiNetwork,Infrastructure Modernization,Enterprise Platform of Choice: Oracle,Oracle,,,,⚪ No Active Demand
QiNetwork,Infrastructure Modernization,Enterprise Platform of Choice: SAP,SAP on Google Cloud,,,,⚪ No Active Demand
QiNetwork,Infrastructure Modernization,Enterprise Platform of Choice: VMware,Google Cloud VMware Engine,1,1,2,🟢 Ready (2 profiles)
QiNetwork,Infrastructure Modernization,"Migrate, Modernize and Build",Google Cloud Networking,8,1,9,🟢 Ready (9 profiles)
QiNetwork,Infrastructure Modernization,"Migrate, Modernize and Build",Google Compute Engine,8,2,10,🟢 Ready (10 profiles)
QiNetwork,Infrastructure Modernization,Sovereignty,Google Distributed Cloud,,,,⚪ No Active Demand
QiNetwork,Security,Agentic Defense with Google Security,Google Threat Intelligence,,,,⚪ No Active Demand
QiNetwork,Security,Agentic Defense with Google Security,Security Command Center,,1,1,🟢 Ready (1 profiles)
QiNetwork,Security,Agentic Defense with Google Security,Security Operations,,1,1,🟢 Ready (1 profiles)
QiNetwork,Security,Secure Innovation with Google Cloud,Cloud Security,1,2,3,🟢 Ready (3 profiles)
QiNetwork,Workspace,Agentic Workplace Transformation,Workspace,7,2,9,🟢 Ready (9 profiles)
Safetec Informática,Application Modernization,"Migrate, Modernize and Build",Apigee API Management,,,,⚪ No Active Demand
Safetec Informática,Application Modernization,"Migrate, Modernize and Build",Cloud Run,,,,⚪ No Active Demand
Safetec Informática,Application Modernization,"Migrate, Modernize and Build",Google Kubernetes Engine,,2,2,🟢 Ready (2 DRP / 1 wkls)
Safetec Informática,Artificial Intelligence,Agentic Workplace Transformation,Gemini Enterprise,2,5,7,🟢 Ready (7 DRP / 5 wkls)
Safetec Informática,Artificial Intelligence,Gemini Enterprise for Customer Experience,GECX - Agent Assist,,,,⚪ No Active Demand
Safetec Informática,Artificial Intelligence,Gemini Enterprise for Customer Experience,GECX - CCaaS,,,,⚪ No Active Demand
Safetec Informática,Artificial Intelligence,Gemini Enterprise for Customer Experience,GECX - CX Agent Studio,,,,⚪ No Active Demand
Safetec Informática,Artificial Intelligence,Gemini Enterprise for Customer Experience,GECX - CX Insights,,,,⚪ No Active Demand
Safetec Informática,Artificial Intelligence,Gemini Enterprise for Customer Experience,Gemini Enterprise Agent Platform,,5,5,🟡 Constrained (5 DRP / 7 wkls)
Safetec Informática,Artificial Intelligence,Leverage Generative Media in your Business,Gemini Enterprise Agent Platform,,5,5,🟢 Ready (5 profiles)
Safetec Informática,Artificial Intelligence,Scale AI Apps and Agents,AI Applications,,,,⚪ No Active Demand
Safetec Informática,Artificial Intelligence,Scale AI Apps and Agents,Gemini Enterprise Agent Platform,,5,5,🟡 Constrained (5 DRP / 8 wkls)
Safetec Informática,Artificial Intelligence,Your Business. Your Models.,Gemini Enterprise Agent Platform,,5,5,🟢 Ready (5 profiles)
Safetec Informática,Data & Analytics,"Migrate, Modernize, and Build with Data Cloud",BigQuery,,,,⚪ No Active Demand
Safetec Informática,Data & Analytics,"Migrate, Modernize, and Build with Data Cloud",Dataflow,,2,2,🟢 Ready (2 profiles)
Safetec Informática,Data & Analytics,The AI Ready Data Cloud,BigQuery,,,,🔴 Gap (0 DRP / 1 wkls)
Safetec Informática,Data & Analytics,The AI Ready Data Cloud,Dataflow,,2,2,🟢 Ready (2 profiles)
Safetec Informática,Data & Analytics,The AI Ready Data Cloud,Dataproc,,,,⚪ No Active Demand
Safetec Informática,Data & Analytics,The AI Ready Data Cloud,Looker,,,,⚪ No Active Demand
Safetec Informática,Databases,"Migrate, Modernize, and Build with Data Cloud",AlloyDB for PostgreSQL,,,,⚪ No Active Demand
Safetec Informática,Databases,"Migrate, Modernize, and Build with Data Cloud",Cloud SQL,,,,⚪ No Active Demand
Safetec Informática,Databases,"Migrate, Modernize, and Build with Data Cloud",Spanner,,,,⚪ No Active Demand
Safetec Informática,Databases,The AI Ready Data Cloud,AlloyDB for PostgreSQL,,,,🔴 Gap (0 DRP / 1 wkls)
Safetec Informática,Databases,The AI Ready Data Cloud,Cloud SQL,,,,⚪ No Active Demand
Safetec Informática,Databases,The AI Ready Data Cloud,Spanner,,,,⚪ No Active Demand
Safetec Informática,Infrastructure Modernization,Enterprise Platform of Choice: Oracle,Oracle,,,,⚪ No Active Demand
Safetec Informática,Infrastructure Modernization,Enterprise Platform of Choice: SAP,SAP on Google Cloud,,,,⚪ No Active Demand
Safetec Informática,Infrastructure Modernization,Enterprise Platform of Choice: VMware,Google Cloud VMware Engine,,,,⚪ No Active Demand
Safetec Informática,Infrastructure Modernization,"Migrate, Modernize and Build",Google Cloud Networking,,,,⚪ No Active Demand
Safetec Informática,Infrastructure Modernization,"Migrate, Modernize and Build",Google Compute Engine,,,,⚪ No Active Demand
Safetec Informática,Infrastructure Modernization,Sovereignty,Google Distributed Cloud,,,,⚪ No Active Demand
Safetec Informática,Security,Agentic Defense with Google Security,Google Threat Intelligence,,,,⚪ No Active Demand
Safetec Informática,Security,Agentic Defense with Google Security,Security Command Center,1,1,2,🟢 Ready (2 profiles)
Safetec Informática,Security,Agentic Defense with Google Security,Security Operations,,,,⚪ No Active Demand
Safetec Informática,Security,Secure Innovation with Google Cloud,Cloud Security,1,1,2,🟢 Ready (2 profiles)
Safetec Informática,Workspace,Agentic Workplace Transformation,Workspace,12,,12,🟢 Ready (12 profiles)
VPN Soluçoes em TI LTDA (Venha para Nuvem),Application Modernization,"Migrate, Modernize and Build",Apigee API Management,,,,⚪ No Active Demand
VPN Soluçoes em TI LTDA (Venha para Nuvem),Application Modernization,"Migrate, Modernize and Build",Cloud Run,1,,1,🟢 Ready (1 profiles)
VPN Soluçoes em TI LTDA (Venha para Nuvem),Application Modernization,"Migrate, Modernize and Build",Google Kubernetes Engine,3,2,5,🟢 Ready (5 DRP / 2 wkls)
VPN Soluçoes em TI LTDA (Venha para Nuvem),Artificial Intelligence,Agentic Workplace Transformation,Gemini Enterprise,,1,1,🟡 Constrained (1 DRP / 18 wkls)
VPN Soluçoes em TI LTDA (Venha para Nuvem),Artificial Intelligence,Gemini Enterprise for Customer Experience,GECX - Agent Assist,,,,⚪ No Active Demand
VPN Soluçoes em TI LTDA (Venha para Nuvem),Artificial Intelligence,Gemini Enterprise for Customer Experience,GECX - CCaaS,,,,⚪ No Active Demand
VPN Soluçoes em TI LTDA (Venha para Nuvem),Artificial Intelligence,Gemini Enterprise for Customer Experience,GECX - CX Agent Studio,,,,⚪ No Active Demand
VPN Soluçoes em TI LTDA (Venha para Nuvem),Artificial Intelligence,Gemini Enterprise for Customer Experience,GECX - CX Insights,,,,⚪ No Active Demand
VPN Soluçoes em TI LTDA (Venha para Nuvem),Artificial Intelligence,Gemini Enterprise for Customer Experience,Gemini Enterprise Agent Platform,,,,🔴 Gap (0 DRP / 4 wkls)
VPN Soluçoes em TI LTDA (Venha para Nuvem),Artificial Intelligence,Leverage Generative Media in your Business,Gemini Enterprise Agent Platform,,,,🔴 Gap (0 DRP / 1 wkls)
VPN Soluçoes em TI LTDA (Venha para Nuvem),Artificial Intelligence,Scale AI Apps and Agents,AI Applications,1,1,2,🟢 Ready (2 profiles)
VPN Soluçoes em TI LTDA (Venha para Nuvem),Artificial Intelligence,Scale AI Apps and Agents,Gemini Enterprise Agent Platform,,,,🔴 Gap (0 DRP / 23 wkls)
VPN Soluçoes em TI LTDA (Venha para Nuvem),Artificial Intelligence,Your Business. Your Models.,Gemini Enterprise Agent Platform,,,,🔴 Gap (0 DRP / 6 wkls)
VPN Soluçoes em TI LTDA (Venha para Nuvem),Data & Analytics,"Migrate, Modernize, and Build with Data Cloud",BigQuery,,,,⚪ No Active Demand
VPN Soluçoes em TI LTDA (Venha para Nuvem),Data & Analytics,"Migrate, Modernize, and Build with Data Cloud",Dataflow,1,,1,🟢 Ready (1 profiles)
VPN Soluçoes em TI LTDA (Venha para Nuvem),Data & Analytics,The AI Ready Data Cloud,BigQuery,,,,🔴 Gap (0 DRP / 12 wkls)
VPN Soluçoes em TI LTDA (Venha para Nuvem),Data & Analytics,The AI Ready Data Cloud,Dataflow,1,,1,🟢 Ready (1 profiles)
VPN Soluçoes em TI LTDA (Venha para Nuvem),Data & Analytics,The AI Ready Data Cloud,Dataproc,,,,⚪ No Active Demand
VPN Soluçoes em TI LTDA (Venha para Nuvem),Data & Analytics,The AI Ready Data Cloud,Looker,,,,⚪ No Active Demand
VPN Soluçoes em TI LTDA (Venha para Nuvem),Databases,"Migrate, Modernize, and Build with Data Cloud",AlloyDB for PostgreSQL,,,,⚪ No Active Demand
VPN Soluçoes em TI LTDA (Venha para Nuvem),Databases,"Migrate, Modernize, and Build with Data Cloud",Cloud SQL,1,1,2,🟢 Ready (2 profiles)
VPN Soluçoes em TI LTDA (Venha para Nuvem),Databases,"Migrate, Modernize, and Build with Data Cloud",Spanner,,,,⚪ No Active Demand
VPN Soluçoes em TI LTDA (Venha para Nuvem),Databases,The AI Ready Data Cloud,AlloyDB for PostgreSQL,,,,🔴 Gap (0 DRP / 2 wkls)
VPN Soluçoes em TI LTDA (Venha para Nuvem),Databases,The AI Ready Data Cloud,Cloud SQL,1,1,2,🟢 Ready (2 profiles)
VPN Soluçoes em TI LTDA (Venha para Nuvem),Databases,The AI Ready Data Cloud,Spanner,,,,🔴 Gap (0 DRP / 1 wkls)
VPN Soluçoes em TI LTDA (Venha para Nuvem),Infrastructure Modernization,Enterprise Platform of Choice: Oracle,Oracle,,,,⚪ No Active Demand
VPN Soluçoes em TI LTDA (Venha para Nuvem),Infrastructure Modernization,Enterprise Platform of Choice: SAP,SAP on Google Cloud,,,,⚪ No Active Demand
VPN Soluçoes em TI LTDA (Venha para Nuvem),Infrastructure Modernization,Enterprise Platform of Choice: VMware,Google Cloud VMware Engine,,,,⚪ No Active Demand
VPN Soluçoes em TI LTDA (Venha para Nuvem),Infrastructure Modernization,"Migrate, Modernize and Build",Google Cloud Networking,2,2,4,🟢 Ready (4 profiles)
VPN Soluçoes em TI LTDA (Venha para Nuvem),Infrastructure Modernization,"Migrate, Modernize and Build",Google Compute Engine,5,1,6,🟢 Ready (6 profiles)
VPN Soluçoes em TI LTDA (Venha para Nuvem),Infrastructure Modernization,Sovereignty,Google Distributed Cloud,,,,⚪ No Active Demand
VPN Soluçoes em TI LTDA (Venha para Nuvem),Security,Agentic Defense with Google Security,Google Threat Intelligence,,,,⚪ No Active Demand
VPN Soluçoes em TI LTDA (Venha para Nuvem),Security,Agentic Defense with Google Security,Security Command Center,2,,2,🟢 Ready (2 profiles)
VPN Soluçoes em TI LTDA (Venha para Nuvem),Security,Agentic Defense with Google Security,Security Operations,3,1,4,🟢 Ready (4 profiles)
VPN Soluçoes em TI LTDA (Venha para Nuvem),Security,Secure Innovation with Google Cloud,Cloud Security,,,,⚪ No Active Demand
VPN Soluçoes em TI LTDA (Venha para Nuvem),Workspace,Agentic Workplace Transformation,Workspace,4,2,6,🟢 Ready (6 profiles)
Comercializadora Zenta Group SPA,Application Modernization,"Migrate, Modernize and Build",Apigee API Management,,,,⚪ No Active Demand
Comercializadora Zenta Group SPA,Application Modernization,"Migrate, Modernize and Build",Cloud Run,,1,1,🟢 Ready (1 profiles)
Comercializadora Zenta Group SPA,Application Modernization,"Migrate, Modernize and Build",Google Kubernetes Engine,,1,1,🟡 Constrained (1 DRP / 4 wkls)
Comercializadora Zenta Group SPA,Artificial Intelligence,Agentic Workplace Transformation,Gemini Enterprise,,3,3,🟡 Constrained (3 DRP / 7 wkls)
Comercializadora Zenta Group SPA,Artificial Intelligence,Gemini Enterprise for Customer Experience,GECX - Agent Assist,,,,⚪ No Active Demand
Comercializadora Zenta Group SPA,Artificial Intelligence,Gemini Enterprise for Customer Experience,GECX - CCaaS,,,,⚪ No Active Demand
Comercializadora Zenta Group SPA,Artificial Intelligence,Gemini Enterprise for Customer Experience,GECX - CX Agent Studio,,,,⚪ No Active Demand
Comercializadora Zenta Group SPA,Artificial Intelligence,Gemini Enterprise for Customer Experience,GECX - CX Insights,,,,⚪ No Active Demand
Comercializadora Zenta Group SPA,Artificial Intelligence,Gemini Enterprise for Customer Experience,Gemini Enterprise Agent Platform,,3,3,🟢 Ready (3 profiles)
Comercializadora Zenta Group SPA,Artificial Intelligence,Leverage Generative Media in your Business,Gemini Enterprise Agent Platform,,3,3,🟢 Ready (3 DRP / 1 wkls)
Comercializadora Zenta Group SPA,Artificial Intelligence,Scale AI Apps and Agents,AI Applications,,,,⚪ No Active Demand
Comercializadora Zenta Group SPA,Artificial Intelligence,Scale AI Apps and Agents,Gemini Enterprise Agent Platform,,3,3,🟡 Constrained (3 DRP / 8 wkls)
Comercializadora Zenta Group SPA,Artificial Intelligence,Your Business. Your Models.,Gemini Enterprise Agent Platform,,3,3,🟢 Ready (3 profiles)
Comercializadora Zenta Group SPA,Data & Analytics,"Migrate, Modernize, and Build with Data Cloud",BigQuery,,,,⚪ No Active Demand
Comercializadora Zenta Group SPA,Data & Analytics,"Migrate, Modernize, and Build with Data Cloud",Dataflow,,,,⚪ No Active Demand
Comercializadora Zenta Group SPA,Data & Analytics,The AI Ready Data Cloud,BigQuery,,,,🔴 Gap (0 DRP / 2 wkls)
Comercializadora Zenta Group SPA,Data & Analytics,The AI Ready Data Cloud,Dataflow,,,,⚪ No Active Demand
Comercializadora Zenta Group SPA,Data & Analytics,The AI Ready Data Cloud,Dataproc,,,,⚪ No Active Demand
Comercializadora Zenta Group SPA,Data & Analytics,The AI Ready Data Cloud,Looker,,,,⚪ No Active Demand
Comercializadora Zenta Group SPA,Databases,"Migrate, Modernize, and Build with Data Cloud",AlloyDB for PostgreSQL,,,,⚪ No Active Demand
Comercializadora Zenta Group SPA,Databases,"Migrate, Modernize, and Build with Data Cloud",Cloud SQL,,,,⚪ No Active Demand
Comercializadora Zenta Group SPA,Databases,"Migrate, Modernize, and Build with Data Cloud",Spanner,,,,⚪ No Active Demand
Comercializadora Zenta Group SPA,Databases,The AI Ready Data Cloud,AlloyDB for PostgreSQL,,,,🔴 Gap (0 DRP / 3 wkls)
Comercializadora Zenta Group SPA,Databases,The AI Ready Data Cloud,Cloud SQL,,,,⚪ No Active Demand
Comercializadora Zenta Group SPA,Databases,The AI Ready Data Cloud,Spanner,,,,⚪ No Active Demand
Comercializadora Zenta Group SPA,Infrastructure Modernization,Enterprise Platform of Choice: Oracle,Oracle,,,,⚪ No Active Demand
Comercializadora Zenta Group SPA,Infrastructure Modernization,Enterprise Platform of Choice: SAP,SAP on Google Cloud,,,,⚪ No Active Demand
Comercializadora Zenta Group SPA,Infrastructure Modernization,Enterprise Platform of Choice: VMware,Google Cloud VMware Engine,,,,🔴 Gap (0 DRP / 1 wkls)
Comercializadora Zenta Group SPA,Infrastructure Modernization,"Migrate, Modernize and Build",Google Cloud Networking,,2,2,🟢 Ready (2 profiles)
Comercializadora Zenta Group SPA,Infrastructure Modernization,"Migrate, Modernize and Build",Google Compute Engine,1,1,2,🟢 Ready (2 profiles)
Comercializadora Zenta Group SPA,Infrastructure Modernization,Sovereignty,Google Distributed Cloud,,,,⚪ No Active Demand
Comercializadora Zenta Group SPA,Security,Agentic Defense with Google Security,Google Threat Intelligence,,,,⚪ No Active Demand
Comercializadora Zenta Group SPA,Security,Agentic Defense with Google Security,Security Command Center,,,,⚪ No Active Demand
Comercializadora Zenta Group SPA,Security,Agentic Defense with Google Security,Security Operations,,,,⚪ No Active Demand
Comercializadora Zenta Group SPA,Security,Secure Innovation with Google Cloud,Cloud Security,,,,⚪ No Active Demand
Comercializadora Zenta Group SPA,Workspace,Agentic Workplace Transformation,Workspace,,,,⚪ No Active Demand
Consiti (Consultoría y Soluciones Informáticas),Application Modernization,"Migrate, Modernize and Build",Apigee API Management,,,,⚪ No Active Demand
Consiti (Consultoría y Soluciones Informáticas),Application Modernization,"Migrate, Modernize and Build",Cloud Run,,1,1,🟢 Ready (1 profiles)
Consiti (Consultoría y Soluciones Informáticas),Application Modernization,"Migrate, Modernize and Build",Google Kubernetes Engine,,,,⚪ No Active Demand
Consiti (Consultoría y Soluciones Informáticas),Artificial Intelligence,Agentic Workplace Transformation,Gemini Enterprise,,,,🔴 Gap (0 DRP / 5 wkls)
Consiti (Consultoría y Soluciones Informáticas),Artificial Intelligence,Gemini Enterprise for Customer Experience,GECX - Agent Assist,,,,⚪ No Active Demand
Consiti (Consultoría y Soluciones Informáticas),Artificial Intelligence,Gemini Enterprise for Customer Experience,GECX - CCaaS,,,,⚪ No Active Demand
Consiti (Consultoría y Soluciones Informáticas),Artificial Intelligence,Gemini Enterprise for Customer Experience,GECX - CX Agent Studio,,,,⚪ No Active Demand
Consiti (Consultoría y Soluciones Informáticas),Artificial Intelligence,Gemini Enterprise for Customer Experience,GECX - CX Insights,,,,⚪ No Active Demand
Consiti (Consultoría y Soluciones Informáticas),Artificial Intelligence,Gemini Enterprise for Customer Experience,Gemini Enterprise Agent Platform,,,,⚪ No Active Demand
Consiti (Consultoría y Soluciones Informáticas),Artificial Intelligence,Leverage Generative Media in your Business,Gemini Enterprise Agent Platform,,,,⚪ No Active Demand
Consiti (Consultoría y Soluciones Informáticas),Artificial Intelligence,Scale AI Apps and Agents,AI Applications,,,,⚪ No Active Demand
Consiti (Consultoría y Soluciones Informáticas),Artificial Intelligence,Scale AI Apps and Agents,Gemini Enterprise Agent Platform,,,,🔴 Gap (0 DRP / 1 wkls)
Consiti (Consultoría y Soluciones Informáticas),Artificial Intelligence,Your Business. Your Models.,Gemini Enterprise Agent Platform,,,,⚪ No Active Demand
Consiti (Consultoría y Soluciones Informáticas),Data & Analytics,"Migrate, Modernize, and Build with Data Cloud",BigQuery,,,,⚪ No Active Demand
Consiti (Consultoría y Soluciones Informáticas),Data & Analytics,"Migrate, Modernize, and Build with Data Cloud",Dataflow,,,,⚪ No Active Demand
Consiti (Consultoría y Soluciones Informáticas),Data & Analytics,The AI Ready Data Cloud,BigQuery,,,,⚪ No Active Demand
Consiti (Consultoría y Soluciones Informáticas),Data & Analytics,The AI Ready Data Cloud,Dataflow,,,,⚪ No Active Demand
Consiti (Consultoría y Soluciones Informáticas),Data & Analytics,The AI Ready Data Cloud,Dataproc,,,,⚪ No Active Demand
Consiti (Consultoría y Soluciones Informáticas),Data & Analytics,The AI Ready Data Cloud,Looker,,,,⚪ No Active Demand
Consiti (Consultoría y Soluciones Informáticas),Databases,"Migrate, Modernize, and Build with Data Cloud",AlloyDB for PostgreSQL,,,,⚪ No Active Demand
Consiti (Consultoría y Soluciones Informáticas),Databases,"Migrate, Modernize, and Build with Data Cloud",Cloud SQL,,,,⚪ No Active Demand
Consiti (Consultoría y Soluciones Informáticas),Databases,"Migrate, Modernize, and Build with Data Cloud",Spanner,,,,⚪ No Active Demand
Consiti (Consultoría y Soluciones Informáticas),Databases,The AI Ready Data Cloud,AlloyDB for PostgreSQL,,,,⚪ No Active Demand
Consiti (Consultoría y Soluciones Informáticas),Databases,The AI Ready Data Cloud,Cloud SQL,,,,⚪ No Active Demand
Consiti (Consultoría y Soluciones Informáticas),Databases,The AI Ready Data Cloud,Spanner,,,,⚪ No Active Demand
Consiti (Consultoría y Soluciones Informáticas),Infrastructure Modernization,Enterprise Platform of Choice: Oracle,Oracle,,,,⚪ No Active Demand
Consiti (Consultoría y Soluciones Informáticas),Infrastructure Modernization,Enterprise Platform of Choice: SAP,SAP on Google Cloud,,,,⚪ No Active Demand
Consiti (Consultoría y Soluciones Informáticas),Infrastructure Modernization,Enterprise Platform of Choice: VMware,Google Cloud VMware Engine,,,,⚪ No Active Demand
Consiti (Consultoría y Soluciones Informáticas),Infrastructure Modernization,"Migrate, Modernize and Build",Google Cloud Networking,,1,1,🟢 Ready (1 profiles)
Consiti (Consultoría y Soluciones Informáticas),Infrastructure Modernization,"Migrate, Modernize and Build",Google Compute Engine,1,,1,🟢 Ready (1 profiles)
Consiti (Consultoría y Soluciones Informáticas),Infrastructure Modernization,Sovereignty,Google Distributed Cloud,,,,⚪ No Active Demand
Consiti (Consultoría y Soluciones Informáticas),Security,Agentic Defense with Google Security,Google Threat Intelligence,,,,⚪ No Active Demand
Consiti (Consultoría y Soluciones Informáticas),Security,Agentic Defense with Google Security,Security Command Center,,1,1,🟢 Ready (1 profiles)
Consiti (Consultoría y Soluciones Informáticas),Security,Agentic Defense with Google Security,Security Operations,,,,⚪ No Active Demand
Consiti (Consultoría y Soluciones Informáticas),Security,Secure Innovation with Google Cloud,Cloud Security,1,,1,🟢 Ready (1 profiles)
Consiti (Consultoría y Soluciones Informáticas),Workspace,Agentic Workplace Transformation,Workspace,,,,⚪ No Active Demand
Devaid SPA,Application Modernization,"Migrate, Modernize and Build",Apigee API Management,,,,⚪ No Active Demand
Devaid SPA,Application Modernization,"Migrate, Modernize and Build",Cloud Run,,,,⚪ No Active Demand
Devaid SPA,Application Modernization,"Migrate, Modernize and Build",Google Kubernetes Engine,,,,⚪ No Active Demand
Devaid SPA,Artificial Intelligence,Agentic Workplace Transformation,Gemini Enterprise,1,1,2,🟢 Ready (2 DRP / 1 wkls)
Devaid SPA,Artificial Intelligence,Gemini Enterprise for Customer Experience,GECX - Agent Assist,,,,⚪ No Active Demand
Devaid SPA,Artificial Intelligence,Gemini Enterprise for Customer Experience,GECX - CCaaS,,,,⚪ No Active Demand
Devaid SPA,Artificial Intelligence,Gemini Enterprise for Customer Experience,GECX - CX Agent Studio,,,,⚪ No Active Demand
Devaid SPA,Artificial Intelligence,Gemini Enterprise for Customer Experience,GECX - CX Insights,,,,⚪ No Active Demand
Devaid SPA,Artificial Intelligence,Gemini Enterprise for Customer Experience,Gemini Enterprise Agent Platform,,1,1,🟢 Ready (1 DRP / 1 wkls)
Devaid SPA,Artificial Intelligence,Leverage Generative Media in your Business,Gemini Enterprise Agent Platform,,1,1,🟢 Ready (1 DRP / 1 wkls)
Devaid SPA,Artificial Intelligence,Scale AI Apps and Agents,AI Applications,,,,⚪ No Active Demand
Devaid SPA,Artificial Intelligence,Scale AI Apps and Agents,Gemini Enterprise Agent Platform,,1,1,🟡 Constrained (1 DRP / 14 wkls)
Devaid SPA,Artificial Intelligence,Your Business. Your Models.,Gemini Enterprise Agent Platform,,1,1,🟡 Constrained (1 DRP / 3 wkls)
Devaid SPA,Data & Analytics,"Migrate, Modernize, and Build with Data Cloud",BigQuery,8,3,11,🟢 Ready (11 profiles)
Devaid SPA,Data & Analytics,"Migrate, Modernize, and Build with Data Cloud",Dataflow,3,5,8,🟢 Ready (8 profiles)
Devaid SPA,Data & Analytics,The AI Ready Data Cloud,BigQuery,8,3,11,🟢 Ready (11 DRP / 6 wkls)
Devaid SPA,Data & Analytics,The AI Ready Data Cloud,Dataflow,3,5,8,🟢 Ready (8 profiles)
Devaid SPA,Data & Analytics,The AI Ready Data Cloud,Dataproc,,,,⚪ No Active Demand
Devaid SPA,Data & Analytics,The AI Ready Data Cloud,Looker,1,1,2,🟢 Ready (2 DRP / 1 wkls)
Devaid SPA,Databases,"Migrate, Modernize, and Build with Data Cloud",AlloyDB for PostgreSQL,,,,⚪ No Active Demand
Devaid SPA,Databases,"Migrate, Modernize, and Build with Data Cloud",Cloud SQL,,,,⚪ No Active Demand
Devaid SPA,Databases,"Migrate, Modernize, and Build with Data Cloud",Spanner,,,,⚪ No Active Demand
Devaid SPA,Databases,The AI Ready Data Cloud,AlloyDB for PostgreSQL,,,,⚪ No Active Demand
Devaid SPA,Databases,The AI Ready Data Cloud,Cloud SQL,,,,⚪ No Active Demand
Devaid SPA,Databases,The AI Ready Data Cloud,Spanner,,,,⚪ No Active Demand
Devaid SPA,Infrastructure Modernization,Enterprise Platform of Choice: Oracle,Oracle,1,,1,🟢 Ready (1 profiles)
Devaid SPA,Infrastructure Modernization,Enterprise Platform of Choice: SAP,SAP on Google Cloud,,,,⚪ No Active Demand
Devaid SPA,Infrastructure Modernization,Enterprise Platform of Choice: VMware,Google Cloud VMware Engine,,,,⚪ No Active Demand
Devaid SPA,Infrastructure Modernization,"Migrate, Modernize and Build",Google Cloud Networking,,,,⚪ No Active Demand
Devaid SPA,Infrastructure Modernization,"Migrate, Modernize and Build",Google Compute Engine,,,,⚪ No Active Demand
Devaid SPA,Infrastructure Modernization,Sovereignty,Google Distributed Cloud,,,,⚪ No Active Demand
Devaid SPA,Security,Agentic Defense with Google Security,Google Threat Intelligence,,,,⚪ No Active Demand
Devaid SPA,Security,Agentic Defense with Google Security,Security Command Center,,,,⚪ No Active Demand
Devaid SPA,Security,Agentic Defense with Google Security,Security Operations,,,,⚪ No Active Demand
Devaid SPA,Security,Secure Innovation with Google Cloud,Cloud Security,,,,⚪ No Active Demand
Devaid SPA,Workspace,Agentic Workplace Transformation,Workspace,,,,⚪ No Active Demand
MadeinWeb S/A,Application Modernization,"Migrate, Modernize and Build",Apigee API Management,,,,⚪ No Active Demand
MadeinWeb S/A,Application Modernization,"Migrate, Modernize and Build",Cloud Run,,,,⚪ No Active Demand
MadeinWeb S/A,Application Modernization,"Migrate, Modernize and Build",Google Kubernetes Engine,,,,🔴 Gap (0 DRP / 2 wkls)
MadeinWeb S/A,Artificial Intelligence,Agentic Workplace Transformation,Gemini Enterprise,,2,2,🟡 Constrained (2 DRP / 9 wkls)
MadeinWeb S/A,Artificial Intelligence,Gemini Enterprise for Customer Experience,GECX - Agent Assist,,,,⚪ No Active Demand
MadeinWeb S/A,Artificial Intelligence,Gemini Enterprise for Customer Experience,GECX - CCaaS,,,,⚪ No Active Demand
MadeinWeb S/A,Artificial Intelligence,Gemini Enterprise for Customer Experience,GECX - CX Agent Studio,,,,⚪ No Active Demand
MadeinWeb S/A,Artificial Intelligence,Gemini Enterprise for Customer Experience,GECX - CX Insights,,,,⚪ No Active Demand
MadeinWeb S/A,Artificial Intelligence,Gemini Enterprise for Customer Experience,Gemini Enterprise Agent Platform,4,,4,🟡 Constrained (4 DRP / 9 wkls)
MadeinWeb S/A,Artificial Intelligence,Leverage Generative Media in your Business,Gemini Enterprise Agent Platform,4,,4,🟢 Ready (4 profiles)
MadeinWeb S/A,Artificial Intelligence,Scale AI Apps and Agents,AI Applications,1,2,3,🟢 Ready (3 profiles)
MadeinWeb S/A,Artificial Intelligence,Scale AI Apps and Agents,Gemini Enterprise Agent Platform,4,,4,🟡 Constrained (4 DRP / 16 wkls)
MadeinWeb S/A,Artificial Intelligence,Your Business. Your Models.,Gemini Enterprise Agent Platform,4,,4,🟢 Ready (4 DRP / 1 wkls)
MadeinWeb S/A,Data & Analytics,"Migrate, Modernize, and Build with Data Cloud",BigQuery,,,,⚪ No Active Demand
MadeinWeb S/A,Data & Analytics,"Migrate, Modernize, and Build with Data Cloud",Dataflow,,,,⚪ No Active Demand
MadeinWeb S/A,Data & Analytics,The AI Ready Data Cloud,BigQuery,,,,🔴 Gap (0 DRP / 4 wkls)
MadeinWeb S/A,Data & Analytics,The AI Ready Data Cloud,Dataflow,,,,⚪ No Active Demand
MadeinWeb S/A,Data & Analytics,The AI Ready Data Cloud,Dataproc,,,,⚪ No Active Demand
MadeinWeb S/A,Data & Analytics,The AI Ready Data Cloud,Looker,,,,⚪ No Active Demand
MadeinWeb S/A,Databases,"Migrate, Modernize, and Build with Data Cloud",AlloyDB for PostgreSQL,,,,⚪ No Active Demand
MadeinWeb S/A,Databases,"Migrate, Modernize, and Build with Data Cloud",Cloud SQL,,,,⚪ No Active Demand
MadeinWeb S/A,Databases,"Migrate, Modernize, and Build with Data Cloud",Spanner,,,,⚪ No Active Demand
MadeinWeb S/A,Databases,The AI Ready Data Cloud,AlloyDB for PostgreSQL,,,,🔴 Gap (0 DRP / 1 wkls)
MadeinWeb S/A,Databases,The AI Ready Data Cloud,Cloud SQL,,,,⚪ No Active Demand
MadeinWeb S/A,Databases,The AI Ready Data Cloud,Spanner,,,,⚪ No Active Demand
MadeinWeb S/A,Infrastructure Modernization,Enterprise Platform of Choice: Oracle,Oracle,,,,⚪ No Active Demand
MadeinWeb S/A,Infrastructure Modernization,Enterprise Platform of Choice: SAP,SAP on Google Cloud,,,,⚪ No Active Demand
MadeinWeb S/A,Infrastructure Modernization,Enterprise Platform of Choice: VMware,Google Cloud VMware Engine,,,,⚪ No Active Demand
MadeinWeb S/A,Infrastructure Modernization,"Migrate, Modernize and Build",Google Cloud Networking,,,,⚪ No Active Demand
MadeinWeb S/A,Infrastructure Modernization,"Migrate, Modernize and Build",Google Compute Engine,,,,⚪ No Active Demand
MadeinWeb S/A,Infrastructure Modernization,Sovereignty,Google Distributed Cloud,,,,⚪ No Active Demand
MadeinWeb S/A,Security,Agentic Defense with Google Security,Google Threat Intelligence,,,,⚪ No Active Demand
MadeinWeb S/A,Security,Agentic Defense with Google Security,Security Command Center,,,,⚪ No Active Demand
MadeinWeb S/A,Security,Agentic Defense with Google Security,Security Operations,,,,⚪ No Active Demand
MadeinWeb S/A,Security,Secure Innovation with Google Cloud,Cloud Security,,,,⚪ No Active Demand
MadeinWeb S/A,Workspace,Agentic Workplace Transformation,Workspace,,,,⚪ No Active Demand
TIVIT COLOMBIA S A S,Application Modernization,"Migrate, Modernize and Build",Apigee API Management,,,,⚪ No Active Demand
TIVIT COLOMBIA S A S,Application Modernization,"Migrate, Modernize and Build",Cloud Run,,1,1,🟢 Ready (1 profiles)
TIVIT COLOMBIA S A S,Application Modernization,"Migrate, Modernize and Build",Google Kubernetes Engine,,,,⚪ No Active Demand
TIVIT COLOMBIA S A S,Artificial Intelligence,Agentic Workplace Transformation,Gemini Enterprise,,,,🔴 Gap (0 DRP / 2 wkls)
TIVIT COLOMBIA S A S,Artificial Intelligence,Gemini Enterprise for Customer Experience,GECX - Agent Assist,,,,⚪ No Active Demand
TIVIT COLOMBIA S A S,Artificial Intelligence,Gemini Enterprise for Customer Experience,GECX - CCaaS,,,,⚪ No Active Demand
TIVIT COLOMBIA S A S,Artificial Intelligence,Gemini Enterprise for Customer Experience,GECX - CX Agent Studio,,,,⚪ No Active Demand
TIVIT COLOMBIA S A S,Artificial Intelligence,Gemini Enterprise for Customer Experience,GECX - CX Insights,,,,⚪ No Active Demand
TIVIT COLOMBIA S A S,Artificial Intelligence,Gemini Enterprise for Customer Experience,Gemini Enterprise Agent Platform,1,1,2,🟢 Ready (2 profiles)
TIVIT COLOMBIA S A S,Artificial Intelligence,Leverage Generative Media in your Business,Gemini Enterprise Agent Platform,1,1,2,🟢 Ready (2 profiles)
TIVIT COLOMBIA S A S,Artificial Intelligence,Scale AI Apps and Agents,AI Applications,,,,⚪ No Active Demand
TIVIT COLOMBIA S A S,Artificial Intelligence,Scale AI Apps and Agents,Gemini Enterprise Agent Platform,1,1,2,🟢 Ready (2 DRP / 1 wkls)
TIVIT COLOMBIA S A S,Artificial Intelligence,Your Business. Your Models.,Gemini Enterprise Agent Platform,1,1,2,🟢 Ready (2 profiles)
TIVIT COLOMBIA S A S,Data & Analytics,"Migrate, Modernize, and Build with Data Cloud",BigQuery,1,4,5,🟢 Ready (5 profiles)
TIVIT COLOMBIA S A S,Data & Analytics,"Migrate, Modernize, and Build with Data Cloud",Dataflow,,1,1,🟢 Ready (1 profiles)
TIVIT COLOMBIA S A S,Data & Analytics,The AI Ready Data Cloud,BigQuery,1,4,5,🟢 Ready (5 profiles)
TIVIT COLOMBIA S A S,Data & Analytics,The AI Ready Data Cloud,Dataflow,,1,1,🟢 Ready (1 profiles)
TIVIT COLOMBIA S A S,Data & Analytics,The AI Ready Data Cloud,Dataproc,,,,⚪ No Active Demand
TIVIT COLOMBIA S A S,Data & Analytics,The AI Ready Data Cloud,Looker,,,,⚪ No Active Demand
TIVIT COLOMBIA S A S,Databases,"Migrate, Modernize, and Build with Data Cloud",AlloyDB for PostgreSQL,,,,⚪ No Active Demand
TIVIT COLOMBIA S A S,Databases,"Migrate, Modernize, and Build with Data Cloud",Cloud SQL,1,2,3,🟢 Ready (3 profiles)
TIVIT COLOMBIA S A S,Databases,"Migrate, Modernize, and Build with Data Cloud",Spanner,,,,⚪ No Active Demand
TIVIT COLOMBIA S A S,Databases,The AI Ready Data Cloud,AlloyDB for PostgreSQL,,,,🔴 Gap (0 DRP / 1 wkls)
TIVIT COLOMBIA S A S,Databases,The AI Ready Data Cloud,Cloud SQL,1,2,3,🟢 Ready (3 profiles)
TIVIT COLOMBIA S A S,Databases,The AI Ready Data Cloud,Spanner,,,,⚪ No Active Demand
TIVIT COLOMBIA S A S,Infrastructure Modernization,Enterprise Platform of Choice: Oracle,Oracle,,2,2,🟢 Ready (2 profiles)
TIVIT COLOMBIA S A S,Infrastructure Modernization,Enterprise Platform of Choice: SAP,SAP on Google Cloud,4,2,6,🟢 Ready (6 profiles)
TIVIT COLOMBIA S A S,Infrastructure Modernization,Enterprise Platform of Choice: VMware,Google Cloud VMware Engine,,2,2,🟢 Ready (2 profiles)
TIVIT COLOMBIA S A S,Infrastructure Modernization,"Migrate, Modernize and Build",Google Cloud Networking,5,1,6,🟢 Ready (6 profiles)
TIVIT COLOMBIA S A S,Infrastructure Modernization,"Migrate, Modernize and Build",Google Compute Engine,6,1,7,🟢 Ready (7 profiles)
TIVIT COLOMBIA S A S,Infrastructure Modernization,Sovereignty,Google Distributed Cloud,,,,⚪ No Active Demand
TIVIT COLOMBIA S A S,Security,Agentic Defense with Google Security,Google Threat Intelligence,,,,⚪ No Active Demand
TIVIT COLOMBIA S A S,Security,Agentic Defense with Google Security,Security Command Center,5,,5,🟢 Ready (5 profiles)
TIVIT COLOMBIA S A S,Security,Agentic Defense with Google Security,Security Operations,5,,5,🟢 Ready (5 profiles)
TIVIT COLOMBIA S A S,Security,Secure Innovation with Google Cloud,Cloud Security,5,,5,🟢 Ready (5 profiles)
TIVIT COLOMBIA S A S,Workspace,Agentic Workplace Transformation,Workspace,,,,⚪ No Active Demand
Tech Pulse SPA (Axmos),Application Modernization,"Migrate, Modernize and Build",Apigee API Management,,,,⚪ No Active Demand
Tech Pulse SPA (Axmos),Application Modernization,"Migrate, Modernize and Build",Cloud Run,1,1,2,🟢 Ready (2 profiles)
Tech Pulse SPA (Axmos),Application Modernization,"Migrate, Modernize and Build",Google Kubernetes Engine,1,4,5,🟢 Ready (5 DRP / 5 wkls)
Tech Pulse SPA (Axmos),Artificial Intelligence,Agentic Workplace Transformation,Gemini Enterprise,,3,3,🟡 Constrained (3 DRP / 6 wkls)
Tech Pulse SPA (Axmos),Artificial Intelligence,Gemini Enterprise for Customer Experience,GECX - Agent Assist,,,,⚪ No Active Demand
Tech Pulse SPA (Axmos),Artificial Intelligence,Gemini Enterprise for Customer Experience,GECX - CCaaS,,,,⚪ No Active Demand
Tech Pulse SPA (Axmos),Artificial Intelligence,Gemini Enterprise for Customer Experience,GECX - CX Agent Studio,,,,⚪ No Active Demand
Tech Pulse SPA (Axmos),Artificial Intelligence,Gemini Enterprise for Customer Experience,GECX - CX Insights,,,,⚪ No Active Demand
Tech Pulse SPA (Axmos),Artificial Intelligence,Gemini Enterprise for Customer Experience,Gemini Enterprise Agent Platform,,5,5,🟢 Ready (5 DRP / 1 wkls)
Tech Pulse SPA (Axmos),Artificial Intelligence,Leverage Generative Media in your Business,Gemini Enterprise Agent Platform,,5,5,🟢 Ready (5 profiles)
Tech Pulse SPA (Axmos),Artificial Intelligence,Scale AI Apps and Agents,AI Applications,,1,1,🟢 Ready (1 profiles)
Tech Pulse SPA (Axmos),Artificial Intelligence,Scale AI Apps and Agents,Gemini Enterprise Agent Platform,,5,5,🟡 Constrained (5 DRP / 10 wkls)
Tech Pulse SPA (Axmos),Artificial Intelligence,Your Business. Your Models.,Gemini Enterprise Agent Platform,,5,5,🟢 Ready (5 DRP / 2 wkls)
Tech Pulse SPA (Axmos),Data & Analytics,"Migrate, Modernize, and Build with Data Cloud",BigQuery,1,6,7,🟢 Ready (7 profiles)
Tech Pulse SPA (Axmos),Data & Analytics,"Migrate, Modernize, and Build with Data Cloud",Dataflow,3,3,6,🟢 Ready (6 profiles)
Tech Pulse SPA (Axmos),Data & Analytics,The AI Ready Data Cloud,BigQuery,1,6,7,🟢 Ready (7 DRP / 4 wkls)
Tech Pulse SPA (Axmos),Data & Analytics,The AI Ready Data Cloud,Dataflow,3,3,6,🟢 Ready (6 profiles)
Tech Pulse SPA (Axmos),Data & Analytics,The AI Ready Data Cloud,Dataproc,,,,⚪ No Active Demand
Tech Pulse SPA (Axmos),Data & Analytics,The AI Ready Data Cloud,Looker,,1,1,🟢 Ready (1 profiles)
Tech Pulse SPA (Axmos),Databases,"Migrate, Modernize, and Build with Data Cloud",AlloyDB for PostgreSQL,,,,⚪ No Active Demand
Tech Pulse SPA (Axmos),Databases,"Migrate, Modernize, and Build with Data Cloud",Cloud SQL,5,1,6,🟢 Ready (6 profiles)
Tech Pulse SPA (Axmos),Databases,"Migrate, Modernize, and Build with Data Cloud",Spanner,1,3,4,🟢 Ready (4 profiles)
Tech Pulse SPA (Axmos),Databases,The AI Ready Data Cloud,AlloyDB for PostgreSQL,,,,🔴 Gap (0 DRP / 6 wkls)
Tech Pulse SPA (Axmos),Databases,The AI Ready Data Cloud,Cloud SQL,5,1,6,🟢 Ready (6 DRP / 2 wkls)
Tech Pulse SPA (Axmos),Databases,The AI Ready Data Cloud,Spanner,1,3,4,🟢 Ready (4 profiles)
Tech Pulse SPA (Axmos),Infrastructure Modernization,Enterprise Platform of Choice: Oracle,Oracle,,3,3,🟢 Ready (3 profiles)
Tech Pulse SPA (Axmos),Infrastructure Modernization,Enterprise Platform of Choice: SAP,SAP on Google Cloud,,,,⚪ No Active Demand
Tech Pulse SPA (Axmos),Infrastructure Modernization,Enterprise Platform of Choice: VMware,Google Cloud VMware Engine,3,4,7,🟢 Ready (7 DRP / 1 wkls)
Tech Pulse SPA (Axmos),Infrastructure Modernization,"Migrate, Modernize and Build",Google Cloud Networking,8,6,14,🟢 Ready (14 profiles)
Tech Pulse SPA (Axmos),Infrastructure Modernization,"Migrate, Modernize and Build",Google Compute Engine,10,4,14,🟢 Ready (14 profiles)
Tech Pulse SPA (Axmos),Infrastructure Modernization,Sovereignty,Google Distributed Cloud,,,,⚪ No Active Demand
Tech Pulse SPA (Axmos),Security,Agentic Defense with Google Security,Google Threat Intelligence,,,,⚪ No Active Demand
Tech Pulse SPA (Axmos),Security,Agentic Defense with Google Security,Security Command Center,3,3,6,🟢 Ready (6 profiles)
Tech Pulse SPA (Axmos),Security,Agentic Defense with Google Security,Security Operations,2,1,3,🟢 Ready (3 profiles)
Tech Pulse SPA (Axmos),Security,Secure Innovation with Google Cloud,Cloud Security,8,2,10,🟢 Ready (10 profiles)
Tech Pulse SPA (Axmos),Workspace,Agentic Workplace Transformation,Workspace,,2,2,🟢 Ready (2 profiles)
IPNET (Telefônica Cloud),Application Modernization,"Migrate, Modernize and Build",Apigee API Management,,,,🔴 Gap (0 DRP / 3 wkls)
IPNET (Telefônica Cloud),Application Modernization,"Migrate, Modernize and Build",Cloud Run,,,,⚪ No Active Demand
IPNET (Telefônica Cloud),Application Modernization,"Migrate, Modernize and Build",Google Kubernetes Engine,,,,🔴 Gap (0 DRP / 5 wkls)
IPNET (Telefônica Cloud),Artificial Intelligence,Agentic Workplace Transformation,Gemini Enterprise,,,,🔴 Gap (0 DRP / 20 wkls)
IPNET (Telefônica Cloud),Artificial Intelligence,Gemini Enterprise for Customer Experience,GECX - Agent Assist,,,,⚪ No Active Demand
IPNET (Telefônica Cloud),Artificial Intelligence,Gemini Enterprise for Customer Experience,GECX - CCaaS,,,,⚪ No Active Demand
IPNET (Telefônica Cloud),Artificial Intelligence,Gemini Enterprise for Customer Experience,GECX - CX Agent Studio,,,,⚪ No Active Demand
IPNET (Telefônica Cloud),Artificial Intelligence,Gemini Enterprise for Customer Experience,GECX - CX Insights,,,,⚪ No Active Demand
IPNET (Telefônica Cloud),Artificial Intelligence,Gemini Enterprise for Customer Experience,Gemini Enterprise Agent Platform,,,,🔴 Gap (0 DRP / 9 wkls)
IPNET (Telefônica Cloud),Artificial Intelligence,Leverage Generative Media in your Business,Gemini Enterprise Agent Platform,,,,⚪ No Active Demand
IPNET (Telefônica Cloud),Artificial Intelligence,Scale AI Apps and Agents,AI Applications,,,,⚪ No Active Demand
IPNET (Telefônica Cloud),Artificial Intelligence,Scale AI Apps and Agents,Gemini Enterprise Agent Platform,,,,🔴 Gap (0 DRP / 32 wkls)
IPNET (Telefônica Cloud),Artificial Intelligence,Your Business. Your Models.,Gemini Enterprise Agent Platform,,,,🔴 Gap (0 DRP / 9 wkls)
IPNET (Telefônica Cloud),Data & Analytics,"Migrate, Modernize, and Build with Data Cloud",BigQuery,,,,⚪ No Active Demand
IPNET (Telefônica Cloud),Data & Analytics,"Migrate, Modernize, and Build with Data Cloud",Dataflow,,,,⚪ No Active Demand
IPNET (Telefônica Cloud),Data & Analytics,The AI Ready Data Cloud,BigQuery,,,,🔴 Gap (0 DRP / 9 wkls)
IPNET (Telefônica Cloud),Data & Analytics,The AI Ready Data Cloud,Dataflow,,,,🔴 Gap (0 DRP / 2 wkls)
IPNET (Telefônica Cloud),Data & Analytics,The AI Ready Data Cloud,Dataproc,,,,⚪ No Active Demand
IPNET (Telefônica Cloud),Data & Analytics,The AI Ready Data Cloud,Looker,,,,🔴 Gap (0 DRP / 1 wkls)
IPNET (Telefônica Cloud),Databases,"Migrate, Modernize, and Build with Data Cloud",AlloyDB for PostgreSQL,,,,⚪ No Active Demand
IPNET (Telefônica Cloud),Databases,"Migrate, Modernize, and Build with Data Cloud",Cloud SQL,,,,⚪ No Active Demand
IPNET (Telefônica Cloud),Databases,"Migrate, Modernize, and Build with Data Cloud",Spanner,,,,⚪ No Active Demand
IPNET (Telefônica Cloud),Databases,The AI Ready Data Cloud,AlloyDB for PostgreSQL,,,,⚪ No Active Demand
IPNET (Telefônica Cloud),Databases,The AI Ready Data Cloud,Cloud SQL,,,,🔴 Gap (0 DRP / 2 wkls)
IPNET (Telefônica Cloud),Databases,The AI Ready Data Cloud,Spanner,,,,⚪ No Active Demand
IPNET (Telefônica Cloud),Infrastructure Modernization,Enterprise Platform of Choice: Oracle,Oracle,,,,⚪ No Active Demand
IPNET (Telefônica Cloud),Infrastructure Modernization,Enterprise Platform of Choice: SAP,SAP on Google Cloud,,,,⚪ No Active Demand
IPNET (Telefônica Cloud),Infrastructure Modernization,Enterprise Platform of Choice: VMware,Google Cloud VMware Engine,,,,🔴 Gap (0 DRP / 2 wkls)
IPNET (Telefônica Cloud),Infrastructure Modernization,"Migrate, Modernize and Build",Google Cloud Networking,,,,⚪ No Active Demand
IPNET (Telefônica Cloud),Infrastructure Modernization,"Migrate, Modernize and Build",Google Compute Engine,,,,⚪ No Active Demand
IPNET (Telefônica Cloud),Infrastructure Modernization,Sovereignty,Google Distributed Cloud,,,,⚪ No Active Demand
IPNET (Telefônica Cloud),Security,Agentic Defense with Google Security,Google Threat Intelligence,,,,⚪ No Active Demand
IPNET (Telefônica Cloud),Security,Agentic Defense with Google Security,Security Command Center,,,,⚪ No Active Demand
IPNET (Telefônica Cloud),Security,Agentic Defense with Google Security,Security Operations,,,,⚪ No Active Demand
IPNET (Telefônica Cloud),Security,Secure Innovation with Google Cloud,Cloud Security,,,,⚪ No Active Demand
IPNET (Telefônica Cloud),Workspace,Agentic Workplace Transformation,Workspace,,,,⚪ No Active Demand
Kyndryl Brasil,Application Modernization,"Migrate, Modernize and Build",Apigee API Management,,1,1,🟢 Ready (1 profiles)
Kyndryl Brasil,Application Modernization,"Migrate, Modernize and Build",Cloud Run,6,5,11,🟢 Ready (11 profiles)
Kyndryl Brasil,Application Modernization,"Migrate, Modernize and Build",Google Kubernetes Engine,5,30,35,🟢 Ready (35 DRP / 5 wkls)
Kyndryl Brasil,Artificial Intelligence,Agentic Workplace Transformation,Gemini Enterprise,3,30,33,🟢 Ready (33 DRP / 3 wkls)
Kyndryl Brasil,Artificial Intelligence,Gemini Enterprise for Customer Experience,GECX - Agent Assist,,3,3,🟢 Ready (3 profiles)
Kyndryl Brasil,Artificial Intelligence,Gemini Enterprise for Customer Experience,GECX - CCaaS,,,,⚪ No Active Demand
Kyndryl Brasil,Artificial Intelligence,Gemini Enterprise for Customer Experience,GECX - CX Agent Studio,,1,1,🟢 Ready (1 profiles)
Kyndryl Brasil,Artificial Intelligence,Gemini Enterprise for Customer Experience,GECX - CX Insights,,,,⚪ No Active Demand
Kyndryl Brasil,Artificial Intelligence,Gemini Enterprise for Customer Experience,Gemini Enterprise Agent Platform,11,43,54,🟢 Ready (54 DRP / 1 wkls)
Kyndryl Brasil,Artificial Intelligence,Leverage Generative Media in your Business,Gemini Enterprise Agent Platform,11,43,54,🟢 Ready (54 profiles)
Kyndryl Brasil,Artificial Intelligence,Scale AI Apps and Agents,AI Applications,3,11,14,🟢 Ready (14 profiles)
Kyndryl Brasil,Artificial Intelligence,Scale AI Apps and Agents,Gemini Enterprise Agent Platform,11,43,54,🟢 Ready (54 DRP / 18 wkls)
Kyndryl Brasil,Artificial Intelligence,Your Business. Your Models.,Gemini Enterprise Agent Platform,11,43,54,🟢 Ready (54 profiles)
Kyndryl Brasil,Data & Analytics,"Migrate, Modernize, and Build with Data Cloud",BigQuery,4,20,24,🟢 Ready (24 profiles)
Kyndryl Brasil,Data & Analytics,"Migrate, Modernize, and Build with Data Cloud",Dataflow,2,10,12,🟢 Ready (12 profiles)
Kyndryl Brasil,Data & Analytics,The AI Ready Data Cloud,BigQuery,4,20,24,🟢 Ready (24 DRP / 6 wkls)
Kyndryl Brasil,Data & Analytics,The AI Ready Data Cloud,Dataflow,2,10,12,🟢 Ready (12 profiles)
Kyndryl Brasil,Data & Analytics,The AI Ready Data Cloud,Dataproc,,3,3,🟢 Ready (3 profiles)
Kyndryl Brasil,Data & Analytics,The AI Ready Data Cloud,Looker,,5,5,🟢 Ready (5 DRP / 1 wkls)
Kyndryl Brasil,Databases,"Migrate, Modernize, and Build with Data Cloud",AlloyDB for PostgreSQL,,1,1,🟢 Ready (1 profiles)
Kyndryl Brasil,Databases,"Migrate, Modernize, and Build with Data Cloud",Cloud SQL,,7,7,🟢 Ready (7 profiles)
Kyndryl Brasil,Databases,"Migrate, Modernize, and Build with Data Cloud",Spanner,,3,3,🟢 Ready (3 profiles)
Kyndryl Brasil,Databases,The AI Ready Data Cloud,AlloyDB for PostgreSQL,,1,1,🟢 Ready (1 profiles)
Kyndryl Brasil,Databases,The AI Ready Data Cloud,Cloud SQL,,7,7,🟢 Ready (7 DRP / 1 wkls)
Kyndryl Brasil,Databases,The AI Ready Data Cloud,Spanner,,3,3,🟢 Ready (3 profiles)
Kyndryl Brasil,Infrastructure Modernization,Enterprise Platform of Choice: Oracle,Oracle,1,3,4,🟢 Ready (4 profiles)
Kyndryl Brasil,Infrastructure Modernization,Enterprise Platform of Choice: SAP,SAP on Google Cloud,2,3,5,🟢 Ready (5 profiles)
Kyndryl Brasil,Infrastructure Modernization,Enterprise Platform of Choice: VMware,Google Cloud VMware Engine,1,19,20,🟢 Ready (20 DRP / 6 wkls)
Kyndryl Brasil,Infrastructure Modernization,"Migrate, Modernize and Build",Google Cloud Networking,13,70,83,🟢 Ready (83 profiles)
Kyndryl Brasil,Infrastructure Modernization,"Migrate, Modernize and Build",Google Compute Engine,60,113,173,🟢 Ready (173 profiles)
Kyndryl Brasil,Infrastructure Modernization,Sovereignty,Google Distributed Cloud,,1,1,🟢 Ready (1 profiles)
Kyndryl Brasil,Security,Agentic Defense with Google Security,Google Threat Intelligence,,,,⚪ No Active Demand
Kyndryl Brasil,Security,Agentic Defense with Google Security,Security Command Center,1,4,5,🟢 Ready (5 profiles)
Kyndryl Brasil,Security,Agentic Defense with Google Security,Security Operations,,2,2,🟢 Ready (2 profiles)
Kyndryl Brasil,Security,Secure Innovation with Google Cloud,Cloud Security,3,6,9,🟢 Ready (9 profiles)
Kyndryl Brasil,Workspace,Agentic Workplace Transformation,Workspace,,,,⚪ No Active Demand
SantoDigital,Application Modernization,"Migrate, Modernize and Build",Apigee API Management,1,2,3,🟢 Ready (3 profiles)
SantoDigital,Application Modernization,"Migrate, Modernize and Build",Cloud Run,4,7,11,🟢 Ready (11 profiles)
SantoDigital,Application Modernization,"Migrate, Modernize and Build",Google Kubernetes Engine,4,9,13,🟢 Ready (13 DRP / 8 wkls)
SantoDigital,Artificial Intelligence,Agentic Workplace Transformation,Gemini Enterprise,4,19,23,🟢 Ready (23 DRP / 14 wkls)
SantoDigital,Artificial Intelligence,Gemini Enterprise for Customer Experience,GECX - Agent Assist,,,,⚪ No Active Demand
SantoDigital,Artificial Intelligence,Gemini Enterprise for Customer Experience,GECX - CCaaS,,,,⚪ No Active Demand
SantoDigital,Artificial Intelligence,Gemini Enterprise for Customer Experience,GECX - CX Agent Studio,,,,⚪ No Active Demand
SantoDigital,Artificial Intelligence,Gemini Enterprise for Customer Experience,GECX - CX Insights,,,,⚪ No Active Demand
SantoDigital,Artificial Intelligence,Gemini Enterprise for Customer Experience,Gemini Enterprise Agent Platform,12,27,39,🟢 Ready (39 DRP / 14 wkls)
SantoDigital,Artificial Intelligence,Leverage Generative Media in your Business,Gemini Enterprise Agent Platform,12,27,39,🟢 Ready (39 DRP / 1 wkls)
SantoDigital,Artificial Intelligence,Scale AI Apps and Agents,AI Applications,1,6,7,🟢 Ready (7 profiles)
SantoDigital,Artificial Intelligence,Scale AI Apps and Agents,Gemini Enterprise Agent Platform,12,27,39,🟡 Constrained (39 DRP / 55 wkls)
SantoDigital,Artificial Intelligence,Your Business. Your Models.,Gemini Enterprise Agent Platform,12,27,39,🟢 Ready (39 DRP / 10 wkls)
SantoDigital,Data & Analytics,"Migrate, Modernize, and Build with Data Cloud",BigQuery,4,5,9,🟢 Ready (9 profiles)
SantoDigital,Data & Analytics,"Migrate, Modernize, and Build with Data Cloud",Dataflow,1,4,5,🟢 Ready (5 profiles)
SantoDigital,Data & Analytics,The AI Ready Data Cloud,BigQuery,4,5,9,🟡 Constrained (9 DRP / 14 wkls)
SantoDigital,Data & Analytics,The AI Ready Data Cloud,Dataflow,1,4,5,🟢 Ready (5 profiles)
SantoDigital,Data & Analytics,The AI Ready Data Cloud,Dataproc,,,,⚪ No Active Demand
SantoDigital,Data & Analytics,The AI Ready Data Cloud,Looker,1,1,2,🟢 Ready (2 DRP / 1 wkls)
SantoDigital,Databases,"Migrate, Modernize, and Build with Data Cloud",AlloyDB for PostgreSQL,,,,⚪ No Active Demand
SantoDigital,Databases,"Migrate, Modernize, and Build with Data Cloud",Cloud SQL,2,3,5,🟢 Ready (5 profiles)
SantoDigital,Databases,"Migrate, Modernize, and Build with Data Cloud",Spanner,,,,⚪ No Active Demand
SantoDigital,Databases,The AI Ready Data Cloud,AlloyDB for PostgreSQL,,,,🔴 Gap (0 DRP / 2 wkls)
SantoDigital,Databases,The AI Ready Data Cloud,Cloud SQL,2,3,5,🟢 Ready (5 profiles)
SantoDigital,Databases,The AI Ready Data Cloud,Spanner,,,,⚪ No Active Demand
SantoDigital,Infrastructure Modernization,Enterprise Platform of Choice: Oracle,Oracle,,1,1,🟢 Ready (1 profiles)
SantoDigital,Infrastructure Modernization,Enterprise Platform of Choice: SAP,SAP on Google Cloud,,1,1,🟢 Ready (1 profiles)
SantoDigital,Infrastructure Modernization,Enterprise Platform of Choice: VMware,Google Cloud VMware Engine,,1,1,🟢 Ready (1 profiles)
SantoDigital,Infrastructure Modernization,"Migrate, Modernize and Build",Google Cloud Networking,4,13,17,🟢 Ready (17 profiles)
SantoDigital,Infrastructure Modernization,"Migrate, Modernize and Build",Google Compute Engine,12,9,21,🟢 Ready (21 profiles)
SantoDigital,Infrastructure Modernization,Sovereignty,Google Distributed Cloud,,,,⚪ No Active Demand
SantoDigital,Security,Agentic Defense with Google Security,Google Threat Intelligence,,,,⚪ No Active Demand
SantoDigital,Security,Agentic Defense with Google Security,Security Command Center,4,5,9,🟢 Ready (9 profiles)
SantoDigital,Security,Agentic Defense with Google Security,Security Operations,5,1,6,🟢 Ready (6 profiles)
SantoDigital,Security,Secure Innovation with Google Cloud,Cloud Security,4,3,7,🟢 Ready (7 profiles)
SantoDigital,Workspace,Agentic Workplace Transformation,Workspace,4,5,9,🟢 Ready (9 profiles)
Sauter Tecnologia,Application Modernization,"Migrate, Modernize and Build",Apigee API Management,,,,⚪ No Active Demand
Sauter Tecnologia,Application Modernization,"Migrate, Modernize and Build",Cloud Run,,,,⚪ No Active Demand
Sauter Tecnologia,Application Modernization,"Migrate, Modernize and Build",Google Kubernetes Engine,8,7,15,🟢 Ready (15 DRP / 8 wkls)
Sauter Tecnologia,Artificial Intelligence,Agentic Workplace Transformation,Gemini Enterprise,,,,🔴 Gap (0 DRP / 18 wkls)
Sauter Tecnologia,Artificial Intelligence,Gemini Enterprise for Customer Experience,GECX - Agent Assist,,,,⚪ No Active Demand
Sauter Tecnologia,Artificial Intelligence,Gemini Enterprise for Customer Experience,GECX - CCaaS,,,,⚪ No Active Demand
Sauter Tecnologia,Artificial Intelligence,Gemini Enterprise for Customer Experience,GECX - CX Agent Studio,,,,⚪ No Active Demand
Sauter Tecnologia,Artificial Intelligence,Gemini Enterprise for Customer Experience,GECX - CX Insights,,,,⚪ No Active Demand
Sauter Tecnologia,Artificial Intelligence,Gemini Enterprise for Customer Experience,Gemini Enterprise Agent Platform,,1,1,🟡 Constrained (1 DRP / 6 wkls)
Sauter Tecnologia,Artificial Intelligence,Leverage Generative Media in your Business,Gemini Enterprise Agent Platform,,1,1,🟢 Ready (1 profiles)
Sauter Tecnologia,Artificial Intelligence,Scale AI Apps and Agents,AI Applications,,,,⚪ No Active Demand
Sauter Tecnologia,Artificial Intelligence,Scale AI Apps and Agents,Gemini Enterprise Agent Platform,,1,1,🟡 Constrained (1 DRP / 21 wkls)
Sauter Tecnologia,Artificial Intelligence,Your Business. Your Models.,Gemini Enterprise Agent Platform,,1,1,🟡 Constrained (1 DRP / 2 wkls)
Sauter Tecnologia,Data & Analytics,"Migrate, Modernize, and Build with Data Cloud",BigQuery,10,3,13,🟢 Ready (13 profiles)
Sauter Tecnologia,Data & Analytics,"Migrate, Modernize, and Build with Data Cloud",Dataflow,4,5,9,🟢 Ready (9 profiles)
Sauter Tecnologia,Data & Analytics,The AI Ready Data Cloud,BigQuery,10,3,13,🟢 Ready (13 DRP / 9 wkls)
Sauter Tecnologia,Data & Analytics,The AI Ready Data Cloud,Dataflow,4,5,9,🟢 Ready (9 DRP / 1 wkls)
Sauter Tecnologia,Data & Analytics,The AI Ready Data Cloud,Dataproc,,,,⚪ No Active Demand
Sauter Tecnologia,Data & Analytics,The AI Ready Data Cloud,Looker,3,5,8,🟢 Ready (8 DRP / 1 wkls)
Sauter Tecnologia,Databases,"Migrate, Modernize, and Build with Data Cloud",AlloyDB for PostgreSQL,,,,⚪ No Active Demand
Sauter Tecnologia,Databases,"Migrate, Modernize, and Build with Data Cloud",Cloud SQL,,,,⚪ No Active Demand
Sauter Tecnologia,Databases,"Migrate, Modernize, and Build with Data Cloud",Spanner,,,,⚪ No Active Demand
Sauter Tecnologia,Databases,The AI Ready Data Cloud,AlloyDB for PostgreSQL,,,,🔴 Gap (0 DRP / 2 wkls)
Sauter Tecnologia,Databases,The AI Ready Data Cloud,Cloud SQL,,,,⚪ No Active Demand
Sauter Tecnologia,Databases,The AI Ready Data Cloud,Spanner,,,,🔴 Gap (0 DRP / 2 wkls)
Sauter Tecnologia,Infrastructure Modernization,Enterprise Platform of Choice: Oracle,Oracle,,,,⚪ No Active Demand
Sauter Tecnologia,Infrastructure Modernization,Enterprise Platform of Choice: SAP,SAP on Google Cloud,,1,1,🟢 Ready (1 profiles)
Sauter Tecnologia,Infrastructure Modernization,Enterprise Platform of Choice: VMware,Google Cloud VMware Engine,,,,⚪ No Active Demand
Sauter Tecnologia,Infrastructure Modernization,"Migrate, Modernize and Build",Google Cloud Networking,3,11,14,🟢 Ready (14 profiles)
Sauter Tecnologia,Infrastructure Modernization,"Migrate, Modernize and Build",Google Compute Engine,14,5,19,🟢 Ready (19 profiles)
Sauter Tecnologia,Infrastructure Modernization,Sovereignty,Google Distributed Cloud,,,,⚪ No Active Demand
Sauter Tecnologia,Security,Agentic Defense with Google Security,Google Threat Intelligence,,,,⚪ No Active Demand
Sauter Tecnologia,Security,Agentic Defense with Google Security,Security Command Center,1,1,2,🟢 Ready (2 profiles)
Sauter Tecnologia,Security,Agentic Defense with Google Security,Security Operations,,,,⚪ No Active Demand
Sauter Tecnologia,Security,Secure Innovation with Google Cloud,Cloud Security,,1,1,🟢 Ready (1 profiles)
Sauter Tecnologia,Workspace,Agentic Workplace Transformation,Workspace,,1,1,🟢 Ready (1 profiles)
Davinci Technologies S.A.S.,Application Modernization,"Migrate, Modernize and Build",Apigee API Management,,,,⚪ No Active Demand
Davinci Technologies S.A.S.,Application Modernization,"Migrate, Modernize and Build",Cloud Run,,3,3,🟢 Ready (3 profiles)
Davinci Technologies S.A.S.,Application Modernization,"Migrate, Modernize and Build",Google Kubernetes Engine,8,,8,🟢 Ready (8 profiles)
Davinci Technologies S.A.S.,Artificial Intelligence,Agentic Workplace Transformation,Gemini Enterprise,,,,⚪ No Active Demand
Davinci Technologies S.A.S.,Artificial Intelligence,Gemini Enterprise for Customer Experience,GECX - Agent Assist,,,,⚪ No Active Demand
Davinci Technologies S.A.S.,Artificial Intelligence,Gemini Enterprise for Customer Experience,GECX - CCaaS,,,,⚪ No Active Demand
Davinci Technologies S.A.S.,Artificial Intelligence,Gemini Enterprise for Customer Experience,GECX - CX Agent Studio,,,,⚪ No Active Demand
Davinci Technologies S.A.S.,Artificial Intelligence,Gemini Enterprise for Customer Experience,GECX - CX Insights,,,,⚪ No Active Demand
Davinci Technologies S.A.S.,Artificial Intelligence,Gemini Enterprise for Customer Experience,Gemini Enterprise Agent Platform,2,2,4,🟢 Ready (4 profiles)
Davinci Technologies S.A.S.,Artificial Intelligence,Leverage Generative Media in your Business,Gemini Enterprise Agent Platform,2,2,4,🟢 Ready (4 profiles)
Davinci Technologies S.A.S.,Artificial Intelligence,Scale AI Apps and Agents,AI Applications,2,,2,🟢 Ready (2 profiles)
Davinci Technologies S.A.S.,Artificial Intelligence,Scale AI Apps and Agents,Gemini Enterprise Agent Platform,2,2,4,🟢 Ready (4 DRP / 3 wkls)
Davinci Technologies S.A.S.,Artificial Intelligence,Your Business. Your Models.,Gemini Enterprise Agent Platform,2,2,4,🟢 Ready (4 profiles)
Davinci Technologies S.A.S.,Data & Analytics,"Migrate, Modernize, and Build with Data Cloud",BigQuery,2,2,4,🟢 Ready (4 profiles)
Davinci Technologies S.A.S.,Data & Analytics,"Migrate, Modernize, and Build with Data Cloud",Dataflow,,3,3,🟢 Ready (3 profiles)
Davinci Technologies S.A.S.,Data & Analytics,The AI Ready Data Cloud,BigQuery,2,2,4,🟢 Ready (4 profiles)
Davinci Technologies S.A.S.,Data & Analytics,The AI Ready Data Cloud,Dataflow,,3,3,🟢 Ready (3 profiles)
Davinci Technologies S.A.S.,Data & Analytics,The AI Ready Data Cloud,Dataproc,,,,⚪ No Active Demand
Davinci Technologies S.A.S.,Data & Analytics,The AI Ready Data Cloud,Looker,2,,2,🟢 Ready (2 profiles)
Davinci Technologies S.A.S.,Databases,"Migrate, Modernize, and Build with Data Cloud",AlloyDB for PostgreSQL,,,,⚪ No Active Demand
Davinci Technologies S.A.S.,Databases,"Migrate, Modernize, and Build with Data Cloud",Cloud SQL,,,,⚪ No Active Demand
Davinci Technologies S.A.S.,Databases,"Migrate, Modernize, and Build with Data Cloud",Spanner,,,,⚪ No Active Demand
Davinci Technologies S.A.S.,Databases,The AI Ready Data Cloud,AlloyDB for PostgreSQL,,,,🔴 Gap (0 DRP / 1 wkls)
Davinci Technologies S.A.S.,Databases,The AI Ready Data Cloud,Cloud SQL,,,,⚪ No Active Demand
Davinci Technologies S.A.S.,Databases,The AI Ready Data Cloud,Spanner,,,,⚪ No Active Demand
Davinci Technologies S.A.S.,Infrastructure Modernization,Enterprise Platform of Choice: Oracle,Oracle,,,,⚪ No Active Demand
Davinci Technologies S.A.S.,Infrastructure Modernization,Enterprise Platform of Choice: SAP,SAP on Google Cloud,,,,⚪ No Active Demand
Davinci Technologies S.A.S.,Infrastructure Modernization,Enterprise Platform of Choice: VMware,Google Cloud VMware Engine,,,,⚪ No Active Demand
Davinci Technologies S.A.S.,Infrastructure Modernization,"Migrate, Modernize and Build",Google Cloud Networking,,,,⚪ No Active Demand
Davinci Technologies S.A.S.,Infrastructure Modernization,"Migrate, Modernize and Build",Google Compute Engine,1,1,2,🟢 Ready (2 profiles)
Davinci Technologies S.A.S.,Infrastructure Modernization,Sovereignty,Google Distributed Cloud,,,,⚪ No Active Demand
Davinci Technologies S.A.S.,Security,Agentic Defense with Google Security,Google Threat Intelligence,,,,⚪ No Active Demand
Davinci Technologies S.A.S.,Security,Agentic Defense with Google Security,Security Command Center,,,,⚪ No Active Demand
Davinci Technologies S.A.S.,Security,Agentic Defense with Google Security,Security Operations,,,,⚪ No Active Demand
Davinci Technologies S.A.S.,Security,Secure Innovation with Google Cloud,Cloud Security,,,,⚪ No Active Demand
Davinci Technologies S.A.S.,Workspace,Agentic Workplace Transformation,Workspace,5,,5,🟢 Ready (5 profiles)
Apiux Tecnologia SPA,Application Modernization,"Migrate, Modernize and Build",Apigee API Management,,,,🔴 Gap (0 DRP / 1 wkls)
Apiux Tecnologia SPA,Application Modernization,"Migrate, Modernize and Build",Cloud Run,,,,⚪ No Active Demand
Apiux Tecnologia SPA,Application Modernization,"Migrate, Modernize and Build",Google Kubernetes Engine,,1,1,🟢 Ready (1 profiles)
Apiux Tecnologia SPA,Artificial Intelligence,Agentic Workplace Transformation,Gemini Enterprise,,,,🔴 Gap (0 DRP / 1 wkls)
Apiux Tecnologia SPA,Artificial Intelligence,Gemini Enterprise for Customer Experience,GECX - Agent Assist,,,,⚪ No Active Demand
Apiux Tecnologia SPA,Artificial Intelligence,Gemini Enterprise for Customer Experience,GECX - CCaaS,,,,⚪ No Active Demand
Apiux Tecnologia SPA,Artificial Intelligence,Gemini Enterprise for Customer Experience,GECX - CX Agent Studio,,,,⚪ No Active Demand
Apiux Tecnologia SPA,Artificial Intelligence,Gemini Enterprise for Customer Experience,GECX - CX Insights,,,,⚪ No Active Demand
Apiux Tecnologia SPA,Artificial Intelligence,Gemini Enterprise for Customer Experience,Gemini Enterprise Agent Platform,,1,1,🟡 Constrained (1 DRP / 2 wkls)
Apiux Tecnologia SPA,Artificial Intelligence,Leverage Generative Media in your Business,Gemini Enterprise Agent Platform,,1,1,🟢 Ready (1 profiles)
Apiux Tecnologia SPA,Artificial Intelligence,Scale AI Apps and Agents,AI Applications,,,,⚪ No Active Demand
Apiux Tecnologia SPA,Artificial Intelligence,Scale AI Apps and Agents,Gemini Enterprise Agent Platform,,1,1,🟡 Constrained (1 DRP / 2 wkls)
Apiux Tecnologia SPA,Artificial Intelligence,Your Business. Your Models.,Gemini Enterprise Agent Platform,,1,1,🟢 Ready (1 profiles)
Apiux Tecnologia SPA,Data & Analytics,"Migrate, Modernize, and Build with Data Cloud",BigQuery,,,,⚪ No Active Demand
Apiux Tecnologia SPA,Data & Analytics,"Migrate, Modernize, and Build with Data Cloud",Dataflow,,,,⚪ No Active Demand
Apiux Tecnologia SPA,Data & Analytics,The AI Ready Data Cloud,BigQuery,,,,🔴 Gap (0 DRP / 1 wkls)
Apiux Tecnologia SPA,Data & Analytics,The AI Ready Data Cloud,Dataflow,,,,⚪ No Active Demand
Apiux Tecnologia SPA,Data & Analytics,The AI Ready Data Cloud,Dataproc,,,,⚪ No Active Demand
Apiux Tecnologia SPA,Data & Analytics,The AI Ready Data Cloud,Looker,,,,⚪ No Active Demand
Apiux Tecnologia SPA,Databases,"Migrate, Modernize, and Build with Data Cloud",AlloyDB for PostgreSQL,,,,⚪ No Active Demand
Apiux Tecnologia SPA,Databases,"Migrate, Modernize, and Build with Data Cloud",Cloud SQL,,,,⚪ No Active Demand
Apiux Tecnologia SPA,Databases,"Migrate, Modernize, and Build with Data Cloud",Spanner,,,,⚪ No Active Demand
Apiux Tecnologia SPA,Databases,The AI Ready Data Cloud,AlloyDB for PostgreSQL,,,,⚪ No Active Demand
Apiux Tecnologia SPA,Databases,The AI Ready Data Cloud,Cloud SQL,,,,⚪ No Active Demand
Apiux Tecnologia SPA,Databases,The AI Ready Data Cloud,Spanner,,,,⚪ No Active Demand
Apiux Tecnologia SPA,Infrastructure Modernization,Enterprise Platform of Choice: Oracle,Oracle,,,,⚪ No Active Demand
Apiux Tecnologia SPA,Infrastructure Modernization,Enterprise Platform of Choice: SAP,SAP on Google Cloud,,,,⚪ No Active Demand
Apiux Tecnologia SPA,Infrastructure Modernization,Enterprise Platform of Choice: VMware,Google Cloud VMware Engine,,,,⚪ No Active Demand
Apiux Tecnologia SPA,Infrastructure Modernization,"Migrate, Modernize and Build",Google Cloud Networking,,1,1,🟢 Ready (1 profiles)
Apiux Tecnologia SPA,Infrastructure Modernization,"Migrate, Modernize and Build",Google Compute Engine,,1,1,🟢 Ready (1 profiles)
Apiux Tecnologia SPA,Infrastructure Modernization,Sovereignty,Google Distributed Cloud,,,,⚪ No Active Demand
Apiux Tecnologia SPA,Security,Agentic Defense with Google Security,Google Threat Intelligence,,,,⚪ No Active Demand
Apiux Tecnologia SPA,Security,Agentic Defense with Google Security,Security Command Center,,,,⚪ No Active Demand
Apiux Tecnologia SPA,Security,Agentic Defense with Google Security,Security Operations,,,,⚪ No Active Demand
Apiux Tecnologia SPA,Security,Secure Innovation with Google Cloud,Cloud Security,,,,⚪ No Active Demand
Apiux Tecnologia SPA,Workspace,Agentic Workplace Transformation,Workspace,,,,⚪ No Active Demand
Multiedro Serviços de TI Ltda.,Application Modernization,"Migrate, Modernize and Build",Apigee API Management,,,,⚪ No Active Demand
Multiedro Serviços de TI Ltda.,Application Modernization,"Migrate, Modernize and Build",Cloud Run,,,,⚪ No Active Demand
Multiedro Serviços de TI Ltda.,Application Modernization,"Migrate, Modernize and Build",Google Kubernetes Engine,,1,1,🟢 Ready (1 profiles)
Multiedro Serviços de TI Ltda.,Artificial Intelligence,Agentic Workplace Transformation,Gemini Enterprise,2,2,4,🟢 Ready (4 DRP / 3 wkls)
Multiedro Serviços de TI Ltda.,Artificial Intelligence,Gemini Enterprise for Customer Experience,GECX - Agent Assist,,,,⚪ No Active Demand
Multiedro Serviços de TI Ltda.,Artificial Intelligence,Gemini Enterprise for Customer Experience,GECX - CCaaS,,,,⚪ No Active Demand
Multiedro Serviços de TI Ltda.,Artificial Intelligence,Gemini Enterprise for Customer Experience,GECX - CX Agent Studio,,,,⚪ No Active Demand
Multiedro Serviços de TI Ltda.,Artificial Intelligence,Gemini Enterprise for Customer Experience,GECX - CX Insights,,,,⚪ No Active Demand
Multiedro Serviços de TI Ltda.,Artificial Intelligence,Gemini Enterprise for Customer Experience,Gemini Enterprise Agent Platform,4,2,6,🟢 Ready (6 DRP / 2 wkls)
Multiedro Serviços de TI Ltda.,Artificial Intelligence,Leverage Generative Media in your Business,Gemini Enterprise Agent Platform,4,2,6,🟢 Ready (6 profiles)
Multiedro Serviços de TI Ltda.,Artificial Intelligence,Scale AI Apps and Agents,AI Applications,,1,1,🟢 Ready (1 profiles)
Multiedro Serviços de TI Ltda.,Artificial Intelligence,Scale AI Apps and Agents,Gemini Enterprise Agent Platform,4,2,6,🟢 Ready (6 DRP / 5 wkls)
Multiedro Serviços de TI Ltda.,Artificial Intelligence,Your Business. Your Models.,Gemini Enterprise Agent Platform,4,2,6,🟢 Ready (6 profiles)
Multiedro Serviços de TI Ltda.,Data & Analytics,"Migrate, Modernize, and Build with Data Cloud",BigQuery,3,1,4,🟢 Ready (4 profiles)
Multiedro Serviços de TI Ltda.,Data & Analytics,"Migrate, Modernize, and Build with Data Cloud",Dataflow,2,,2,🟢 Ready (2 profiles)
Multiedro Serviços de TI Ltda.,Data & Analytics,The AI Ready Data Cloud,BigQuery,3,1,4,🟢 Ready (4 DRP / 4 wkls)
Multiedro Serviços de TI Ltda.,Data & Analytics,The AI Ready Data Cloud,Dataflow,2,,2,🟢 Ready (2 profiles)
Multiedro Serviços de TI Ltda.,Data & Analytics,The AI Ready Data Cloud,Dataproc,,,,⚪ No Active Demand
Multiedro Serviços de TI Ltda.,Data & Analytics,The AI Ready Data Cloud,Looker,,2,2,🟢 Ready (2 profiles)
Multiedro Serviços de TI Ltda.,Databases,"Migrate, Modernize, and Build with Data Cloud",AlloyDB for PostgreSQL,,,,⚪ No Active Demand
Multiedro Serviços de TI Ltda.,Databases,"Migrate, Modernize, and Build with Data Cloud",Cloud SQL,,2,2,🟢 Ready (2 profiles)
Multiedro Serviços de TI Ltda.,Databases,"Migrate, Modernize, and Build with Data Cloud",Spanner,,,,⚪ No Active Demand
Multiedro Serviços de TI Ltda.,Databases,The AI Ready Data Cloud,AlloyDB for PostgreSQL,,,,⚪ No Active Demand
Multiedro Serviços de TI Ltda.,Databases,The AI Ready Data Cloud,Cloud SQL,,2,2,🟢 Ready (2 DRP / 1 wkls)
Multiedro Serviços de TI Ltda.,Databases,The AI Ready Data Cloud,Spanner,,,,⚪ No Active Demand
Multiedro Serviços de TI Ltda.,Infrastructure Modernization,Enterprise Platform of Choice: Oracle,Oracle,,,,⚪ No Active Demand
Multiedro Serviços de TI Ltda.,Infrastructure Modernization,Enterprise Platform of Choice: SAP,SAP on Google Cloud,,,,⚪ No Active Demand
Multiedro Serviços de TI Ltda.,Infrastructure Modernization,Enterprise Platform of Choice: VMware,Google Cloud VMware Engine,,,,⚪ No Active Demand
Multiedro Serviços de TI Ltda.,Infrastructure Modernization,"Migrate, Modernize and Build",Google Cloud Networking,,3,3,🟢 Ready (3 profiles)
Multiedro Serviços de TI Ltda.,Infrastructure Modernization,"Migrate, Modernize and Build",Google Compute Engine,2,3,5,🟢 Ready (5 profiles)
Multiedro Serviços de TI Ltda.,Infrastructure Modernization,Sovereignty,Google Distributed Cloud,,,,⚪ No Active Demand
Multiedro Serviços de TI Ltda.,Security,Agentic Defense with Google Security,Google Threat Intelligence,,,,⚪ No Active Demand
Multiedro Serviços de TI Ltda.,Security,Agentic Defense with Google Security,Security Command Center,,,,⚪ No Active Demand
Multiedro Serviços de TI Ltda.,Security,Agentic Defense with Google Security,Security Operations,,,,⚪ No Active Demand
Multiedro Serviços de TI Ltda.,Security,Secure Innovation with Google Cloud,Cloud Security,,,,⚪ No Active Demand
Multiedro Serviços de TI Ltda.,Workspace,Agentic Workplace Transformation,Workspace,10,,10,🟢 Ready (10 profiles)
DATALAKERS TECNOLOGIA LTDA,Application Modernization,"Migrate, Modernize and Build",Apigee API Management,,,,⚪ No Active Demand
DATALAKERS TECNOLOGIA LTDA,Application Modernization,"Migrate, Modernize and Build",Cloud Run,,,,⚪ No Active Demand
DATALAKERS TECNOLOGIA LTDA,Application Modernization,"Migrate, Modernize and Build",Google Kubernetes Engine,,,,⚪ No Active Demand
DATALAKERS TECNOLOGIA LTDA,Artificial Intelligence,Agentic Workplace Transformation,Gemini Enterprise,,,,🔴 Gap (0 DRP / 1 wkls)
DATALAKERS TECNOLOGIA LTDA,Artificial Intelligence,Gemini Enterprise for Customer Experience,GECX - Agent Assist,,,,⚪ No Active Demand
DATALAKERS TECNOLOGIA LTDA,Artificial Intelligence,Gemini Enterprise for Customer Experience,GECX - CCaaS,,,,⚪ No Active Demand
DATALAKERS TECNOLOGIA LTDA,Artificial Intelligence,Gemini Enterprise for Customer Experience,GECX - CX Agent Studio,,,,⚪ No Active Demand
DATALAKERS TECNOLOGIA LTDA,Artificial Intelligence,Gemini Enterprise for Customer Experience,GECX - CX Insights,,,,⚪ No Active Demand
DATALAKERS TECNOLOGIA LTDA,Artificial Intelligence,Gemini Enterprise for Customer Experience,Gemini Enterprise Agent Platform,2,,2,🟢 Ready (2 profiles)
DATALAKERS TECNOLOGIA LTDA,Artificial Intelligence,Leverage Generative Media in your Business,Gemini Enterprise Agent Platform,2,,2,🟢 Ready (2 profiles)
DATALAKERS TECNOLOGIA LTDA,Artificial Intelligence,Scale AI Apps and Agents,AI Applications,,,,⚪ No Active Demand
DATALAKERS TECNOLOGIA LTDA,Artificial Intelligence,Scale AI Apps and Agents,Gemini Enterprise Agent Platform,2,,2,🟢 Ready (2 DRP / 1 wkls)
DATALAKERS TECNOLOGIA LTDA,Artificial Intelligence,Your Business. Your Models.,Gemini Enterprise Agent Platform,2,,2,🟢 Ready (2 profiles)
DATALAKERS TECNOLOGIA LTDA,Data & Analytics,"Migrate, Modernize, and Build with Data Cloud",BigQuery,1,6,7,🟢 Ready (7 profiles)
DATALAKERS TECNOLOGIA LTDA,Data & Analytics,"Migrate, Modernize, and Build with Data Cloud",Dataflow,,4,4,🟢 Ready (4 profiles)
DATALAKERS TECNOLOGIA LTDA,Data & Analytics,The AI Ready Data Cloud,BigQuery,1,6,7,🟢 Ready (7 DRP / 3 wkls)
DATALAKERS TECNOLOGIA LTDA,Data & Analytics,The AI Ready Data Cloud,Dataflow,,4,4,🟢 Ready (4 profiles)
DATALAKERS TECNOLOGIA LTDA,Data & Analytics,The AI Ready Data Cloud,Dataproc,,1,1,🟢 Ready (1 profiles)
DATALAKERS TECNOLOGIA LTDA,Data & Analytics,The AI Ready Data Cloud,Looker,,,,⚪ No Active Demand
DATALAKERS TECNOLOGIA LTDA,Databases,"Migrate, Modernize, and Build with Data Cloud",AlloyDB for PostgreSQL,,,,⚪ No Active Demand
DATALAKERS TECNOLOGIA LTDA,Databases,"Migrate, Modernize, and Build with Data Cloud",Cloud SQL,,,,⚪ No Active Demand
DATALAKERS TECNOLOGIA LTDA,Databases,"Migrate, Modernize, and Build with Data Cloud",Spanner,,,,⚪ No Active Demand
DATALAKERS TECNOLOGIA LTDA,Databases,The AI Ready Data Cloud,AlloyDB for PostgreSQL,,,,⚪ No Active Demand
DATALAKERS TECNOLOGIA LTDA,Databases,The AI Ready Data Cloud,Cloud SQL,,,,⚪ No Active Demand
DATALAKERS TECNOLOGIA LTDA,Databases,The AI Ready Data Cloud,Spanner,,,,⚪ No Active Demand
DATALAKERS TECNOLOGIA LTDA,Infrastructure Modernization,Enterprise Platform of Choice: Oracle,Oracle,,,,⚪ No Active Demand
DATALAKERS TECNOLOGIA LTDA,Infrastructure Modernization,Enterprise Platform of Choice: SAP,SAP on Google Cloud,,,,⚪ No Active Demand
DATALAKERS TECNOLOGIA LTDA,Infrastructure Modernization,Enterprise Platform of Choice: VMware,Google Cloud VMware Engine,,,,⚪ No Active Demand
DATALAKERS TECNOLOGIA LTDA,Infrastructure Modernization,"Migrate, Modernize and Build",Google Cloud Networking,,,,⚪ No Active Demand
DATALAKERS TECNOLOGIA LTDA,Infrastructure Modernization,"Migrate, Modernize and Build",Google Compute Engine,,2,2,🟢 Ready (2 profiles)
DATALAKERS TECNOLOGIA LTDA,Infrastructure Modernization,Sovereignty,Google Distributed Cloud,,,,⚪ No Active Demand
DATALAKERS TECNOLOGIA LTDA,Security,Agentic Defense with Google Security,Google Threat Intelligence,,,,⚪ No Active Demand
DATALAKERS TECNOLOGIA LTDA,Security,Agentic Defense with Google Security,Security Command Center,,,,⚪ No Active Demand
DATALAKERS TECNOLOGIA LTDA,Security,Agentic Defense with Google Security,Security Operations,,,,⚪ No Active Demand
DATALAKERS TECNOLOGIA LTDA,Security,Secure Innovation with Google Cloud,Cloud Security,,,,⚪ No Active Demand
DATALAKERS TECNOLOGIA LTDA,Workspace,Agentic Workplace Transformation,Workspace,,,,⚪ No Active Demand
DIGITAL INC TECNOLOGIA E MARKETING LTDA (DP6),Application Modernization,"Migrate, Modernize and Build",Apigee API Management,,,,⚪ No Active Demand
DIGITAL INC TECNOLOGIA E MARKETING LTDA (DP6),Application Modernization,"Migrate, Modernize and Build",Cloud Run,,,,⚪ No Active Demand
DIGITAL INC TECNOLOGIA E MARKETING LTDA (DP6),Application Modernization,"Migrate, Modernize and Build",Google Kubernetes Engine,,,,⚪ No Active Demand
DIGITAL INC TECNOLOGIA E MARKETING LTDA (DP6),Artificial Intelligence,Agentic Workplace Transformation,Gemini Enterprise,,,,⚪ No Active Demand
DIGITAL INC TECNOLOGIA E MARKETING LTDA (DP6),Artificial Intelligence,Gemini Enterprise for Customer Experience,GECX - Agent Assist,,,,⚪ No Active Demand
DIGITAL INC TECNOLOGIA E MARKETING LTDA (DP6),Artificial Intelligence,Gemini Enterprise for Customer Experience,GECX - CCaaS,,,,⚪ No Active Demand
DIGITAL INC TECNOLOGIA E MARKETING LTDA (DP6),Artificial Intelligence,Gemini Enterprise for Customer Experience,GECX - CX Agent Studio,,,,⚪ No Active Demand
DIGITAL INC TECNOLOGIA E MARKETING LTDA (DP6),Artificial Intelligence,Gemini Enterprise for Customer Experience,GECX - CX Insights,,,,⚪ No Active Demand
DIGITAL INC TECNOLOGIA E MARKETING LTDA (DP6),Artificial Intelligence,Gemini Enterprise for Customer Experience,Gemini Enterprise Agent Platform,,,,⚪ No Active Demand
DIGITAL INC TECNOLOGIA E MARKETING LTDA (DP6),Artificial Intelligence,Leverage Generative Media in your Business,Gemini Enterprise Agent Platform,,,,⚪ No Active Demand
DIGITAL INC TECNOLOGIA E MARKETING LTDA (DP6),Artificial Intelligence,Scale AI Apps and Agents,AI Applications,,,,⚪ No Active Demand
DIGITAL INC TECNOLOGIA E MARKETING LTDA (DP6),Artificial Intelligence,Scale AI Apps and Agents,Gemini Enterprise Agent Platform,,,,⚪ No Active Demand
DIGITAL INC TECNOLOGIA E MARKETING LTDA (DP6),Artificial Intelligence,Your Business. Your Models.,Gemini Enterprise Agent Platform,,,,⚪ No Active Demand
DIGITAL INC TECNOLOGIA E MARKETING LTDA (DP6),Data & Analytics,"Migrate, Modernize, and Build with Data Cloud",BigQuery,,,,⚪ No Active Demand
DIGITAL INC TECNOLOGIA E MARKETING LTDA (DP6),Data & Analytics,"Migrate, Modernize, and Build with Data Cloud",Dataflow,,,,⚪ No Active Demand
DIGITAL INC TECNOLOGIA E MARKETING LTDA (DP6),Data & Analytics,The AI Ready Data Cloud,BigQuery,,,,⚪ No Active Demand
DIGITAL INC TECNOLOGIA E MARKETING LTDA (DP6),Data & Analytics,The AI Ready Data Cloud,Dataflow,,,,⚪ No Active Demand
DIGITAL INC TECNOLOGIA E MARKETING LTDA (DP6),Data & Analytics,The AI Ready Data Cloud,Dataproc,,,,⚪ No Active Demand
DIGITAL INC TECNOLOGIA E MARKETING LTDA (DP6),Data & Analytics,The AI Ready Data Cloud,Looker,,,,⚪ No Active Demand
DIGITAL INC TECNOLOGIA E MARKETING LTDA (DP6),Databases,"Migrate, Modernize, and Build with Data Cloud",AlloyDB for PostgreSQL,,,,⚪ No Active Demand
DIGITAL INC TECNOLOGIA E MARKETING LTDA (DP6),Databases,"Migrate, Modernize, and Build with Data Cloud",Cloud SQL,,,,⚪ No Active Demand
DIGITAL INC TECNOLOGIA E MARKETING LTDA (DP6),Databases,"Migrate, Modernize, and Build with Data Cloud",Spanner,,,,⚪ No Active Demand
DIGITAL INC TECNOLOGIA E MARKETING LTDA (DP6),Databases,The AI Ready Data Cloud,AlloyDB for PostgreSQL,,,,⚪ No Active Demand
DIGITAL INC TECNOLOGIA E MARKETING LTDA (DP6),Databases,The AI Ready Data Cloud,Cloud SQL,,,,⚪ No Active Demand
DIGITAL INC TECNOLOGIA E MARKETING LTDA (DP6),Databases,The AI Ready Data Cloud,Spanner,,,,⚪ No Active Demand
DIGITAL INC TECNOLOGIA E MARKETING LTDA (DP6),Infrastructure Modernization,Enterprise Platform of Choice: Oracle,Oracle,,,,⚪ No Active Demand
DIGITAL INC TECNOLOGIA E MARKETING LTDA (DP6),Infrastructure Modernization,Enterprise Platform of Choice: SAP,SAP on Google Cloud,,,,⚪ No Active Demand
DIGITAL INC TECNOLOGIA E MARKETING LTDA (DP6),Infrastructure Modernization,Enterprise Platform of Choice: VMware,Google Cloud VMware Engine,,,,⚪ No Active Demand
DIGITAL INC TECNOLOGIA E MARKETING LTDA (DP6),Infrastructure Modernization,"Migrate, Modernize and Build",Google Cloud Networking,,,,⚪ No Active Demand
DIGITAL INC TECNOLOGIA E MARKETING LTDA (DP6),Infrastructure Modernization,"Migrate, Modernize and Build",Google Compute Engine,,,,⚪ No Active Demand
DIGITAL INC TECNOLOGIA E MARKETING LTDA (DP6),Infrastructure Modernization,Sovereignty,Google Distributed Cloud,,,,⚪ No Active Demand
DIGITAL INC TECNOLOGIA E MARKETING LTDA (DP6),Security,Agentic Defense with Google Security,Google Threat Intelligence,,,,⚪ No Active Demand
DIGITAL INC TECNOLOGIA E MARKETING LTDA (DP6),Security,Agentic Defense with Google Security,Security Command Center,,,,⚪ No Active Demand
DIGITAL INC TECNOLOGIA E MARKETING LTDA (DP6),Security,Agentic Defense with Google Security,Security Operations,,,,⚪ No Active Demand
DIGITAL INC TECNOLOGIA E MARKETING LTDA (DP6),Security,Secure Innovation with Google Cloud,Cloud Security,,,,⚪ No Active Demand
DIGITAL INC TECNOLOGIA E MARKETING LTDA (DP6),Workspace,Agentic Workplace Transformation,Workspace,,,,⚪ No Active Demand
SoftwareOne,Application Modernization,"Migrate, Modernize and Build",Apigee API Management,,,,⚪ No Active Demand
SoftwareOne,Application Modernization,"Migrate, Modernize and Build",Cloud Run,6,5,11,🟢 Ready (11 profiles)
SoftwareOne,Application Modernization,"Migrate, Modernize and Build",Google Kubernetes Engine,7,9,16,🟢 Ready (16 profiles)
SoftwareOne,Artificial Intelligence,Agentic Workplace Transformation,Gemini Enterprise,,11,11,🟢 Ready (11 DRP / 2 wkls)
SoftwareOne,Artificial Intelligence,Gemini Enterprise for Customer Experience,GECX - Agent Assist,,,,⚪ No Active Demand
SoftwareOne,Artificial Intelligence,Gemini Enterprise for Customer Experience,GECX - CCaaS,,,,⚪ No Active Demand
SoftwareOne,Artificial Intelligence,Gemini Enterprise for Customer Experience,GECX - CX Agent Studio,,,,⚪ No Active Demand
SoftwareOne,Artificial Intelligence,Gemini Enterprise for Customer Experience,GECX - CX Insights,,,,⚪ No Active Demand
SoftwareOne,Artificial Intelligence,Gemini Enterprise for Customer Experience,Gemini Enterprise Agent Platform,1,14,15,🟢 Ready (15 profiles)
SoftwareOne,Artificial Intelligence,Leverage Generative Media in your Business,Gemini Enterprise Agent Platform,1,14,15,🟢 Ready (15 profiles)
SoftwareOne,Artificial Intelligence,Scale AI Apps and Agents,AI Applications,,2,2,🟢 Ready (2 profiles)
SoftwareOne,Artificial Intelligence,Scale AI Apps and Agents,Gemini Enterprise Agent Platform,1,14,15,🟢 Ready (15 DRP / 2 wkls)
SoftwareOne,Artificial Intelligence,Your Business. Your Models.,Gemini Enterprise Agent Platform,1,14,15,🟢 Ready (15 profiles)
SoftwareOne,Data & Analytics,"Migrate, Modernize, and Build with Data Cloud",BigQuery,1,4,5,🟢 Ready (5 profiles)
SoftwareOne,Data & Analytics,"Migrate, Modernize, and Build with Data Cloud",Dataflow,,3,3,🟢 Ready (3 profiles)
SoftwareOne,Data & Analytics,The AI Ready Data Cloud,BigQuery,1,4,5,🟢 Ready (5 profiles)
SoftwareOne,Data & Analytics,The AI Ready Data Cloud,Dataflow,,3,3,🟢 Ready (3 profiles)
SoftwareOne,Data & Analytics,The AI Ready Data Cloud,Dataproc,,,,⚪ No Active Demand
SoftwareOne,Data & Analytics,The AI Ready Data Cloud,Looker,,1,1,🟢 Ready (1 profiles)
SoftwareOne,Databases,"Migrate, Modernize, and Build with Data Cloud",AlloyDB for PostgreSQL,,,,⚪ No Active Demand
SoftwareOne,Databases,"Migrate, Modernize, and Build with Data Cloud",Cloud SQL,1,,1,🟢 Ready (1 profiles)
SoftwareOne,Databases,"Migrate, Modernize, and Build with Data Cloud",Spanner,,,,⚪ No Active Demand
SoftwareOne,Databases,The AI Ready Data Cloud,AlloyDB for PostgreSQL,,,,⚪ No Active Demand
SoftwareOne,Databases,The AI Ready Data Cloud,Cloud SQL,1,,1,🟢 Ready (1 profiles)
SoftwareOne,Databases,The AI Ready Data Cloud,Spanner,,,,⚪ No Active Demand
SoftwareOne,Infrastructure Modernization,Enterprise Platform of Choice: Oracle,Oracle,,,,⚪ No Active Demand
SoftwareOne,Infrastructure Modernization,Enterprise Platform of Choice: SAP,SAP on Google Cloud,,1,1,🟢 Ready (1 profiles)
SoftwareOne,Infrastructure Modernization,Enterprise Platform of Choice: VMware,Google Cloud VMware Engine,,,,⚪ No Active Demand
SoftwareOne,Infrastructure Modernization,"Migrate, Modernize and Build",Google Cloud Networking,1,15,16,🟢 Ready (16 profiles)
SoftwareOne,Infrastructure Modernization,"Migrate, Modernize and Build",Google Compute Engine,3,11,14,🟢 Ready (14 profiles)
SoftwareOne,Infrastructure Modernization,Sovereignty,Google Distributed Cloud,,1,1,🟢 Ready (1 profiles)
SoftwareOne,Security,Agentic Defense with Google Security,Google Threat Intelligence,,,,⚪ No Active Demand
SoftwareOne,Security,Agentic Defense with Google Security,Security Command Center,,1,1,🟢 Ready (1 profiles)
SoftwareOne,Security,Agentic Defense with Google Security,Security Operations,,,,⚪ No Active Demand
SoftwareOne,Security,Secure Innovation with Google Cloud,Cloud Security,,5,5,🟢 Ready (5 profiles)
SoftwareOne,Workspace,Agentic Workplace Transformation,Workspace,2,4,6,🟢 Ready (6 profiles)
SoftwareOne Brasil,Application Modernization,"Migrate, Modernize and Build",Apigee API Management,,,,🔴 Gap (0 DRP / 1 wkls)
SoftwareOne Brasil,Application Modernization,"Migrate, Modernize and Build",Cloud Run,6,5,11,🟢 Ready (11 profiles)
SoftwareOne Brasil,Application Modernization,"Migrate, Modernize and Build",Google Kubernetes Engine,7,9,16,🟢 Ready (16 profiles)
SoftwareOne Brasil,Artificial Intelligence,Agentic Workplace Transformation,Gemini Enterprise,,11,11,🟢 Ready (11 profiles)
SoftwareOne Brasil,Artificial Intelligence,Gemini Enterprise for Customer Experience,GECX - Agent Assist,,,,⚪ No Active Demand
SoftwareOne Brasil,Artificial Intelligence,Gemini Enterprise for Customer Experience,GECX - CCaaS,,,,⚪ No Active Demand
SoftwareOne Brasil,Artificial Intelligence,Gemini Enterprise for Customer Experience,GECX - CX Agent Studio,,,,⚪ No Active Demand
SoftwareOne Brasil,Artificial Intelligence,Gemini Enterprise for Customer Experience,GECX - CX Insights,,,,⚪ No Active Demand
SoftwareOne Brasil,Artificial Intelligence,Gemini Enterprise for Customer Experience,Gemini Enterprise Agent Platform,1,14,15,🟢 Ready (15 DRP / 2 wkls)
SoftwareOne Brasil,Artificial Intelligence,Leverage Generative Media in your Business,Gemini Enterprise Agent Platform,1,14,15,🟢 Ready (15 profiles)
SoftwareOne Brasil,Artificial Intelligence,Scale AI Apps and Agents,AI Applications,,2,2,🟢 Ready (2 profiles)
SoftwareOne Brasil,Artificial Intelligence,Scale AI Apps and Agents,Gemini Enterprise Agent Platform,1,14,15,🟢 Ready (15 DRP / 3 wkls)
SoftwareOne Brasil,Artificial Intelligence,Your Business. Your Models.,Gemini Enterprise Agent Platform,1,14,15,🟢 Ready (15 profiles)
SoftwareOne Brasil,Data & Analytics,"Migrate, Modernize, and Build with Data Cloud",BigQuery,1,4,5,🟢 Ready (5 profiles)
SoftwareOne Brasil,Data & Analytics,"Migrate, Modernize, and Build with Data Cloud",Dataflow,,3,3,🟢 Ready (3 profiles)
SoftwareOne Brasil,Data & Analytics,The AI Ready Data Cloud,BigQuery,1,4,5,🟢 Ready (5 profiles)
SoftwareOne Brasil,Data & Analytics,The AI Ready Data Cloud,Dataflow,,3,3,🟢 Ready (3 profiles)
SoftwareOne Brasil,Data & Analytics,The AI Ready Data Cloud,Dataproc,,,,⚪ No Active Demand
SoftwareOne Brasil,Data & Analytics,The AI Ready Data Cloud,Looker,,1,1,🟢 Ready (1 profiles)
SoftwareOne Brasil,Databases,"Migrate, Modernize, and Build with Data Cloud",AlloyDB for PostgreSQL,,,,⚪ No Active Demand
SoftwareOne Brasil,Databases,"Migrate, Modernize, and Build with Data Cloud",Cloud SQL,1,,1,🟢 Ready (1 profiles)
SoftwareOne Brasil,Databases,"Migrate, Modernize, and Build with Data Cloud",Spanner,,,,⚪ No Active Demand
SoftwareOne Brasil,Databases,The AI Ready Data Cloud,AlloyDB for PostgreSQL,,,,⚪ No Active Demand
SoftwareOne Brasil,Databases,The AI Ready Data Cloud,Cloud SQL,1,,1,🟢 Ready (1 profiles)
SoftwareOne Brasil,Databases,The AI Ready Data Cloud,Spanner,,,,⚪ No Active Demand
SoftwareOne Brasil,Infrastructure Modernization,Enterprise Platform of Choice: Oracle,Oracle,,,,⚪ No Active Demand
SoftwareOne Brasil,Infrastructure Modernization,Enterprise Platform of Choice: SAP,SAP on Google Cloud,,1,1,🟢 Ready (1 profiles)
SoftwareOne Brasil,Infrastructure Modernization,Enterprise Platform of Choice: VMware,Google Cloud VMware Engine,,,,⚪ No Active Demand
SoftwareOne Brasil,Infrastructure Modernization,"Migrate, Modernize and Build",Google Cloud Networking,1,15,16,🟢 Ready (16 profiles)
SoftwareOne Brasil,Infrastructure Modernization,"Migrate, Modernize and Build",Google Compute Engine,3,11,14,🟢 Ready (14 profiles)
SoftwareOne Brasil,Infrastructure Modernization,Sovereignty,Google Distributed Cloud,,1,1,🟢 Ready (1 profiles)
SoftwareOne Brasil,Security,Agentic Defense with Google Security,Google Threat Intelligence,,,,⚪ No Active Demand
SoftwareOne Brasil,Security,Agentic Defense with Google Security,Security Command Center,,1,1,🟢 Ready (1 profiles)
SoftwareOne Brasil,Security,Agentic Defense with Google Security,Security Operations,,,,⚪ No Active Demand
SoftwareOne Brasil,Security,Secure Innovation with Google Cloud,Cloud Security,,5,5,🟢 Ready (5 profiles)
SoftwareOne Brasil,Workspace,Agentic Workplace Transformation,Workspace,2,4,6,🟢 Ready (6 profiles)
Rubik Cloud,Application Modernization,"Migrate, Modernize and Build",Apigee API Management,,,,⚪ No Active Demand
Rubik Cloud,Application Modernization,"Migrate, Modernize and Build",Cloud Run,,,,⚪ No Active Demand
Rubik Cloud,Application Modernization,"Migrate, Modernize and Build",Google Kubernetes Engine,,,,⚪ No Active Demand
Rubik Cloud,Artificial Intelligence,Agentic Workplace Transformation,Gemini Enterprise,,,,🔴 Gap (0 DRP / 2 wkls)
Rubik Cloud,Artificial Intelligence,Gemini Enterprise for Customer Experience,GECX - Agent Assist,,,,⚪ No Active Demand
Rubik Cloud,Artificial Intelligence,Gemini Enterprise for Customer Experience,GECX - CCaaS,,,,⚪ No Active Demand
Rubik Cloud,Artificial Intelligence,Gemini Enterprise for Customer Experience,GECX - CX Agent Studio,,,,⚪ No Active Demand
Rubik Cloud,Artificial Intelligence,Gemini Enterprise for Customer Experience,GECX - CX Insights,,,,⚪ No Active Demand
Rubik Cloud,Artificial Intelligence,Gemini Enterprise for Customer Experience,Gemini Enterprise Agent Platform,,,,🔴 Gap (0 DRP / 2 wkls)
Rubik Cloud,Artificial Intelligence,Leverage Generative Media in your Business,Gemini Enterprise Agent Platform,,,,⚪ No Active Demand
Rubik Cloud,Artificial Intelligence,Scale AI Apps and Agents,AI Applications,,,,⚪ No Active Demand
Rubik Cloud,Artificial Intelligence,Scale AI Apps and Agents,Gemini Enterprise Agent Platform,,,,🔴 Gap (0 DRP / 1 wkls)
Rubik Cloud,Artificial Intelligence,Your Business. Your Models.,Gemini Enterprise Agent Platform,,,,🔴 Gap (0 DRP / 1 wkls)
Rubik Cloud,Data & Analytics,"Migrate, Modernize, and Build with Data Cloud",BigQuery,,,,⚪ No Active Demand
Rubik Cloud,Data & Analytics,"Migrate, Modernize, and Build with Data Cloud",Dataflow,,,,⚪ No Active Demand
Rubik Cloud,Data & Analytics,The AI Ready Data Cloud,BigQuery,,,,🔴 Gap (0 DRP / 2 wkls)
Rubik Cloud,Data & Analytics,The AI Ready Data Cloud,Dataflow,,,,⚪ No Active Demand
Rubik Cloud,Data & Analytics,The AI Ready Data Cloud,Dataproc,,,,⚪ No Active Demand
Rubik Cloud,Data & Analytics,The AI Ready Data Cloud,Looker,,,,⚪ No Active Demand
Rubik Cloud,Databases,"Migrate, Modernize, and Build with Data Cloud",AlloyDB for PostgreSQL,,,,⚪ No Active Demand
Rubik Cloud,Databases,"Migrate, Modernize, and Build with Data Cloud",Cloud SQL,,,,⚪ No Active Demand
Rubik Cloud,Databases,"Migrate, Modernize, and Build with Data Cloud",Spanner,,,,⚪ No Active Demand
Rubik Cloud,Databases,The AI Ready Data Cloud,AlloyDB for PostgreSQL,,,,⚪ No Active Demand
Rubik Cloud,Databases,The AI Ready Data Cloud,Cloud SQL,,,,⚪ No Active Demand
Rubik Cloud,Databases,The AI Ready Data Cloud,Spanner,,,,⚪ No Active Demand
Rubik Cloud,Infrastructure Modernization,Enterprise Platform of Choice: Oracle,Oracle,,,,⚪ No Active Demand
Rubik Cloud,Infrastructure Modernization,Enterprise Platform of Choice: SAP,SAP on Google Cloud,,,,⚪ No Active Demand
Rubik Cloud,Infrastructure Modernization,Enterprise Platform of Choice: VMware,Google Cloud VMware Engine,,,,⚪ No Active Demand
Rubik Cloud,Infrastructure Modernization,"Migrate, Modernize and Build",Google Cloud Networking,,,,⚪ No Active Demand
Rubik Cloud,Infrastructure Modernization,"Migrate, Modernize and Build",Google Compute Engine,,,,⚪ No Active Demand
Rubik Cloud,Infrastructure Modernization,Sovereignty,Google Distributed Cloud,,,,⚪ No Active Demand
Rubik Cloud,Security,Agentic Defense with Google Security,Google Threat Intelligence,,,,⚪ No Active Demand
Rubik Cloud,Security,Agentic Defense with Google Security,Security Command Center,,,,⚪ No Active Demand
Rubik Cloud,Security,Agentic Defense with Google Security,Security Operations,,,,⚪ No Active Demand
Rubik Cloud,Security,Secure Innovation with Google Cloud,Cloud Security,,,,⚪ No Active Demand
Rubik Cloud,Workspace,Agentic Workplace Transformation,Workspace,,,,⚪ No Active Demand
Gtec Software,Application Modernization,"Migrate, Modernize and Build",Apigee API Management,,,,⚪ No Active Demand
Gtec Software,Application Modernization,"Migrate, Modernize and Build",Cloud Run,,,,⚪ No Active Demand
Gtec Software,Application Modernization,"Migrate, Modernize and Build",Google Kubernetes Engine,,,,⚪ No Active Demand
Gtec Software,Artificial Intelligence,Agentic Workplace Transformation,Gemini Enterprise,,,,⚪ No Active Demand
Gtec Software,Artificial Intelligence,Gemini Enterprise for Customer Experience,GECX - Agent Assist,,,,⚪ No Active Demand
Gtec Software,Artificial Intelligence,Gemini Enterprise for Customer Experience,GECX - CCaaS,,,,⚪ No Active Demand
Gtec Software,Artificial Intelligence,Gemini Enterprise for Customer Experience,GECX - CX Agent Studio,,,,⚪ No Active Demand
Gtec Software,Artificial Intelligence,Gemini Enterprise for Customer Experience,GECX - CX Insights,,,,⚪ No Active Demand
Gtec Software,Artificial Intelligence,Gemini Enterprise for Customer Experience,Gemini Enterprise Agent Platform,,,,⚪ No Active Demand
Gtec Software,Artificial Intelligence,Leverage Generative Media in your Business,Gemini Enterprise Agent Platform,,,,⚪ No Active Demand
Gtec Software,Artificial Intelligence,Scale AI Apps and Agents,AI Applications,,,,⚪ No Active Demand
Gtec Software,Artificial Intelligence,Scale AI Apps and Agents,Gemini Enterprise Agent Platform,,,,⚪ No Active Demand
Gtec Software,Artificial Intelligence,Your Business. Your Models.,Gemini Enterprise Agent Platform,,,,⚪ No Active Demand
Gtec Software,Data & Analytics,"Migrate, Modernize, and Build with Data Cloud",BigQuery,,,,⚪ No Active Demand
Gtec Software,Data & Analytics,"Migrate, Modernize, and Build with Data Cloud",Dataflow,,,,⚪ No Active Demand
Gtec Software,Data & Analytics,The AI Ready Data Cloud,BigQuery,,,,⚪ No Active Demand
Gtec Software,Data & Analytics,The AI Ready Data Cloud,Dataflow,,,,⚪ No Active Demand
Gtec Software,Data & Analytics,The AI Ready Data Cloud,Dataproc,,,,⚪ No Active Demand
Gtec Software,Data & Analytics,The AI Ready Data Cloud,Looker,,,,⚪ No Active Demand
Gtec Software,Databases,"Migrate, Modernize, and Build with Data Cloud",AlloyDB for PostgreSQL,,,,⚪ No Active Demand
Gtec Software,Databases,"Migrate, Modernize, and Build with Data Cloud",Cloud SQL,,,,⚪ No Active Demand
Gtec Software,Databases,"Migrate, Modernize, and Build with Data Cloud",Spanner,,,,⚪ No Active Demand
Gtec Software,Databases,The AI Ready Data Cloud,AlloyDB for PostgreSQL,,,,⚪ No Active Demand
Gtec Software,Databases,The AI Ready Data Cloud,Cloud SQL,,,,⚪ No Active Demand
Gtec Software,Databases,The AI Ready Data Cloud,Spanner,,,,⚪ No Active Demand
Gtec Software,Infrastructure Modernization,Enterprise Platform of Choice: Oracle,Oracle,,,,⚪ No Active Demand
Gtec Software,Infrastructure Modernization,Enterprise Platform of Choice: SAP,SAP on Google Cloud,,,,⚪ No Active Demand
Gtec Software,Infrastructure Modernization,Enterprise Platform of Choice: VMware,Google Cloud VMware Engine,,,,⚪ No Active Demand
Gtec Software,Infrastructure Modernization,"Migrate, Modernize and Build",Google Cloud Networking,,,,⚪ No Active Demand
Gtec Software,Infrastructure Modernization,"Migrate, Modernize and Build",Google Compute Engine,,,,⚪ No Active Demand
Gtec Software,Infrastructure Modernization,Sovereignty,Google Distributed Cloud,,,,⚪ No Active Demand
Gtec Software,Security,Agentic Defense with Google Security,Google Threat Intelligence,,,,⚪ No Active Demand
Gtec Software,Security,Agentic Defense with Google Security,Security Command Center,,,,⚪ No Active Demand
Gtec Software,Security,Agentic Defense with Google Security,Security Operations,,,,⚪ No Active Demand
Gtec Software,Security,Secure Innovation with Google Cloud,Cloud Security,,,,⚪ No Active Demand
Gtec Software,Workspace,Agentic Workplace Transformation,Workspace,,,,⚪ No Active Demand
MERITI SRL,Application Modernization,"Migrate, Modernize and Build",Apigee API Management,,,,⚪ No Active Demand
MERITI SRL,Application Modernization,"Migrate, Modernize and Build",Cloud Run,5,,5,🟢 Ready (5 profiles)
MERITI SRL,Application Modernization,"Migrate, Modernize and Build",Google Kubernetes Engine,,,,⚪ No Active Demand
MERITI SRL,Artificial Intelligence,Agentic Workplace Transformation,Gemini Enterprise,2,3,5,🟢 Ready (5 DRP / 1 wkls)
MERITI SRL,Artificial Intelligence,Gemini Enterprise for Customer Experience,GECX - Agent Assist,,,,⚪ No Active Demand
MERITI SRL,Artificial Intelligence,Gemini Enterprise for Customer Experience,GECX - CCaaS,,,,⚪ No Active Demand
MERITI SRL,Artificial Intelligence,Gemini Enterprise for Customer Experience,GECX - CX Agent Studio,,,,⚪ No Active Demand
MERITI SRL,Artificial Intelligence,Gemini Enterprise for Customer Experience,GECX - CX Insights,,,,⚪ No Active Demand
MERITI SRL,Artificial Intelligence,Gemini Enterprise for Customer Experience,Gemini Enterprise Agent Platform,5,,5,🟢 Ready (5 DRP / 1 wkls)
MERITI SRL,Artificial Intelligence,Leverage Generative Media in your Business,Gemini Enterprise Agent Platform,5,,5,🟢 Ready (5 profiles)
MERITI SRL,Artificial Intelligence,Scale AI Apps and Agents,AI Applications,5,,5,🟢 Ready (5 profiles)
MERITI SRL,Artificial Intelligence,Scale AI Apps and Agents,Gemini Enterprise Agent Platform,5,,5,🟢 Ready (5 DRP / 1 wkls)
MERITI SRL,Artificial Intelligence,Your Business. Your Models.,Gemini Enterprise Agent Platform,5,,5,🟢 Ready (5 profiles)
MERITI SRL,Data & Analytics,"Migrate, Modernize, and Build with Data Cloud",BigQuery,,,,⚪ No Active Demand
MERITI SRL,Data & Analytics,"Migrate, Modernize, and Build with Data Cloud",Dataflow,,,,⚪ No Active Demand
MERITI SRL,Data & Analytics,The AI Ready Data Cloud,BigQuery,,,,⚪ No Active Demand
MERITI SRL,Data & Analytics,The AI Ready Data Cloud,Dataflow,,,,⚪ No Active Demand
MERITI SRL,Data & Analytics,The AI Ready Data Cloud,Dataproc,,,,⚪ No Active Demand
MERITI SRL,Data & Analytics,The AI Ready Data Cloud,Looker,,,,⚪ No Active Demand
MERITI SRL,Databases,"Migrate, Modernize, and Build with Data Cloud",AlloyDB for PostgreSQL,,,,⚪ No Active Demand
MERITI SRL,Databases,"Migrate, Modernize, and Build with Data Cloud",Cloud SQL,,,,⚪ No Active Demand
MERITI SRL,Databases,"Migrate, Modernize, and Build with Data Cloud",Spanner,,,,⚪ No Active Demand
MERITI SRL,Databases,The AI Ready Data Cloud,AlloyDB for PostgreSQL,,,,⚪ No Active Demand
MERITI SRL,Databases,The AI Ready Data Cloud,Cloud SQL,,,,⚪ No Active Demand
MERITI SRL,Databases,The AI Ready Data Cloud,Spanner,,,,⚪ No Active Demand
MERITI SRL,Infrastructure Modernization,Enterprise Platform of Choice: Oracle,Oracle,,,,⚪ No Active Demand
MERITI SRL,Infrastructure Modernization,Enterprise Platform of Choice: SAP,SAP on Google Cloud,,,,⚪ No Active Demand
MERITI SRL,Infrastructure Modernization,Enterprise Platform of Choice: VMware,Google Cloud VMware Engine,1,,1,🟢 Ready (1 profiles)
MERITI SRL,Infrastructure Modernization,"Migrate, Modernize and Build",Google Cloud Networking,,1,1,🟢 Ready (1 profiles)
MERITI SRL,Infrastructure Modernization,"Migrate, Modernize and Build",Google Compute Engine,1,,1,🟢 Ready (1 profiles)
MERITI SRL,Infrastructure Modernization,Sovereignty,Google Distributed Cloud,,,,⚪ No Active Demand
MERITI SRL,Security,Agentic Defense with Google Security,Google Threat Intelligence,,,,⚪ No Active Demand
MERITI SRL,Security,Agentic Defense with Google Security,Security Command Center,,1,1,🟢 Ready (1 profiles)
MERITI SRL,Security,Agentic Defense with Google Security,Security Operations,,,,⚪ No Active Demand
MERITI SRL,Security,Secure Innovation with Google Cloud,Cloud Security,2,,2,🟢 Ready (2 profiles)
MERITI SRL,Workspace,Agentic Workplace Transformation,Workspace,7,,7,🟢 Ready (7 profiles)
CLOUDMASTERS,Application Modernization,"Migrate, Modernize and Build",Apigee API Management,,,,⚪ No Active Demand
CLOUDMASTERS,Application Modernization,"Migrate, Modernize and Build",Cloud Run,,2,2,🟢 Ready (2 profiles)
CLOUDMASTERS,Application Modernization,"Migrate, Modernize and Build",Google Kubernetes Engine,,1,1,🟢 Ready (1 profiles)
CLOUDMASTERS,Artificial Intelligence,Agentic Workplace Transformation,Gemini Enterprise,5,,5,🟢 Ready (5 DRP / 1 wkls)
CLOUDMASTERS,Artificial Intelligence,Gemini Enterprise for Customer Experience,GECX - Agent Assist,4,1,5,🟢 Ready (5 profiles)
CLOUDMASTERS,Artificial Intelligence,Gemini Enterprise for Customer Experience,GECX - CCaaS,4,1,5,🟢 Ready (5 profiles)
CLOUDMASTERS,Artificial Intelligence,Gemini Enterprise for Customer Experience,GECX - CX Agent Studio,,,,⚪ No Active Demand
CLOUDMASTERS,Artificial Intelligence,Gemini Enterprise for Customer Experience,GECX - CX Insights,4,1,5,🟢 Ready (5 profiles)
CLOUDMASTERS,Artificial Intelligence,Gemini Enterprise for Customer Experience,Gemini Enterprise Agent Platform,2,1,3,🟢 Ready (3 profiles)
CLOUDMASTERS,Artificial Intelligence,Leverage Generative Media in your Business,Gemini Enterprise Agent Platform,2,1,3,🟢 Ready (3 profiles)
CLOUDMASTERS,Artificial Intelligence,Scale AI Apps and Agents,AI Applications,2,2,4,🟢 Ready (4 profiles)
CLOUDMASTERS,Artificial Intelligence,Scale AI Apps and Agents,Gemini Enterprise Agent Platform,2,1,3,🟡 Constrained (3 DRP / 5 wkls)
CLOUDMASTERS,Artificial Intelligence,Your Business. Your Models.,Gemini Enterprise Agent Platform,2,1,3,🟢 Ready (3 profiles)
CLOUDMASTERS,Data & Analytics,"Migrate, Modernize, and Build with Data Cloud",BigQuery,3,1,4,🟢 Ready (4 profiles)
CLOUDMASTERS,Data & Analytics,"Migrate, Modernize, and Build with Data Cloud",Dataflow,,1,1,🟢 Ready (1 profiles)
CLOUDMASTERS,Data & Analytics,The AI Ready Data Cloud,BigQuery,3,1,4,🟢 Ready (4 profiles)
CLOUDMASTERS,Data & Analytics,The AI Ready Data Cloud,Dataflow,,1,1,🟢 Ready (1 profiles)
CLOUDMASTERS,Data & Analytics,The AI Ready Data Cloud,Dataproc,,,,⚪ No Active Demand
CLOUDMASTERS,Data & Analytics,The AI Ready Data Cloud,Looker,1,2,3,🟢 Ready (3 profiles)
CLOUDMASTERS,Databases,"Migrate, Modernize, and Build with Data Cloud",AlloyDB for PostgreSQL,,,,⚪ No Active Demand
CLOUDMASTERS,Databases,"Migrate, Modernize, and Build with Data Cloud",Cloud SQL,2,1,3,🟢 Ready (3 profiles)
CLOUDMASTERS,Databases,"Migrate, Modernize, and Build with Data Cloud",Spanner,,,,⚪ No Active Demand
CLOUDMASTERS,Databases,The AI Ready Data Cloud,AlloyDB for PostgreSQL,,,,⚪ No Active Demand
CLOUDMASTERS,Databases,The AI Ready Data Cloud,Cloud SQL,2,1,3,🟢 Ready (3 profiles)
CLOUDMASTERS,Databases,The AI Ready Data Cloud,Spanner,,,,⚪ No Active Demand
CLOUDMASTERS,Infrastructure Modernization,Enterprise Platform of Choice: Oracle,Oracle,,,,⚪ No Active Demand
CLOUDMASTERS,Infrastructure Modernization,Enterprise Platform of Choice: SAP,SAP on Google Cloud,,,,⚪ No Active Demand
CLOUDMASTERS,Infrastructure Modernization,Enterprise Platform of Choice: VMware,Google Cloud VMware Engine,,,,⚪ No Active Demand
CLOUDMASTERS,Infrastructure Modernization,"Migrate, Modernize and Build",Google Cloud Networking,2,1,3,🟢 Ready (3 profiles)
CLOUDMASTERS,Infrastructure Modernization,"Migrate, Modernize and Build",Google Compute Engine,3,2,5,🟢 Ready (5 profiles)
CLOUDMASTERS,Infrastructure Modernization,Sovereignty,Google Distributed Cloud,,,,⚪ No Active Demand
CLOUDMASTERS,Security,Agentic Defense with Google Security,Google Threat Intelligence,,,,⚪ No Active Demand
CLOUDMASTERS,Security,Agentic Defense with Google Security,Security Command Center,,,,⚪ No Active Demand
CLOUDMASTERS,Security,Agentic Defense with Google Security,Security Operations,,,,⚪ No Active Demand
CLOUDMASTERS,Security,Secure Innovation with Google Cloud,Cloud Security,2,1,3,🟢 Ready (3 profiles)
CLOUDMASTERS,Workspace,Agentic Workplace Transformation,Workspace,5,,5,🟢 Ready (5 profiles)
Aleon Inteligencia de Dados Ltda,Application Modernization,"Migrate, Modernize and Build",Apigee API Management,,,,⚪ No Active Demand
Aleon Inteligencia de Dados Ltda,Application Modernization,"Migrate, Modernize and Build",Cloud Run,,,,⚪ No Active Demand
Aleon Inteligencia de Dados Ltda,Application Modernization,"Migrate, Modernize and Build",Google Kubernetes Engine,,,,⚪ No Active Demand
Aleon Inteligencia de Dados Ltda,Artificial Intelligence,Agentic Workplace Transformation,Gemini Enterprise,,1,1,🟢 Ready (1 profiles)
Aleon Inteligencia de Dados Ltda,Artificial Intelligence,Gemini Enterprise for Customer Experience,GECX - Agent Assist,,,,⚪ No Active Demand
Aleon Inteligencia de Dados Ltda,Artificial Intelligence,Gemini Enterprise for Customer Experience,GECX - CCaaS,,,,⚪ No Active Demand
Aleon Inteligencia de Dados Ltda,Artificial Intelligence,Gemini Enterprise for Customer Experience,GECX - CX Agent Studio,,,,⚪ No Active Demand
Aleon Inteligencia de Dados Ltda,Artificial Intelligence,Gemini Enterprise for Customer Experience,GECX - CX Insights,,,,⚪ No Active Demand
Aleon Inteligencia de Dados Ltda,Artificial Intelligence,Gemini Enterprise for Customer Experience,Gemini Enterprise Agent Platform,1,1,2,🟢 Ready (2 profiles)
Aleon Inteligencia de Dados Ltda,Artificial Intelligence,Leverage Generative Media in your Business,Gemini Enterprise Agent Platform,1,1,2,🟢 Ready (2 profiles)
Aleon Inteligencia de Dados Ltda,Artificial Intelligence,Scale AI Apps and Agents,AI Applications,,,,⚪ No Active Demand
Aleon Inteligencia de Dados Ltda,Artificial Intelligence,Scale AI Apps and Agents,Gemini Enterprise Agent Platform,1,1,2,🟢 Ready (2 profiles)
Aleon Inteligencia de Dados Ltda,Artificial Intelligence,Your Business. Your Models.,Gemini Enterprise Agent Platform,1,1,2,🟢 Ready (2 profiles)
Aleon Inteligencia de Dados Ltda,Data & Analytics,"Migrate, Modernize, and Build with Data Cloud",BigQuery,,,,⚪ No Active Demand
Aleon Inteligencia de Dados Ltda,Data & Analytics,"Migrate, Modernize, and Build with Data Cloud",Dataflow,,,,⚪ No Active Demand
Aleon Inteligencia de Dados Ltda,Data & Analytics,The AI Ready Data Cloud,BigQuery,,,,⚪ No Active Demand
Aleon Inteligencia de Dados Ltda,Data & Analytics,The AI Ready Data Cloud,Dataflow,,,,⚪ No Active Demand
Aleon Inteligencia de Dados Ltda,Data & Analytics,The AI Ready Data Cloud,Dataproc,,,,⚪ No Active Demand
Aleon Inteligencia de Dados Ltda,Data & Analytics,The AI Ready Data Cloud,Looker,,,,⚪ No Active Demand
Aleon Inteligencia de Dados Ltda,Databases,"Migrate, Modernize, and Build with Data Cloud",AlloyDB for PostgreSQL,,,,⚪ No Active Demand
Aleon Inteligencia de Dados Ltda,Databases,"Migrate, Modernize, and Build with Data Cloud",Cloud SQL,,,,⚪ No Active Demand
Aleon Inteligencia de Dados Ltda,Databases,"Migrate, Modernize, and Build with Data Cloud",Spanner,,,,⚪ No Active Demand
Aleon Inteligencia de Dados Ltda,Databases,The AI Ready Data Cloud,AlloyDB for PostgreSQL,,,,⚪ No Active Demand
Aleon Inteligencia de Dados Ltda,Databases,The AI Ready Data Cloud,Cloud SQL,,,,⚪ No Active Demand
Aleon Inteligencia de Dados Ltda,Databases,The AI Ready Data Cloud,Spanner,,,,⚪ No Active Demand
Aleon Inteligencia de Dados Ltda,Infrastructure Modernization,Enterprise Platform of Choice: Oracle,Oracle,,,,⚪ No Active Demand
Aleon Inteligencia de Dados Ltda,Infrastructure Modernization,Enterprise Platform of Choice: SAP,SAP on Google Cloud,,,,⚪ No Active Demand
Aleon Inteligencia de Dados Ltda,Infrastructure Modernization,Enterprise Platform of Choice: VMware,Google Cloud VMware Engine,,,,⚪ No Active Demand
Aleon Inteligencia de Dados Ltda,Infrastructure Modernization,"Migrate, Modernize and Build",Google Cloud Networking,,,,⚪ No Active Demand
Aleon Inteligencia de Dados Ltda,Infrastructure Modernization,"Migrate, Modernize and Build",Google Compute Engine,,,,⚪ No Active Demand
Aleon Inteligencia de Dados Ltda,Infrastructure Modernization,Sovereignty,Google Distributed Cloud,,,,⚪ No Active Demand
Aleon Inteligencia de Dados Ltda,Security,Agentic Defense with Google Security,Google Threat Intelligence,,,,⚪ No Active Demand
Aleon Inteligencia de Dados Ltda,Security,Agentic Defense with Google Security,Security Command Center,,,,⚪ No Active Demand
Aleon Inteligencia de Dados Ltda,Security,Agentic Defense with Google Security,Security Operations,,,,⚪ No Active Demand
Aleon Inteligencia de Dados Ltda,Security,Secure Innovation with Google Cloud,Cloud Security,,,,⚪ No Active Demand
Aleon Inteligencia de Dados Ltda,Workspace,Agentic Workplace Transformation,Workspace,,,,⚪ No Active Demand
IEBT (Inst. Desenv. Empresas Base Tecnológica),Application Modernization,"Migrate, Modernize and Build",Apigee API Management,,,,⚪ No Active Demand
IEBT (Inst. Desenv. Empresas Base Tecnológica),Application Modernization,"Migrate, Modernize and Build",Cloud Run,,,,⚪ No Active Demand
IEBT (Inst. Desenv. Empresas Base Tecnológica),Application Modernization,"Migrate, Modernize and Build",Google Kubernetes Engine,,,,⚪ No Active Demand
IEBT (Inst. Desenv. Empresas Base Tecnológica),Artificial Intelligence,Agentic Workplace Transformation,Gemini Enterprise,,,,⚪ No Active Demand
IEBT (Inst. Desenv. Empresas Base Tecnológica),Artificial Intelligence,Gemini Enterprise for Customer Experience,GECX - Agent Assist,,,,⚪ No Active Demand
IEBT (Inst. Desenv. Empresas Base Tecnológica),Artificial Intelligence,Gemini Enterprise for Customer Experience,GECX - CCaaS,,,,⚪ No Active Demand
IEBT (Inst. Desenv. Empresas Base Tecnológica),Artificial Intelligence,Gemini Enterprise for Customer Experience,GECX - CX Agent Studio,,,,⚪ No Active Demand
IEBT (Inst. Desenv. Empresas Base Tecnológica),Artificial Intelligence,Gemini Enterprise for Customer Experience,GECX - CX Insights,,,,⚪ No Active Demand
IEBT (Inst. Desenv. Empresas Base Tecnológica),Artificial Intelligence,Gemini Enterprise for Customer Experience,Gemini Enterprise Agent Platform,,,,🔴 Gap (0 DRP / 5 wkls)
IEBT (Inst. Desenv. Empresas Base Tecnológica),Artificial Intelligence,Leverage Generative Media in your Business,Gemini Enterprise Agent Platform,,,,⚪ No Active Demand
IEBT (Inst. Desenv. Empresas Base Tecnológica),Artificial Intelligence,Scale AI Apps and Agents,AI Applications,,,,⚪ No Active Demand
IEBT (Inst. Desenv. Empresas Base Tecnológica),Artificial Intelligence,Scale AI Apps and Agents,Gemini Enterprise Agent Platform,,,,🔴 Gap (0 DRP / 1 wkls)
IEBT (Inst. Desenv. Empresas Base Tecnológica),Artificial Intelligence,Your Business. Your Models.,Gemini Enterprise Agent Platform,,,,⚪ No Active Demand
IEBT (Inst. Desenv. Empresas Base Tecnológica),Data & Analytics,"Migrate, Modernize, and Build with Data Cloud",BigQuery,,,,⚪ No Active Demand
IEBT (Inst. Desenv. Empresas Base Tecnológica),Data & Analytics,"Migrate, Modernize, and Build with Data Cloud",Dataflow,,,,⚪ No Active Demand
IEBT (Inst. Desenv. Empresas Base Tecnológica),Data & Analytics,The AI Ready Data Cloud,BigQuery,,,,🔴 Gap (0 DRP / 2 wkls)
IEBT (Inst. Desenv. Empresas Base Tecnológica),Data & Analytics,The AI Ready Data Cloud,Dataflow,,,,⚪ No Active Demand
IEBT (Inst. Desenv. Empresas Base Tecnológica),Data & Analytics,The AI Ready Data Cloud,Dataproc,,,,⚪ No Active Demand
IEBT (Inst. Desenv. Empresas Base Tecnológica),Data & Analytics,The AI Ready Data Cloud,Looker,,,,⚪ No Active Demand
IEBT (Inst. Desenv. Empresas Base Tecnológica),Databases,"Migrate, Modernize, and Build with Data Cloud",AlloyDB for PostgreSQL,,,,⚪ No Active Demand
IEBT (Inst. Desenv. Empresas Base Tecnológica),Databases,"Migrate, Modernize, and Build with Data Cloud",Cloud SQL,,,,⚪ No Active Demand
IEBT (Inst. Desenv. Empresas Base Tecnológica),Databases,"Migrate, Modernize, and Build with Data Cloud",Spanner,,,,⚪ No Active Demand
IEBT (Inst. Desenv. Empresas Base Tecnológica),Databases,The AI Ready Data Cloud,AlloyDB for PostgreSQL,,,,⚪ No Active Demand
IEBT (Inst. Desenv. Empresas Base Tecnológica),Databases,The AI Ready Data Cloud,Cloud SQL,,,,⚪ No Active Demand
IEBT (Inst. Desenv. Empresas Base Tecnológica),Databases,The AI Ready Data Cloud,Spanner,,,,⚪ No Active Demand
IEBT (Inst. Desenv. Empresas Base Tecnológica),Infrastructure Modernization,Enterprise Platform of Choice: Oracle,Oracle,,,,⚪ No Active Demand
IEBT (Inst. Desenv. Empresas Base Tecnológica),Infrastructure Modernization,Enterprise Platform of Choice: SAP,SAP on Google Cloud,,,,⚪ No Active Demand
IEBT (Inst. Desenv. Empresas Base Tecnológica),Infrastructure Modernization,Enterprise Platform of Choice: VMware,Google Cloud VMware Engine,,,,⚪ No Active Demand
IEBT (Inst. Desenv. Empresas Base Tecnológica),Infrastructure Modernization,"Migrate, Modernize and Build",Google Cloud Networking,,,,⚪ No Active Demand
IEBT (Inst. Desenv. Empresas Base Tecnológica),Infrastructure Modernization,"Migrate, Modernize and Build",Google Compute Engine,,,,⚪ No Active Demand
IEBT (Inst. Desenv. Empresas Base Tecnológica),Infrastructure Modernization,Sovereignty,Google Distributed Cloud,,,,⚪ No Active Demand
IEBT (Inst. Desenv. Empresas Base Tecnológica),Security,Agentic Defense with Google Security,Google Threat Intelligence,,,,⚪ No Active Demand
IEBT (Inst. Desenv. Empresas Base Tecnológica),Security,Agentic Defense with Google Security,Security Command Center,,,,⚪ No Active Demand
IEBT (Inst. Desenv. Empresas Base Tecnológica),Security,Agentic Defense with Google Security,Security Operations,,,,⚪ No Active Demand
IEBT (Inst. Desenv. Empresas Base Tecnológica),Security,Secure Innovation with Google Cloud,Cloud Security,,,,⚪ No Active Demand
IEBT (Inst. Desenv. Empresas Base Tecnológica),Workspace,Agentic Workplace Transformation,Workspace,,,,⚪ No Active Demand
El Ultimo Geek S.A. de C.V. (Edvolution),Application Modernization,"Migrate, Modernize and Build",Apigee API Management,,,,⚪ No Active Demand
El Ultimo Geek S.A. de C.V. (Edvolution),Application Modernization,"Migrate, Modernize and Build",Cloud Run,,,,⚪ No Active Demand
El Ultimo Geek S.A. de C.V. (Edvolution),Application Modernization,"Migrate, Modernize and Build",Google Kubernetes Engine,,,,🔴 Gap (0 DRP / 1 wkls)
El Ultimo Geek S.A. de C.V. (Edvolution),Artificial Intelligence,Agentic Workplace Transformation,Gemini Enterprise,,,,⚪ No Active Demand
El Ultimo Geek S.A. de C.V. (Edvolution),Artificial Intelligence,Gemini Enterprise for Customer Experience,GECX - Agent Assist,,,,⚪ No Active Demand
El Ultimo Geek S.A. de C.V. (Edvolution),Artificial Intelligence,Gemini Enterprise for Customer Experience,GECX - CCaaS,,,,⚪ No Active Demand
El Ultimo Geek S.A. de C.V. (Edvolution),Artificial Intelligence,Gemini Enterprise for Customer Experience,GECX - CX Agent Studio,,,,⚪ No Active Demand
El Ultimo Geek S.A. de C.V. (Edvolution),Artificial Intelligence,Gemini Enterprise for Customer Experience,GECX - CX Insights,,,,⚪ No Active Demand
El Ultimo Geek S.A. de C.V. (Edvolution),Artificial Intelligence,Gemini Enterprise for Customer Experience,Gemini Enterprise Agent Platform,,,,⚪ No Active Demand
El Ultimo Geek S.A. de C.V. (Edvolution),Artificial Intelligence,Leverage Generative Media in your Business,Gemini Enterprise Agent Platform,,,,⚪ No Active Demand
El Ultimo Geek S.A. de C.V. (Edvolution),Artificial Intelligence,Scale AI Apps and Agents,AI Applications,,,,⚪ No Active Demand
El Ultimo Geek S.A. de C.V. (Edvolution),Artificial Intelligence,Scale AI Apps and Agents,Gemini Enterprise Agent Platform,,,,🔴 Gap (0 DRP / 3 wkls)
El Ultimo Geek S.A. de C.V. (Edvolution),Artificial Intelligence,Your Business. Your Models.,Gemini Enterprise Agent Platform,,,,⚪ No Active Demand
El Ultimo Geek S.A. de C.V. (Edvolution),Data & Analytics,"Migrate, Modernize, and Build with Data Cloud",BigQuery,,,,⚪ No Active Demand
El Ultimo Geek S.A. de C.V. (Edvolution),Data & Analytics,"Migrate, Modernize, and Build with Data Cloud",Dataflow,,,,⚪ No Active Demand
El Ultimo Geek S.A. de C.V. (Edvolution),Data & Analytics,The AI Ready Data Cloud,BigQuery,,,,⚪ No Active Demand
El Ultimo Geek S.A. de C.V. (Edvolution),Data & Analytics,The AI Ready Data Cloud,Dataflow,,,,⚪ No Active Demand
El Ultimo Geek S.A. de C.V. (Edvolution),Data & Analytics,The AI Ready Data Cloud,Dataproc,,,,⚪ No Active Demand
El Ultimo Geek S.A. de C.V. (Edvolution),Data & Analytics,The AI Ready Data Cloud,Looker,,,,⚪ No Active Demand
El Ultimo Geek S.A. de C.V. (Edvolution),Databases,"Migrate, Modernize, and Build with Data Cloud",AlloyDB for PostgreSQL,,,,⚪ No Active Demand
El Ultimo Geek S.A. de C.V. (Edvolution),Databases,"Migrate, Modernize, and Build with Data Cloud",Cloud SQL,,,,⚪ No Active Demand
El Ultimo Geek S.A. de C.V. (Edvolution),Databases,"Migrate, Modernize, and Build with Data Cloud",Spanner,,,,⚪ No Active Demand
El Ultimo Geek S.A. de C.V. (Edvolution),Databases,The AI Ready Data Cloud,AlloyDB for PostgreSQL,,,,⚪ No Active Demand
El Ultimo Geek S.A. de C.V. (Edvolution),Databases,The AI Ready Data Cloud,Cloud SQL,,,,⚪ No Active Demand
El Ultimo Geek S.A. de C.V. (Edvolution),Databases,The AI Ready Data Cloud,Spanner,,,,⚪ No Active Demand
El Ultimo Geek S.A. de C.V. (Edvolution),Infrastructure Modernization,Enterprise Platform of Choice: Oracle,Oracle,,,,⚪ No Active Demand
El Ultimo Geek S.A. de C.V. (Edvolution),Infrastructure Modernization,Enterprise Platform of Choice: SAP,SAP on Google Cloud,,,,⚪ No Active Demand
El Ultimo Geek S.A. de C.V. (Edvolution),Infrastructure Modernization,Enterprise Platform of Choice: VMware,Google Cloud VMware Engine,,,,⚪ No Active Demand
El Ultimo Geek S.A. de C.V. (Edvolution),Infrastructure Modernization,"Migrate, Modernize and Build",Google Cloud Networking,,,,⚪ No Active Demand
El Ultimo Geek S.A. de C.V. (Edvolution),Infrastructure Modernization,"Migrate, Modernize and Build",Google Compute Engine,,,,⚪ No Active Demand
El Ultimo Geek S.A. de C.V. (Edvolution),Infrastructure Modernization,Sovereignty,Google Distributed Cloud,,,,⚪ No Active Demand
El Ultimo Geek S.A. de C.V. (Edvolution),Security,Agentic Defense with Google Security,Google Threat Intelligence,,,,⚪ No Active Demand
El Ultimo Geek S.A. de C.V. (Edvolution),Security,Agentic Defense with Google Security,Security Command Center,,,,⚪ No Active Demand
El Ultimo Geek S.A. de C.V. (Edvolution),Security,Agentic Defense with Google Security,Security Operations,,,,⚪ No Active Demand
El Ultimo Geek S.A. de C.V. (Edvolution),Security,Secure Innovation with Google Cloud,Cloud Security,,,,⚪ No Active Demand
El Ultimo Geek S.A. de C.V. (Edvolution),Workspace,Agentic Workplace Transformation,Workspace,,,,⚪ No Active Demand
"Fluentcore, LLC (Fluent Data)",Application Modernization,"Migrate, Modernize and Build",Apigee API Management,,,,⚪ No Active Demand
"Fluentcore, LLC (Fluent Data)",Application Modernization,"Migrate, Modernize and Build",Cloud Run,,,,⚪ No Active Demand
"Fluentcore, LLC (Fluent Data)",Application Modernization,"Migrate, Modernize and Build",Google Kubernetes Engine,,,,⚪ No Active Demand
"Fluentcore, LLC (Fluent Data)",Artificial Intelligence,Agentic Workplace Transformation,Gemini Enterprise,2,1,3,🟢 Ready (3 DRP / 1 wkls)
"Fluentcore, LLC (Fluent Data)",Artificial Intelligence,Gemini Enterprise for Customer Experience,GECX - Agent Assist,,1,1,🟢 Ready (1 profiles)
"Fluentcore, LLC (Fluent Data)",Artificial Intelligence,Gemini Enterprise for Customer Experience,GECX - CCaaS,,,,⚪ No Active Demand
"Fluentcore, LLC (Fluent Data)",Artificial Intelligence,Gemini Enterprise for Customer Experience,GECX - CX Agent Studio,,,,⚪ No Active Demand
"Fluentcore, LLC (Fluent Data)",Artificial Intelligence,Gemini Enterprise for Customer Experience,GECX - CX Insights,,,,⚪ No Active Demand
"Fluentcore, LLC (Fluent Data)",Artificial Intelligence,Gemini Enterprise for Customer Experience,Gemini Enterprise Agent Platform,8,2,10,🟢 Ready (10 profiles)
"Fluentcore, LLC (Fluent Data)",Artificial Intelligence,Leverage Generative Media in your Business,Gemini Enterprise Agent Platform,8,2,10,🟢 Ready (10 profiles)
"Fluentcore, LLC (Fluent Data)",Artificial Intelligence,Scale AI Apps and Agents,AI Applications,7,2,9,🟢 Ready (9 profiles)
"Fluentcore, LLC (Fluent Data)",Artificial Intelligence,Scale AI Apps and Agents,Gemini Enterprise Agent Platform,8,2,10,🟢 Ready (10 DRP / 6 wkls)
"Fluentcore, LLC (Fluent Data)",Artificial Intelligence,Your Business. Your Models.,Gemini Enterprise Agent Platform,8,2,10,🟢 Ready (10 DRP / 1 wkls)
"Fluentcore, LLC (Fluent Data)",Data & Analytics,"Migrate, Modernize, and Build with Data Cloud",BigQuery,6,3,9,🟢 Ready (9 profiles)
"Fluentcore, LLC (Fluent Data)",Data & Analytics,"Migrate, Modernize, and Build with Data Cloud",Dataflow,,3,3,🟢 Ready (3 profiles)
"Fluentcore, LLC (Fluent Data)",Data & Analytics,The AI Ready Data Cloud,BigQuery,6,3,9,🟢 Ready (9 DRP / 7 wkls)
"Fluentcore, LLC (Fluent Data)",Data & Analytics,The AI Ready Data Cloud,Dataflow,,3,3,🟢 Ready (3 profiles)
"Fluentcore, LLC (Fluent Data)",Data & Analytics,The AI Ready Data Cloud,Dataproc,,,,⚪ No Active Demand
"Fluentcore, LLC (Fluent Data)",Data & Analytics,The AI Ready Data Cloud,Looker,5,2,7,🟢 Ready (7 profiles)
"Fluentcore, LLC (Fluent Data)",Databases,"Migrate, Modernize, and Build with Data Cloud",AlloyDB for PostgreSQL,,,,⚪ No Active Demand
"Fluentcore, LLC (Fluent Data)",Databases,"Migrate, Modernize, and Build with Data Cloud",Cloud SQL,,,,⚪ No Active Demand
"Fluentcore, LLC (Fluent Data)",Databases,"Migrate, Modernize, and Build with Data Cloud",Spanner,,,,⚪ No Active Demand
"Fluentcore, LLC (Fluent Data)",Databases,The AI Ready Data Cloud,AlloyDB for PostgreSQL,,,,⚪ No Active Demand
"Fluentcore, LLC (Fluent Data)",Databases,The AI Ready Data Cloud,Cloud SQL,,,,⚪ No Active Demand
"Fluentcore, LLC (Fluent Data)",Databases,The AI Ready Data Cloud,Spanner,,,,⚪ No Active Demand
"Fluentcore, LLC (Fluent Data)",Infrastructure Modernization,Enterprise Platform of Choice: Oracle,Oracle,,,,⚪ No Active Demand
"Fluentcore, LLC (Fluent Data)",Infrastructure Modernization,Enterprise Platform of Choice: SAP,SAP on Google Cloud,,,,⚪ No Active Demand
"Fluentcore, LLC (Fluent Data)",Infrastructure Modernization,Enterprise Platform of Choice: VMware,Google Cloud VMware Engine,,,,⚪ No Active Demand
"Fluentcore, LLC (Fluent Data)",Infrastructure Modernization,"Migrate, Modernize and Build",Google Cloud Networking,,,,⚪ No Active Demand
"Fluentcore, LLC (Fluent Data)",Infrastructure Modernization,"Migrate, Modernize and Build",Google Compute Engine,,2,2,🟢 Ready (2 profiles)
"Fluentcore, LLC (Fluent Data)",Infrastructure Modernization,Sovereignty,Google Distributed Cloud,,,,⚪ No Active Demand
"Fluentcore, LLC (Fluent Data)",Security,Agentic Defense with Google Security,Google Threat Intelligence,,,,⚪ No Active Demand
"Fluentcore, LLC (Fluent Data)",Security,Agentic Defense with Google Security,Security Command Center,,,,⚪ No Active Demand
"Fluentcore, LLC (Fluent Data)",Security,Agentic Defense with Google Security,Security Operations,,,,⚪ No Active Demand
"Fluentcore, LLC (Fluent Data)",Security,Secure Innovation with Google Cloud,Cloud Security,,,,⚪ No Active Demand
"Fluentcore, LLC (Fluent Data)",Workspace,Agentic Workplace Transformation,Workspace,,,,⚪ No Active Demand
Ideen Tecnologia LTDA,Application Modernization,"Migrate, Modernize and Build",Apigee API Management,,1,1,🟢 Ready (1 profiles)
Ideen Tecnologia LTDA,Application Modernization,"Migrate, Modernize and Build",Cloud Run,,2,2,🟢 Ready (2 profiles)
Ideen Tecnologia LTDA,Application Modernization,"Migrate, Modernize and Build",Google Kubernetes Engine,1,,1,🟢 Ready (1 profiles)
Ideen Tecnologia LTDA,Artificial Intelligence,Agentic Workplace Transformation,Gemini Enterprise,,,,🔴 Gap (0 DRP / 3 wkls)
Ideen Tecnologia LTDA,Artificial Intelligence,Gemini Enterprise for Customer Experience,GECX - Agent Assist,,,,⚪ No Active Demand
Ideen Tecnologia LTDA,Artificial Intelligence,Gemini Enterprise for Customer Experience,GECX - CCaaS,,,,⚪ No Active Demand
Ideen Tecnologia LTDA,Artificial Intelligence,Gemini Enterprise for Customer Experience,GECX - CX Agent Studio,,,,⚪ No Active Demand
Ideen Tecnologia LTDA,Artificial Intelligence,Gemini Enterprise for Customer Experience,GECX - CX Insights,,,,⚪ No Active Demand
Ideen Tecnologia LTDA,Artificial Intelligence,Gemini Enterprise for Customer Experience,Gemini Enterprise Agent Platform,,,,⚪ No Active Demand
Ideen Tecnologia LTDA,Artificial Intelligence,Leverage Generative Media in your Business,Gemini Enterprise Agent Platform,,,,⚪ No Active Demand
Ideen Tecnologia LTDA,Artificial Intelligence,Scale AI Apps and Agents,AI Applications,,,,⚪ No Active Demand
Ideen Tecnologia LTDA,Artificial Intelligence,Scale AI Apps and Agents,Gemini Enterprise Agent Platform,,,,🔴 Gap (0 DRP / 1 wkls)
Ideen Tecnologia LTDA,Artificial Intelligence,Your Business. Your Models.,Gemini Enterprise Agent Platform,,,,⚪ No Active Demand
Ideen Tecnologia LTDA,Data & Analytics,"Migrate, Modernize, and Build with Data Cloud",BigQuery,,,,⚪ No Active Demand
Ideen Tecnologia LTDA,Data & Analytics,"Migrate, Modernize, and Build with Data Cloud",Dataflow,,,,⚪ No Active Demand
Ideen Tecnologia LTDA,Data & Analytics,The AI Ready Data Cloud,BigQuery,,,,⚪ No Active Demand
Ideen Tecnologia LTDA,Data & Analytics,The AI Ready Data Cloud,Dataflow,,,,⚪ No Active Demand
Ideen Tecnologia LTDA,Data & Analytics,The AI Ready Data Cloud,Dataproc,,,,⚪ No Active Demand
Ideen Tecnologia LTDA,Data & Analytics,The AI Ready Data Cloud,Looker,,,,⚪ No Active Demand
Ideen Tecnologia LTDA,Databases,"Migrate, Modernize, and Build with Data Cloud",AlloyDB for PostgreSQL,,,,⚪ No Active Demand
Ideen Tecnologia LTDA,Databases,"Migrate, Modernize, and Build with Data Cloud",Cloud SQL,,,,⚪ No Active Demand
Ideen Tecnologia LTDA,Databases,"Migrate, Modernize, and Build with Data Cloud",Spanner,,,,⚪ No Active Demand
Ideen Tecnologia LTDA,Databases,The AI Ready Data Cloud,AlloyDB for PostgreSQL,,,,⚪ No Active Demand
Ideen Tecnologia LTDA,Databases,The AI Ready Data Cloud,Cloud SQL,,,,⚪ No Active Demand
Ideen Tecnologia LTDA,Databases,The AI Ready Data Cloud,Spanner,,,,⚪ No Active Demand
Ideen Tecnologia LTDA,Infrastructure Modernization,Enterprise Platform of Choice: Oracle,Oracle,,,,⚪ No Active Demand
Ideen Tecnologia LTDA,Infrastructure Modernization,Enterprise Platform of Choice: SAP,SAP on Google Cloud,,,,⚪ No Active Demand
Ideen Tecnologia LTDA,Infrastructure Modernization,Enterprise Platform of Choice: VMware,Google Cloud VMware Engine,,,,⚪ No Active Demand
Ideen Tecnologia LTDA,Infrastructure Modernization,"Migrate, Modernize and Build",Google Cloud Networking,,,,⚪ No Active Demand
Ideen Tecnologia LTDA,Infrastructure Modernization,"Migrate, Modernize and Build",Google Compute Engine,,,,⚪ No Active Demand
Ideen Tecnologia LTDA,Infrastructure Modernization,Sovereignty,Google Distributed Cloud,,,,⚪ No Active Demand
Ideen Tecnologia LTDA,Security,Agentic Defense with Google Security,Google Threat Intelligence,,,,⚪ No Active Demand
Ideen Tecnologia LTDA,Security,Agentic Defense with Google Security,Security Command Center,,,,⚪ No Active Demand
Ideen Tecnologia LTDA,Security,Agentic Defense with Google Security,Security Operations,,,,⚪ No Active Demand
Ideen Tecnologia LTDA,Security,Secure Innovation with Google Cloud,Cloud Security,,,,⚪ No Active Demand
Ideen Tecnologia LTDA,Workspace,Agentic Workplace Transformation,Workspace,,,,⚪ No Active Demand
Inteligência de Negócios (NowVertical),Application Modernization,"Migrate, Modernize and Build",Apigee API Management,,,,⚪ No Active Demand
Inteligência de Negócios (NowVertical),Application Modernization,"Migrate, Modernize and Build",Cloud Run,,,,⚪ No Active Demand
Inteligência de Negócios (NowVertical),Application Modernization,"Migrate, Modernize and Build",Google Kubernetes Engine,,,,⚪ No Active Demand
Inteligência de Negócios (NowVertical),Artificial Intelligence,Agentic Workplace Transformation,Gemini Enterprise,,,,⚪ No Active Demand
Inteligência de Negócios (NowVertical),Artificial Intelligence,Gemini Enterprise for Customer Experience,GECX - Agent Assist,,,,⚪ No Active Demand
Inteligência de Negócios (NowVertical),Artificial Intelligence,Gemini Enterprise for Customer Experience,GECX - CCaaS,,,,⚪ No Active Demand
Inteligência de Negócios (NowVertical),Artificial Intelligence,Gemini Enterprise for Customer Experience,GECX - CX Agent Studio,,,,⚪ No Active Demand
Inteligência de Negócios (NowVertical),Artificial Intelligence,Gemini Enterprise for Customer Experience,GECX - CX Insights,,,,⚪ No Active Demand
Inteligência de Negócios (NowVertical),Artificial Intelligence,Gemini Enterprise for Customer Experience,Gemini Enterprise Agent Platform,,,,⚪ No Active Demand
Inteligência de Negócios (NowVertical),Artificial Intelligence,Leverage Generative Media in your Business,Gemini Enterprise Agent Platform,,,,⚪ No Active Demand
Inteligência de Negócios (NowVertical),Artificial Intelligence,Scale AI Apps and Agents,AI Applications,,,,⚪ No Active Demand
Inteligência de Negócios (NowVertical),Artificial Intelligence,Scale AI Apps and Agents,Gemini Enterprise Agent Platform,,,,⚪ No Active Demand
Inteligência de Negócios (NowVertical),Artificial Intelligence,Your Business. Your Models.,Gemini Enterprise Agent Platform,,,,⚪ No Active Demand
Inteligência de Negócios (NowVertical),Data & Analytics,"Migrate, Modernize, and Build with Data Cloud",BigQuery,,,,⚪ No Active Demand
Inteligência de Negócios (NowVertical),Data & Analytics,"Migrate, Modernize, and Build with Data Cloud",Dataflow,,,,⚪ No Active Demand
Inteligência de Negócios (NowVertical),Data & Analytics,The AI Ready Data Cloud,BigQuery,,,,⚪ No Active Demand
Inteligência de Negócios (NowVertical),Data & Analytics,The AI Ready Data Cloud,Dataflow,,,,⚪ No Active Demand
Inteligência de Negócios (NowVertical),Data & Analytics,The AI Ready Data Cloud,Dataproc,,,,⚪ No Active Demand
Inteligência de Negócios (NowVertical),Data & Analytics,The AI Ready Data Cloud,Looker,,,,⚪ No Active Demand
Inteligência de Negócios (NowVertical),Databases,"Migrate, Modernize, and Build with Data Cloud",AlloyDB for PostgreSQL,,,,⚪ No Active Demand
Inteligência de Negócios (NowVertical),Databases,"Migrate, Modernize, and Build with Data Cloud",Cloud SQL,,,,⚪ No Active Demand
Inteligência de Negócios (NowVertical),Databases,"Migrate, Modernize, and Build with Data Cloud",Spanner,,,,⚪ No Active Demand
Inteligência de Negócios (NowVertical),Databases,The AI Ready Data Cloud,AlloyDB for PostgreSQL,,,,⚪ No Active Demand
Inteligência de Negócios (NowVertical),Databases,The AI Ready Data Cloud,Cloud SQL,,,,⚪ No Active Demand
Inteligência de Negócios (NowVertical),Databases,The AI Ready Data Cloud,Spanner,,,,⚪ No Active Demand
Inteligência de Negócios (NowVertical),Infrastructure Modernization,Enterprise Platform of Choice: Oracle,Oracle,,,,⚪ No Active Demand
Inteligência de Negócios (NowVertical),Infrastructure Modernization,Enterprise Platform of Choice: SAP,SAP on Google Cloud,,,,⚪ No Active Demand
Inteligência de Negócios (NowVertical),Infrastructure Modernization,Enterprise Platform of Choice: VMware,Google Cloud VMware Engine,,,,⚪ No Active Demand
Inteligência de Negócios (NowVertical),Infrastructure Modernization,"Migrate, Modernize and Build",Google Cloud Networking,,,,⚪ No Active Demand
Inteligência de Negócios (NowVertical),Infrastructure Modernization,"Migrate, Modernize and Build",Google Compute Engine,,,,⚪ No Active Demand
Inteligência de Negócios (NowVertical),Infrastructure Modernization,Sovereignty,Google Distributed Cloud,,,,⚪ No Active Demand
Inteligência de Negócios (NowVertical),Security,Agentic Defense with Google Security,Google Threat Intelligence,,,,⚪ No Active Demand
Inteligência de Negócios (NowVertical),Security,Agentic Defense with Google Security,Security Command Center,,,,⚪ No Active Demand
Inteligência de Negócios (NowVertical),Security,Agentic Defense with Google Security,Security Operations,,,,⚪ No Active Demand
Inteligência de Negócios (NowVertical),Security,Secure Innovation with Google Cloud,Cloud Security,,,,⚪ No Active Demand
Inteligência de Negócios (NowVertical),Workspace,Agentic Workplace Transformation,Workspace,,,,⚪ No Active Demand
InventCloud Tecnologia Ltda,Application Modernization,"Migrate, Modernize and Build",Apigee API Management,,,,⚪ No Active Demand
InventCloud Tecnologia Ltda,Application Modernization,"Migrate, Modernize and Build",Cloud Run,,,,⚪ No Active Demand
InventCloud Tecnologia Ltda,Application Modernization,"Migrate, Modernize and Build",Google Kubernetes Engine,,,,⚪ No Active Demand
InventCloud Tecnologia Ltda,Artificial Intelligence,Agentic Workplace Transformation,Gemini Enterprise,,,,⚪ No Active Demand
InventCloud Tecnologia Ltda,Artificial Intelligence,Gemini Enterprise for Customer Experience,GECX - Agent Assist,,,,⚪ No Active Demand
InventCloud Tecnologia Ltda,Artificial Intelligence,Gemini Enterprise for Customer Experience,GECX - CCaaS,,,,⚪ No Active Demand
InventCloud Tecnologia Ltda,Artificial Intelligence,Gemini Enterprise for Customer Experience,GECX - CX Agent Studio,,,,⚪ No Active Demand
InventCloud Tecnologia Ltda,Artificial Intelligence,Gemini Enterprise for Customer Experience,GECX - CX Insights,,,,⚪ No Active Demand
InventCloud Tecnologia Ltda,Artificial Intelligence,Gemini Enterprise for Customer Experience,Gemini Enterprise Agent Platform,,,,⚪ No Active Demand
InventCloud Tecnologia Ltda,Artificial Intelligence,Leverage Generative Media in your Business,Gemini Enterprise Agent Platform,,,,⚪ No Active Demand
InventCloud Tecnologia Ltda,Artificial Intelligence,Scale AI Apps and Agents,AI Applications,,,,⚪ No Active Demand
InventCloud Tecnologia Ltda,Artificial Intelligence,Scale AI Apps and Agents,Gemini Enterprise Agent Platform,,,,⚪ No Active Demand
InventCloud Tecnologia Ltda,Artificial Intelligence,Your Business. Your Models.,Gemini Enterprise Agent Platform,,,,🔴 Gap (0 DRP / 1 wkls)
InventCloud Tecnologia Ltda,Data & Analytics,"Migrate, Modernize, and Build with Data Cloud",BigQuery,,,,⚪ No Active Demand
InventCloud Tecnologia Ltda,Data & Analytics,"Migrate, Modernize, and Build with Data Cloud",Dataflow,,,,⚪ No Active Demand
InventCloud Tecnologia Ltda,Data & Analytics,The AI Ready Data Cloud,BigQuery,,,,⚪ No Active Demand
InventCloud Tecnologia Ltda,Data & Analytics,The AI Ready Data Cloud,Dataflow,,,,⚪ No Active Demand
InventCloud Tecnologia Ltda,Data & Analytics,The AI Ready Data Cloud,Dataproc,,,,⚪ No Active Demand
InventCloud Tecnologia Ltda,Data & Analytics,The AI Ready Data Cloud,Looker,,,,⚪ No Active Demand
InventCloud Tecnologia Ltda,Databases,"Migrate, Modernize, and Build with Data Cloud",AlloyDB for PostgreSQL,,,,⚪ No Active Demand
InventCloud Tecnologia Ltda,Databases,"Migrate, Modernize, and Build with Data Cloud",Cloud SQL,,,,⚪ No Active Demand
InventCloud Tecnologia Ltda,Databases,"Migrate, Modernize, and Build with Data Cloud",Spanner,,,,⚪ No Active Demand
InventCloud Tecnologia Ltda,Databases,The AI Ready Data Cloud,AlloyDB for PostgreSQL,,,,⚪ No Active Demand
InventCloud Tecnologia Ltda,Databases,The AI Ready Data Cloud,Cloud SQL,,,,⚪ No Active Demand
InventCloud Tecnologia Ltda,Databases,The AI Ready Data Cloud,Spanner,,,,⚪ No Active Demand
InventCloud Tecnologia Ltda,Infrastructure Modernization,Enterprise Platform of Choice: Oracle,Oracle,,,,⚪ No Active Demand
InventCloud Tecnologia Ltda,Infrastructure Modernization,Enterprise Platform of Choice: SAP,SAP on Google Cloud,,,,⚪ No Active Demand
InventCloud Tecnologia Ltda,Infrastructure Modernization,Enterprise Platform of Choice: VMware,Google Cloud VMware Engine,,,,⚪ No Active Demand
InventCloud Tecnologia Ltda,Infrastructure Modernization,"Migrate, Modernize and Build",Google Cloud Networking,,,,⚪ No Active Demand
InventCloud Tecnologia Ltda,Infrastructure Modernization,"Migrate, Modernize and Build",Google Compute Engine,,,,⚪ No Active Demand
InventCloud Tecnologia Ltda,Infrastructure Modernization,Sovereignty,Google Distributed Cloud,,,,⚪ No Active Demand
InventCloud Tecnologia Ltda,Security,Agentic Defense with Google Security,Google Threat Intelligence,,,,⚪ No Active Demand
InventCloud Tecnologia Ltda,Security,Agentic Defense with Google Security,Security Command Center,,,,⚪ No Active Demand
InventCloud Tecnologia Ltda,Security,Agentic Defense with Google Security,Security Operations,,,,⚪ No Active Demand
InventCloud Tecnologia Ltda,Security,Secure Innovation with Google Cloud,Cloud Security,,,,⚪ No Active Demand
InventCloud Tecnologia Ltda,Workspace,Agentic Workplace Transformation,Workspace,,,,⚪ No Active Demand
Incubeta México,Application Modernization,"Migrate, Modernize and Build",Apigee API Management,,,,⚪ No Active Demand
Incubeta México,Application Modernization,"Migrate, Modernize and Build",Cloud Run,,,,⚪ No Active Demand
Incubeta México,Application Modernization,"Migrate, Modernize and Build",Google Kubernetes Engine,,,,⚪ No Active Demand
Incubeta México,Artificial Intelligence,Agentic Workplace Transformation,Gemini Enterprise,1,3,4,🟢 Ready (4 profiles)
Incubeta México,Artificial Intelligence,Gemini Enterprise for Customer Experience,GECX - Agent Assist,,,,⚪ No Active Demand
Incubeta México,Artificial Intelligence,Gemini Enterprise for Customer Experience,GECX - CCaaS,,,,⚪ No Active Demand
Incubeta México,Artificial Intelligence,Gemini Enterprise for Customer Experience,GECX - CX Agent Studio,,,,⚪ No Active Demand
Incubeta México,Artificial Intelligence,Gemini Enterprise for Customer Experience,GECX - CX Insights,,,,⚪ No Active Demand
Incubeta México,Artificial Intelligence,Gemini Enterprise for Customer Experience,Gemini Enterprise Agent Platform,4,3,7,🟢 Ready (7 profiles)
Incubeta México,Artificial Intelligence,Leverage Generative Media in your Business,Gemini Enterprise Agent Platform,4,3,7,🟢 Ready (7 profiles)
Incubeta México,Artificial Intelligence,Scale AI Apps and Agents,AI Applications,1,1,2,🟢 Ready (2 profiles)
Incubeta México,Artificial Intelligence,Scale AI Apps and Agents,Gemini Enterprise Agent Platform,4,3,7,🟢 Ready (7 profiles)
Incubeta México,Artificial Intelligence,Your Business. Your Models.,Gemini Enterprise Agent Platform,4,3,7,🟢 Ready (7 profiles)
Incubeta México,Data & Analytics,"Migrate, Modernize, and Build with Data Cloud",BigQuery,4,3,7,🟢 Ready (7 profiles)
Incubeta México,Data & Analytics,"Migrate, Modernize, and Build with Data Cloud",Dataflow,1,,1,🟢 Ready (1 profiles)
Incubeta México,Data & Analytics,The AI Ready Data Cloud,BigQuery,4,3,7,🟢 Ready (7 profiles)
Incubeta México,Data & Analytics,The AI Ready Data Cloud,Dataflow,1,,1,🟢 Ready (1 profiles)
Incubeta México,Data & Analytics,The AI Ready Data Cloud,Dataproc,,3,3,🟢 Ready (3 profiles)
Incubeta México,Data & Analytics,The AI Ready Data Cloud,Looker,1,1,2,🟢 Ready (2 profiles)
Incubeta México,Databases,"Migrate, Modernize, and Build with Data Cloud",AlloyDB for PostgreSQL,,,,⚪ No Active Demand
Incubeta México,Databases,"Migrate, Modernize, and Build with Data Cloud",Cloud SQL,,,,⚪ No Active Demand
Incubeta México,Databases,"Migrate, Modernize, and Build with Data Cloud",Spanner,,,,⚪ No Active Demand
Incubeta México,Databases,The AI Ready Data Cloud,AlloyDB for PostgreSQL,,,,⚪ No Active Demand
Incubeta México,Databases,The AI Ready Data Cloud,Cloud SQL,,,,⚪ No Active Demand
Incubeta México,Databases,The AI Ready Data Cloud,Spanner,,,,⚪ No Active Demand
Incubeta México,Infrastructure Modernization,Enterprise Platform of Choice: Oracle,Oracle,,,,⚪ No Active Demand
Incubeta México,Infrastructure Modernization,Enterprise Platform of Choice: SAP,SAP on Google Cloud,,,,⚪ No Active Demand
Incubeta México,Infrastructure Modernization,Enterprise Platform of Choice: VMware,Google Cloud VMware Engine,,,,⚪ No Active Demand
Incubeta México,Infrastructure Modernization,"Migrate, Modernize and Build",Google Cloud Networking,,,,⚪ No Active Demand
Incubeta México,Infrastructure Modernization,"Migrate, Modernize and Build",Google Compute Engine,,,,⚪ No Active Demand
Incubeta México,Infrastructure Modernization,Sovereignty,Google Distributed Cloud,,,,⚪ No Active Demand
Incubeta México,Security,Agentic Defense with Google Security,Google Threat Intelligence,,,,⚪ No Active Demand
Incubeta México,Security,Agentic Defense with Google Security,Security Command Center,,,,⚪ No Active Demand
Incubeta México,Security,Agentic Defense with Google Security,Security Operations,,,,⚪ No Active Demand
Incubeta México,Security,Secure Innovation with Google Cloud,Cloud Security,,,,⚪ No Active Demand
Incubeta México,Workspace,Agentic Workplace Transformation,Workspace,,,,⚪ No Active Demand
"Innovaworx Cloud, S de RL de CV",Application Modernization,"Migrate, Modernize and Build",Apigee API Management,,1,1,🟢 Ready (1 profiles)
"Innovaworx Cloud, S de RL de CV",Application Modernization,"Migrate, Modernize and Build",Cloud Run,4,,4,🟢 Ready (4 profiles)
"Innovaworx Cloud, S de RL de CV",Application Modernization,"Migrate, Modernize and Build",Google Kubernetes Engine,3,,3,🟢 Ready (3 profiles)
"Innovaworx Cloud, S de RL de CV",Artificial Intelligence,Agentic Workplace Transformation,Gemini Enterprise,4,,4,🟢 Ready (4 profiles)
"Innovaworx Cloud, S de RL de CV",Artificial Intelligence,Gemini Enterprise for Customer Experience,GECX - Agent Assist,,,,⚪ No Active Demand
"Innovaworx Cloud, S de RL de CV",Artificial Intelligence,Gemini Enterprise for Customer Experience,GECX - CCaaS,,,,⚪ No Active Demand
"Innovaworx Cloud, S de RL de CV",Artificial Intelligence,Gemini Enterprise for Customer Experience,GECX - CX Agent Studio,,,,⚪ No Active Demand
"Innovaworx Cloud, S de RL de CV",Artificial Intelligence,Gemini Enterprise for Customer Experience,GECX - CX Insights,,,,⚪ No Active Demand
"Innovaworx Cloud, S de RL de CV",Artificial Intelligence,Gemini Enterprise for Customer Experience,Gemini Enterprise Agent Platform,4,,4,🟢 Ready (4 profiles)
"Innovaworx Cloud, S de RL de CV",Artificial Intelligence,Leverage Generative Media in your Business,Gemini Enterprise Agent Platform,4,,4,🟢 Ready (4 profiles)
"Innovaworx Cloud, S de RL de CV",Artificial Intelligence,Scale AI Apps and Agents,AI Applications,4,,4,🟢 Ready (4 profiles)
"Innovaworx Cloud, S de RL de CV",Artificial Intelligence,Scale AI Apps and Agents,Gemini Enterprise Agent Platform,4,,4,🟢 Ready (4 DRP / 1 wkls)
"Innovaworx Cloud, S de RL de CV",Artificial Intelligence,Your Business. Your Models.,Gemini Enterprise Agent Platform,4,,4,🟢 Ready (4 DRP / 1 wkls)
"Innovaworx Cloud, S de RL de CV",Data & Analytics,"Migrate, Modernize, and Build with Data Cloud",BigQuery,3,2,5,🟢 Ready (5 profiles)
"Innovaworx Cloud, S de RL de CV",Data & Analytics,"Migrate, Modernize, and Build with Data Cloud",Dataflow,4,1,5,🟢 Ready (5 profiles)
"Innovaworx Cloud, S de RL de CV",Data & Analytics,The AI Ready Data Cloud,BigQuery,3,2,5,🟢 Ready (5 profiles)
"Innovaworx Cloud, S de RL de CV",Data & Analytics,The AI Ready Data Cloud,Dataflow,4,1,5,🟢 Ready (5 profiles)
"Innovaworx Cloud, S de RL de CV",Data & Analytics,The AI Ready Data Cloud,Dataproc,,,,⚪ No Active Demand
"Innovaworx Cloud, S de RL de CV",Data & Analytics,The AI Ready Data Cloud,Looker,3,2,5,🟢 Ready (5 profiles)
"Innovaworx Cloud, S de RL de CV",Databases,"Migrate, Modernize, and Build with Data Cloud",AlloyDB for PostgreSQL,3,1,4,🟢 Ready (4 profiles)
"Innovaworx Cloud, S de RL de CV",Databases,"Migrate, Modernize, and Build with Data Cloud",Cloud SQL,4,,4,🟢 Ready (4 profiles)
"Innovaworx Cloud, S de RL de CV",Databases,"Migrate, Modernize, and Build with Data Cloud",Spanner,,,,⚪ No Active Demand
"Innovaworx Cloud, S de RL de CV",Databases,The AI Ready Data Cloud,AlloyDB for PostgreSQL,3,1,4,🟢 Ready (4 profiles)
"Innovaworx Cloud, S de RL de CV",Databases,The AI Ready Data Cloud,Cloud SQL,4,,4,🟢 Ready (4 DRP / 2 wkls)
"Innovaworx Cloud, S de RL de CV",Databases,The AI Ready Data Cloud,Spanner,,,,⚪ No Active Demand
"Innovaworx Cloud, S de RL de CV",Infrastructure Modernization,Enterprise Platform of Choice: Oracle,Oracle,,,,⚪ No Active Demand
"Innovaworx Cloud, S de RL de CV",Infrastructure Modernization,Enterprise Platform of Choice: SAP,SAP on Google Cloud,,,,⚪ No Active Demand
"Innovaworx Cloud, S de RL de CV",Infrastructure Modernization,Enterprise Platform of Choice: VMware,Google Cloud VMware Engine,,,,⚪ No Active Demand
"Innovaworx Cloud, S de RL de CV",Infrastructure Modernization,"Migrate, Modernize and Build",Google Cloud Networking,4,2,6,🟢 Ready (6 profiles)
"Innovaworx Cloud, S de RL de CV",Infrastructure Modernization,"Migrate, Modernize and Build",Google Compute Engine,3,,3,🟢 Ready (3 profiles)
"Innovaworx Cloud, S de RL de CV",Infrastructure Modernization,Sovereignty,Google Distributed Cloud,,,,⚪ No Active Demand
"Innovaworx Cloud, S de RL de CV",Security,Agentic Defense with Google Security,Google Threat Intelligence,,,,⚪ No Active Demand
"Innovaworx Cloud, S de RL de CV",Security,Agentic Defense with Google Security,Security Command Center,,,,⚪ No Active Demand
"Innovaworx Cloud, S de RL de CV",Security,Agentic Defense with Google Security,Security Operations,,,,⚪ No Active Demand
"Innovaworx Cloud, S de RL de CV",Security,Secure Innovation with Google Cloud,Cloud Security,5,,5,🟢 Ready (5 profiles)
"Innovaworx Cloud, S de RL de CV",Workspace,Agentic Workplace Transformation,Workspace,,,,⚪ No Active Demand
POP Media Technology,Application Modernization,"Migrate, Modernize and Build",Apigee API Management,,,,⚪ No Active Demand
POP Media Technology,Application Modernization,"Migrate, Modernize and Build",Cloud Run,,,,⚪ No Active Demand
POP Media Technology,Application Modernization,"Migrate, Modernize and Build",Google Kubernetes Engine,,,,🔴 Gap (0 DRP / 2 wkls)
POP Media Technology,Artificial Intelligence,Agentic Workplace Transformation,Gemini Enterprise,,,,🔴 Gap (0 DRP / 2 wkls)
POP Media Technology,Artificial Intelligence,Gemini Enterprise for Customer Experience,GECX - Agent Assist,,,,⚪ No Active Demand
POP Media Technology,Artificial Intelligence,Gemini Enterprise for Customer Experience,GECX - CCaaS,,,,⚪ No Active Demand
POP Media Technology,Artificial Intelligence,Gemini Enterprise for Customer Experience,GECX - CX Agent Studio,,,,⚪ No Active Demand
POP Media Technology,Artificial Intelligence,Gemini Enterprise for Customer Experience,GECX - CX Insights,,,,⚪ No Active Demand
POP Media Technology,Artificial Intelligence,Gemini Enterprise for Customer Experience,Gemini Enterprise Agent Platform,,,,🔴 Gap (0 DRP / 2 wkls)
POP Media Technology,Artificial Intelligence,Leverage Generative Media in your Business,Gemini Enterprise Agent Platform,,,,⚪ No Active Demand
POP Media Technology,Artificial Intelligence,Scale AI Apps and Agents,AI Applications,,,,⚪ No Active Demand
POP Media Technology,Artificial Intelligence,Scale AI Apps and Agents,Gemini Enterprise Agent Platform,,,,🔴 Gap (0 DRP / 2 wkls)
POP Media Technology,Artificial Intelligence,Your Business. Your Models.,Gemini Enterprise Agent Platform,,,,⚪ No Active Demand
POP Media Technology,Data & Analytics,"Migrate, Modernize, and Build with Data Cloud",BigQuery,,,,⚪ No Active Demand
POP Media Technology,Data & Analytics,"Migrate, Modernize, and Build with Data Cloud",Dataflow,,,,⚪ No Active Demand
POP Media Technology,Data & Analytics,The AI Ready Data Cloud,BigQuery,,,,⚪ No Active Demand
POP Media Technology,Data & Analytics,The AI Ready Data Cloud,Dataflow,,,,⚪ No Active Demand
POP Media Technology,Data & Analytics,The AI Ready Data Cloud,Dataproc,,,,⚪ No Active Demand
POP Media Technology,Data & Analytics,The AI Ready Data Cloud,Looker,,,,⚪ No Active Demand
POP Media Technology,Databases,"Migrate, Modernize, and Build with Data Cloud",AlloyDB for PostgreSQL,,,,⚪ No Active Demand
POP Media Technology,Databases,"Migrate, Modernize, and Build with Data Cloud",Cloud SQL,,,,⚪ No Active Demand
POP Media Technology,Databases,"Migrate, Modernize, and Build with Data Cloud",Spanner,,,,⚪ No Active Demand
POP Media Technology,Databases,The AI Ready Data Cloud,AlloyDB for PostgreSQL,,,,⚪ No Active Demand
POP Media Technology,Databases,The AI Ready Data Cloud,Cloud SQL,,,,⚪ No Active Demand
POP Media Technology,Databases,The AI Ready Data Cloud,Spanner,,,,⚪ No Active Demand
POP Media Technology,Infrastructure Modernization,Enterprise Platform of Choice: Oracle,Oracle,,,,⚪ No Active Demand
POP Media Technology,Infrastructure Modernization,Enterprise Platform of Choice: SAP,SAP on Google Cloud,,,,⚪ No Active Demand
POP Media Technology,Infrastructure Modernization,Enterprise Platform of Choice: VMware,Google Cloud VMware Engine,,,,⚪ No Active Demand
POP Media Technology,Infrastructure Modernization,"Migrate, Modernize and Build",Google Cloud Networking,,,,⚪ No Active Demand
POP Media Technology,Infrastructure Modernization,"Migrate, Modernize and Build",Google Compute Engine,,,,⚪ No Active Demand
POP Media Technology,Infrastructure Modernization,Sovereignty,Google Distributed Cloud,,,,⚪ No Active Demand
POP Media Technology,Security,Agentic Defense with Google Security,Google Threat Intelligence,,,,⚪ No Active Demand
POP Media Technology,Security,Agentic Defense with Google Security,Security Command Center,,,,⚪ No Active Demand
POP Media Technology,Security,Agentic Defense with Google Security,Security Operations,,,,⚪ No Active Demand
POP Media Technology,Security,Secure Innovation with Google Cloud,Cloud Security,,,,⚪ No Active Demand
POP Media Technology,Workspace,Agentic Workplace Transformation,Workspace,,,,⚪ No Active Demand
Applaudo Studios SA de CV,Application Modernization,"Migrate, Modernize and Build",Apigee API Management,,,,⚪ No Active Demand
Applaudo Studios SA de CV,Application Modernization,"Migrate, Modernize and Build",Cloud Run,,,,⚪ No Active Demand
Applaudo Studios SA de CV,Application Modernization,"Migrate, Modernize and Build",Google Kubernetes Engine,,,,⚪ No Active Demand
Applaudo Studios SA de CV,Artificial Intelligence,Agentic Workplace Transformation,Gemini Enterprise,,,,⚪ No Active Demand
Applaudo Studios SA de CV,Artificial Intelligence,Gemini Enterprise for Customer Experience,GECX - Agent Assist,,,,⚪ No Active Demand
Applaudo Studios SA de CV,Artificial Intelligence,Gemini Enterprise for Customer Experience,GECX - CCaaS,,,,⚪ No Active Demand
Applaudo Studios SA de CV,Artificial Intelligence,Gemini Enterprise for Customer Experience,GECX - CX Agent Studio,,,,⚪ No Active Demand
Applaudo Studios SA de CV,Artificial Intelligence,Gemini Enterprise for Customer Experience,GECX - CX Insights,,,,⚪ No Active Demand
Applaudo Studios SA de CV,Artificial Intelligence,Gemini Enterprise for Customer Experience,Gemini Enterprise Agent Platform,,,,⚪ No Active Demand
Applaudo Studios SA de CV,Artificial Intelligence,Leverage Generative Media in your Business,Gemini Enterprise Agent Platform,,,,⚪ No Active Demand
Applaudo Studios SA de CV,Artificial Intelligence,Scale AI Apps and Agents,AI Applications,,,,⚪ No Active Demand
Applaudo Studios SA de CV,Artificial Intelligence,Scale AI Apps and Agents,Gemini Enterprise Agent Platform,,,,⚪ No Active Demand
Applaudo Studios SA de CV,Artificial Intelligence,Your Business. Your Models.,Gemini Enterprise Agent Platform,,,,⚪ No Active Demand
Applaudo Studios SA de CV,Data & Analytics,"Migrate, Modernize, and Build with Data Cloud",BigQuery,,,,⚪ No Active Demand
Applaudo Studios SA de CV,Data & Analytics,"Migrate, Modernize, and Build with Data Cloud",Dataflow,,,,⚪ No Active Demand
Applaudo Studios SA de CV,Data & Analytics,The AI Ready Data Cloud,BigQuery,,,,⚪ No Active Demand
Applaudo Studios SA de CV,Data & Analytics,The AI Ready Data Cloud,Dataflow,,,,⚪ No Active Demand
Applaudo Studios SA de CV,Data & Analytics,The AI Ready Data Cloud,Dataproc,,,,⚪ No Active Demand
Applaudo Studios SA de CV,Data & Analytics,The AI Ready Data Cloud,Looker,,,,⚪ No Active Demand
Applaudo Studios SA de CV,Databases,"Migrate, Modernize, and Build with Data Cloud",AlloyDB for PostgreSQL,,,,⚪ No Active Demand
Applaudo Studios SA de CV,Databases,"Migrate, Modernize, and Build with Data Cloud",Cloud SQL,,,,⚪ No Active Demand
Applaudo Studios SA de CV,Databases,"Migrate, Modernize, and Build with Data Cloud",Spanner,,,,⚪ No Active Demand
Applaudo Studios SA de CV,Databases,The AI Ready Data Cloud,AlloyDB for PostgreSQL,,,,⚪ No Active Demand
Applaudo Studios SA de CV,Databases,The AI Ready Data Cloud,Cloud SQL,,,,⚪ No Active Demand
Applaudo Studios SA de CV,Databases,The AI Ready Data Cloud,Spanner,,,,⚪ No Active Demand
Applaudo Studios SA de CV,Infrastructure Modernization,Enterprise Platform of Choice: Oracle,Oracle,,,,⚪ No Active Demand
Applaudo Studios SA de CV,Infrastructure Modernization,Enterprise Platform of Choice: SAP,SAP on Google Cloud,,,,⚪ No Active Demand
Applaudo Studios SA de CV,Infrastructure Modernization,Enterprise Platform of Choice: VMware,Google Cloud VMware Engine,,,,⚪ No Active Demand
Applaudo Studios SA de CV,Infrastructure Modernization,"Migrate, Modernize and Build",Google Cloud Networking,,,,⚪ No Active Demand
Applaudo Studios SA de CV,Infrastructure Modernization,"Migrate, Modernize and Build",Google Compute Engine,,,,⚪ No Active Demand
Applaudo Studios SA de CV,Infrastructure Modernization,Sovereignty,Google Distributed Cloud,,,,⚪ No Active Demand
Applaudo Studios SA de CV,Security,Agentic Defense with Google Security,Google Threat Intelligence,,,,⚪ No Active Demand
Applaudo Studios SA de CV,Security,Agentic Defense with Google Security,Security Command Center,,,,⚪ No Active Demand
Applaudo Studios SA de CV,Security,Agentic Defense with Google Security,Security Operations,,,,⚪ No Active Demand
Applaudo Studios SA de CV,Security,Secure Innovation with Google Cloud,Cloud Security,,,,⚪ No Active Demand
Applaudo Studios SA de CV,Workspace,Agentic Workplace Transformation,Workspace,,,,⚪ No Active Demand
UMA SALUD (DEKSIA S.A.),Application Modernization,"Migrate, Modernize and Build",Apigee API Management,,,,⚪ No Active Demand
UMA SALUD (DEKSIA S.A.),Application Modernization,"Migrate, Modernize and Build",Cloud Run,,,,⚪ No Active Demand
UMA SALUD (DEKSIA S.A.),Application Modernization,"Migrate, Modernize and Build",Google Kubernetes Engine,,,,⚪ No Active Demand
UMA SALUD (DEKSIA S.A.),Artificial Intelligence,Agentic Workplace Transformation,Gemini Enterprise,,,,⚪ No Active Demand
UMA SALUD (DEKSIA S.A.),Artificial Intelligence,Gemini Enterprise for Customer Experience,GECX - Agent Assist,,,,⚪ No Active Demand
UMA SALUD (DEKSIA S.A.),Artificial Intelligence,Gemini Enterprise for Customer Experience,GECX - CCaaS,,,,⚪ No Active Demand
UMA SALUD (DEKSIA S.A.),Artificial Intelligence,Gemini Enterprise for Customer Experience,GECX - CX Agent Studio,,,,⚪ No Active Demand
UMA SALUD (DEKSIA S.A.),Artificial Intelligence,Gemini Enterprise for Customer Experience,GECX - CX Insights,,,,⚪ No Active Demand
UMA SALUD (DEKSIA S.A.),Artificial Intelligence,Gemini Enterprise for Customer Experience,Gemini Enterprise Agent Platform,,,,⚪ No Active Demand
UMA SALUD (DEKSIA S.A.),Artificial Intelligence,Leverage Generative Media in your Business,Gemini Enterprise Agent Platform,,,,⚪ No Active Demand
UMA SALUD (DEKSIA S.A.),Artificial Intelligence,Scale AI Apps and Agents,AI Applications,,,,⚪ No Active Demand
UMA SALUD (DEKSIA S.A.),Artificial Intelligence,Scale AI Apps and Agents,Gemini Enterprise Agent Platform,,,,⚪ No Active Demand
UMA SALUD (DEKSIA S.A.),Artificial Intelligence,Your Business. Your Models.,Gemini Enterprise Agent Platform,,,,⚪ No Active Demand
UMA SALUD (DEKSIA S.A.),Data & Analytics,"Migrate, Modernize, and Build with Data Cloud",BigQuery,,,,⚪ No Active Demand
UMA SALUD (DEKSIA S.A.),Data & Analytics,"Migrate, Modernize, and Build with Data Cloud",Dataflow,,,,⚪ No Active Demand
UMA SALUD (DEKSIA S.A.),Data & Analytics,The AI Ready Data Cloud,BigQuery,,,,🔴 Gap (0 DRP / 2 wkls)
UMA SALUD (DEKSIA S.A.),Data & Analytics,The AI Ready Data Cloud,Dataflow,,,,⚪ No Active Demand
UMA SALUD (DEKSIA S.A.),Data & Analytics,The AI Ready Data Cloud,Dataproc,,,,⚪ No Active Demand
UMA SALUD (DEKSIA S.A.),Data & Analytics,The AI Ready Data Cloud,Looker,,,,⚪ No Active Demand
UMA SALUD (DEKSIA S.A.),Databases,"Migrate, Modernize, and Build with Data Cloud",AlloyDB for PostgreSQL,,,,⚪ No Active Demand
UMA SALUD (DEKSIA S.A.),Databases,"Migrate, Modernize, and Build with Data Cloud",Cloud SQL,,,,⚪ No Active Demand
UMA SALUD (DEKSIA S.A.),Databases,"Migrate, Modernize, and Build with Data Cloud",Spanner,,,,⚪ No Active Demand
UMA SALUD (DEKSIA S.A.),Databases,The AI Ready Data Cloud,AlloyDB for PostgreSQL,,,,⚪ No Active Demand
UMA SALUD (DEKSIA S.A.),Databases,The AI Ready Data Cloud,Cloud SQL,,,,⚪ No Active Demand
UMA SALUD (DEKSIA S.A.),Databases,The AI Ready Data Cloud,Spanner,,,,⚪ No Active Demand
UMA SALUD (DEKSIA S.A.),Infrastructure Modernization,Enterprise Platform of Choice: Oracle,Oracle,,,,⚪ No Active Demand
UMA SALUD (DEKSIA S.A.),Infrastructure Modernization,Enterprise Platform of Choice: SAP,SAP on Google Cloud,,,,⚪ No Active Demand
UMA SALUD (DEKSIA S.A.),Infrastructure Modernization,Enterprise Platform of Choice: VMware,Google Cloud VMware Engine,,,,⚪ No Active Demand
UMA SALUD (DEKSIA S.A.),Infrastructure Modernization,"Migrate, Modernize and Build",Google Cloud Networking,,,,⚪ No Active Demand
UMA SALUD (DEKSIA S.A.),Infrastructure Modernization,"Migrate, Modernize and Build",Google Compute Engine,,,,⚪ No Active Demand
UMA SALUD (DEKSIA S.A.),Infrastructure Modernization,Sovereignty,Google Distributed Cloud,,,,⚪ No Active Demand
UMA SALUD (DEKSIA S.A.),Security,Agentic Defense with Google Security,Google Threat Intelligence,,,,⚪ No Active Demand
UMA SALUD (DEKSIA S.A.),Security,Agentic Defense with Google Security,Security Command Center,,,,⚪ No Active Demand
UMA SALUD (DEKSIA S.A.),Security,Agentic Defense with Google Security,Security Operations,,,,⚪ No Active Demand
UMA SALUD (DEKSIA S.A.),Security,Secure Innovation with Google Cloud,Cloud Security,,,,⚪ No Active Demand
UMA SALUD (DEKSIA S.A.),Workspace,Agentic Workplace Transformation,Workspace,,,,⚪ No Active Demand
Valle Group Soluções e Entrenimento Eirelle Me,Application Modernization,"Migrate, Modernize and Build",Apigee API Management,,,,⚪ No Active Demand
Valle Group Soluções e Entrenimento Eirelle Me,Application Modernization,"Migrate, Modernize and Build",Cloud Run,,,,⚪ No Active Demand
Valle Group Soluções e Entrenimento Eirelle Me,Application Modernization,"Migrate, Modernize and Build",Google Kubernetes Engine,,,,⚪ No Active Demand
Valle Group Soluções e Entrenimento Eirelle Me,Artificial Intelligence,Agentic Workplace Transformation,Gemini Enterprise,,2,2,🟢 Ready (2 DRP / 1 wkls)
Valle Group Soluções e Entrenimento Eirelle Me,Artificial Intelligence,Gemini Enterprise for Customer Experience,GECX - Agent Assist,,2,2,🟢 Ready (2 profiles)
Valle Group Soluções e Entrenimento Eirelle Me,Artificial Intelligence,Gemini Enterprise for Customer Experience,GECX - CCaaS,,,,⚪ No Active Demand
Valle Group Soluções e Entrenimento Eirelle Me,Artificial Intelligence,Gemini Enterprise for Customer Experience,GECX - CX Agent Studio,,,,⚪ No Active Demand
Valle Group Soluções e Entrenimento Eirelle Me,Artificial Intelligence,Gemini Enterprise for Customer Experience,GECX - CX Insights,,,,⚪ No Active Demand
Valle Group Soluções e Entrenimento Eirelle Me,Artificial Intelligence,Gemini Enterprise for Customer Experience,Gemini Enterprise Agent Platform,1,1,2,🟢 Ready (2 profiles)
Valle Group Soluções e Entrenimento Eirelle Me,Artificial Intelligence,Leverage Generative Media in your Business,Gemini Enterprise Agent Platform,1,1,2,🟢 Ready (2 profiles)
Valle Group Soluções e Entrenimento Eirelle Me,Artificial Intelligence,Scale AI Apps and Agents,AI Applications,,2,2,🟢 Ready (2 profiles)
Valle Group Soluções e Entrenimento Eirelle Me,Artificial Intelligence,Scale AI Apps and Agents,Gemini Enterprise Agent Platform,1,1,2,🟢 Ready (2 profiles)
Valle Group Soluções e Entrenimento Eirelle Me,Artificial Intelligence,Your Business. Your Models.,Gemini Enterprise Agent Platform,1,1,2,🟢 Ready (2 profiles)
Valle Group Soluções e Entrenimento Eirelle Me,Data & Analytics,"Migrate, Modernize, and Build with Data Cloud",BigQuery,,,,⚪ No Active Demand
Valle Group Soluções e Entrenimento Eirelle Me,Data & Analytics,"Migrate, Modernize, and Build with Data Cloud",Dataflow,,,,⚪ No Active Demand
Valle Group Soluções e Entrenimento Eirelle Me,Data & Analytics,The AI Ready Data Cloud,BigQuery,,,,⚪ No Active Demand
Valle Group Soluções e Entrenimento Eirelle Me,Data & Analytics,The AI Ready Data Cloud,Dataflow,,,,⚪ No Active Demand
Valle Group Soluções e Entrenimento Eirelle Me,Data & Analytics,The AI Ready Data Cloud,Dataproc,,,,⚪ No Active Demand
Valle Group Soluções e Entrenimento Eirelle Me,Data & Analytics,The AI Ready Data Cloud,Looker,,,,⚪ No Active Demand
Valle Group Soluções e Entrenimento Eirelle Me,Databases,"Migrate, Modernize, and Build with Data Cloud",AlloyDB for PostgreSQL,,,,⚪ No Active Demand
Valle Group Soluções e Entrenimento Eirelle Me,Databases,"Migrate, Modernize, and Build with Data Cloud",Cloud SQL,,,,⚪ No Active Demand
Valle Group Soluções e Entrenimento Eirelle Me,Databases,"Migrate, Modernize, and Build with Data Cloud",Spanner,,,,⚪ No Active Demand
Valle Group Soluções e Entrenimento Eirelle Me,Databases,The AI Ready Data Cloud,AlloyDB for PostgreSQL,,,,⚪ No Active Demand
Valle Group Soluções e Entrenimento Eirelle Me,Databases,The AI Ready Data Cloud,Cloud SQL,,,,⚪ No Active Demand
Valle Group Soluções e Entrenimento Eirelle Me,Databases,The AI Ready Data Cloud,Spanner,,,,⚪ No Active Demand
Valle Group Soluções e Entrenimento Eirelle Me,Infrastructure Modernization,Enterprise Platform of Choice: Oracle,Oracle,,,,⚪ No Active Demand
Valle Group Soluções e Entrenimento Eirelle Me,Infrastructure Modernization,Enterprise Platform of Choice: SAP,SAP on Google Cloud,,,,⚪ No Active Demand
Valle Group Soluções e Entrenimento Eirelle Me,Infrastructure Modernization,Enterprise Platform of Choice: VMware,Google Cloud VMware Engine,,,,⚪ No Active Demand
Valle Group Soluções e Entrenimento Eirelle Me,Infrastructure Modernization,"Migrate, Modernize and Build",Google Cloud Networking,,,,⚪ No Active Demand
Valle Group Soluções e Entrenimento Eirelle Me,Infrastructure Modernization,"Migrate, Modernize and Build",Google Compute Engine,,,,⚪ No Active Demand
Valle Group Soluções e Entrenimento Eirelle Me,Infrastructure Modernization,Sovereignty,Google Distributed Cloud,,,,⚪ No Active Demand
Valle Group Soluções e Entrenimento Eirelle Me,Security,Agentic Defense with Google Security,Google Threat Intelligence,,,,⚪ No Active Demand
Valle Group Soluções e Entrenimento Eirelle Me,Security,Agentic Defense with Google Security,Security Command Center,,,,⚪ No Active Demand
Valle Group Soluções e Entrenimento Eirelle Me,Security,Agentic Defense with Google Security,Security Operations,,,,⚪ No Active Demand
Valle Group Soluções e Entrenimento Eirelle Me,Security,Secure Innovation with Google Cloud,Cloud Security,,,,⚪ No Active Demand
Valle Group Soluções e Entrenimento Eirelle Me,Workspace,Agentic Workplace Transformation,Workspace,,,,⚪ No Active Demand
Autenticare Consultoria e Desenvolvimento de Software Ltda.,Application Modernization,"Migrate, Modernize and Build",Apigee API Management,,,,⚪ No Active Demand
Autenticare Consultoria e Desenvolvimento de Software Ltda.,Application Modernization,"Migrate, Modernize and Build",Cloud Run,,,,⚪ No Active Demand
Autenticare Consultoria e Desenvolvimento de Software Ltda.,Application Modernization,"Migrate, Modernize and Build",Google Kubernetes Engine,,,,⚪ No Active Demand
Autenticare Consultoria e Desenvolvimento de Software Ltda.,Artificial Intelligence,Agentic Workplace Transformation,Gemini Enterprise,4,,4,🟡 Constrained (4 DRP / 8 wkls)
Autenticare Consultoria e Desenvolvimento de Software Ltda.,Artificial Intelligence,Gemini Enterprise for Customer Experience,GECX - Agent Assist,,,,⚪ No Active Demand
Autenticare Consultoria e Desenvolvimento de Software Ltda.,Artificial Intelligence,Gemini Enterprise for Customer Experience,GECX - CCaaS,,,,⚪ No Active Demand
Autenticare Consultoria e Desenvolvimento de Software Ltda.,Artificial Intelligence,Gemini Enterprise for Customer Experience,GECX - CX Agent Studio,,,,⚪ No Active Demand
Autenticare Consultoria e Desenvolvimento de Software Ltda.,Artificial Intelligence,Gemini Enterprise for Customer Experience,GECX - CX Insights,,,,⚪ No Active Demand
Autenticare Consultoria e Desenvolvimento de Software Ltda.,Artificial Intelligence,Gemini Enterprise for Customer Experience,Gemini Enterprise Agent Platform,2,2,4,🟢 Ready (4 DRP / 1 wkls)
Autenticare Consultoria e Desenvolvimento de Software Ltda.,Artificial Intelligence,Leverage Generative Media in your Business,Gemini Enterprise Agent Platform,2,2,4,🟢 Ready (4 profiles)
Autenticare Consultoria e Desenvolvimento de Software Ltda.,Artificial Intelligence,Scale AI Apps and Agents,AI Applications,,,,⚪ No Active Demand
Autenticare Consultoria e Desenvolvimento de Software Ltda.,Artificial Intelligence,Scale AI Apps and Agents,Gemini Enterprise Agent Platform,2,2,4,🟢 Ready (4 DRP / 1 wkls)
Autenticare Consultoria e Desenvolvimento de Software Ltda.,Artificial Intelligence,Your Business. Your Models.,Gemini Enterprise Agent Platform,2,2,4,🟢 Ready (4 profiles)
Autenticare Consultoria e Desenvolvimento de Software Ltda.,Data & Analytics,"Migrate, Modernize, and Build with Data Cloud",BigQuery,,,,⚪ No Active Demand
Autenticare Consultoria e Desenvolvimento de Software Ltda.,Data & Analytics,"Migrate, Modernize, and Build with Data Cloud",Dataflow,,,,⚪ No Active Demand
Autenticare Consultoria e Desenvolvimento de Software Ltda.,Data & Analytics,The AI Ready Data Cloud,BigQuery,,,,⚪ No Active Demand
Autenticare Consultoria e Desenvolvimento de Software Ltda.,Data & Analytics,The AI Ready Data Cloud,Dataflow,,,,⚪ No Active Demand
Autenticare Consultoria e Desenvolvimento de Software Ltda.,Data & Analytics,The AI Ready Data Cloud,Dataproc,,,,⚪ No Active Demand
Autenticare Consultoria e Desenvolvimento de Software Ltda.,Data & Analytics,The AI Ready Data Cloud,Looker,,,,⚪ No Active Demand
Autenticare Consultoria e Desenvolvimento de Software Ltda.,Databases,"Migrate, Modernize, and Build with Data Cloud",AlloyDB for PostgreSQL,,,,⚪ No Active Demand
Autenticare Consultoria e Desenvolvimento de Software Ltda.,Databases,"Migrate, Modernize, and Build with Data Cloud",Cloud SQL,,,,⚪ No Active Demand
Autenticare Consultoria e Desenvolvimento de Software Ltda.,Databases,"Migrate, Modernize, and Build with Data Cloud",Spanner,,,,⚪ No Active Demand
Autenticare Consultoria e Desenvolvimento de Software Ltda.,Databases,The AI Ready Data Cloud,AlloyDB for PostgreSQL,,,,⚪ No Active Demand
Autenticare Consultoria e Desenvolvimento de Software Ltda.,Databases,The AI Ready Data Cloud,Cloud SQL,,,,🔴 Gap (0 DRP / 1 wkls)
Autenticare Consultoria e Desenvolvimento de Software Ltda.,Databases,The AI Ready Data Cloud,Spanner,,,,⚪ No Active Demand
Autenticare Consultoria e Desenvolvimento de Software Ltda.,Infrastructure Modernization,Enterprise Platform of Choice: Oracle,Oracle,,,,⚪ No Active Demand
Autenticare Consultoria e Desenvolvimento de Software Ltda.,Infrastructure Modernization,Enterprise Platform of Choice: SAP,SAP on Google Cloud,,,,⚪ No Active Demand
Autenticare Consultoria e Desenvolvimento de Software Ltda.,Infrastructure Modernization,Enterprise Platform of Choice: VMware,Google Cloud VMware Engine,,,,⚪ No Active Demand
Autenticare Consultoria e Desenvolvimento de Software Ltda.,Infrastructure Modernization,"Migrate, Modernize and Build",Google Cloud Networking,,,,⚪ No Active Demand
Autenticare Consultoria e Desenvolvimento de Software Ltda.,Infrastructure Modernization,"Migrate, Modernize and Build",Google Compute Engine,,,,⚪ No Active Demand
Autenticare Consultoria e Desenvolvimento de Software Ltda.,Infrastructure Modernization,Sovereignty,Google Distributed Cloud,,,,⚪ No Active Demand
Autenticare Consultoria e Desenvolvimento de Software Ltda.,Security,Agentic Defense with Google Security,Google Threat Intelligence,,,,⚪ No Active Demand
Autenticare Consultoria e Desenvolvimento de Software Ltda.,Security,Agentic Defense with Google Security,Security Command Center,,,,⚪ No Active Demand
Autenticare Consultoria e Desenvolvimento de Software Ltda.,Security,Agentic Defense with Google Security,Security Operations,,,,⚪ No Active Demand
Autenticare Consultoria e Desenvolvimento de Software Ltda.,Security,Secure Innovation with Google Cloud,Cloud Security,,,,⚪ No Active Demand
Autenticare Consultoria e Desenvolvimento de Software Ltda.,Workspace,Agentic Workplace Transformation,Workspace,,,,⚪ No Active Demand
