Partner:,Ignacio Rauda Partners (Partner Management Dashboard),,,,Last Update:,3 - Sep 2026,,,,,,,,,,,,,,,
,,,,,,,,,,,,,,,,,,,,,
Alert Criteria:,Target Go-Live risk for active pipeline (Stages 0-2 & 3),,🔴 Critical (≤14d / Overdue),🌸 High (15-30d),🟡 Medium (31-45d),,⚪ Normal (>45d / Stage 4+),,,,,,,,,,,,,,
,,,,,,,,,,,,,,,,,,,,,
Partner Engineer (PE),Partner Name,Customer Account Name,Account Tier,Workload Name,Workload Owner,Workload Progress,Capacity Status (DRP Readiness),Opportunity Name,Next Steps,Expert Requests,Customer Sub Region,Customer Micro Region,Primary Workload Pillar,Sales Play,Workload Solution,Begin Migration Date,Production Date,Annual Gross Revenue (ARR USD),Last Touch,Link,Steff Priority
Ignacio Rauda,"=HYPERLINK(""https://vector.lightning.force.com/lightning/r/Account/0014M00002M7ryLQAR/view"", ""CU2 CLOUD TEC STORE CHILE SPA"")","=HYPERLINK(""https://vector.lightning.force.com/lightning/r/Account/0014M00001hVM3ZQAW/view"", ""Redinterclinica S.A."")",2,"=HYPERLINK(""https://vector.lightning.force.com/lightning/r/Workload__c/aBJKf000004ZNiLOAW/view"", ""Secops Redinterclinica"")",Felipe Albertini,0-2: Tech Eval/Solution Dev,🔴 Capacity Gap (0 DRP Profiles),"=HYPERLINK(""https://vector.lightning.force.com/lightning/r/Opportunity/006Kf00000Pi0hdIAB/view"", ""Secops Redinterclinica"")","CISO del cliente confirma su participacion en EBC NYC seguridad, se avanzara esta oportunidad durante el evento para madurarla a su vuelta del viaje",,Corporate,MCO CORP SUR,Security,Agentic Defense with Google Security,Security Workload,2026-11-16,2026-12-15,"$50,000.00",,,
Ignacio Rauda,"=HYPERLINK(""https://vector.lightning.force.com/lightning/r/Account/0014M00002M7ryLQAR/view"", ""CU2 CLOUD TEC STORE CHILE SPA"")","=HYPERLINK(""https://vector.lightning.force.com/lightning/r/Account/001Kf000013iOmRIAU/view"", ""Camara Chilena de la Construccion A.G."")",2,"=HYPERLINK(""https://vector.lightning.force.com/lightning/r/Workload__c/aBJKf000009WBo6OAG/view"", ""Otic CCC - WL M2C - uCloud"")",Mario Alegre,0-2: Tech Eval/Solution Dev,🟢 Ready (12 DRP Profiles),"=HYPERLINK(""https://vector.lightning.force.com/lightning/r/Opportunity/006Kf00000OexRTIAZ/view"", ""Otic CCC - GCP M2C - Ucloud"")",,,Corporate,MCO CORP SUR,Analytics,"Migrate, Modernize, and Build with Data Cloud (Analytics)",Migrate Data Lakes to BigQuery,2026-11-04,2027-01-19,"$75,000.00",,,
Ignacio Rauda,"=HYPERLINK(""https://vector.lightning.force.com/lightning/r/Account/0014M00001h35nAQAQ/view"", ""CU2 CLOUD TEC STORE SL"")","=HYPERLINK(""https://vector.lightning.force.com/lightning/r/Account/0014M00001scDbWQAU/view"", ""Platzi"")",1,"=HYPERLINK(""https://vector.lightning.force.com/lightning/r/Workload__c/aBJKf0000082OMPOA2/view"", ""Platzi B2B Phase2 Vertex IA 900k (1Y ACV) #Veo3"")",Lauro Garcia,4.3: Migrated/Implemented,🟢 Ready (8 DRP Profiles),"=HYPERLINK(""https://vector.lightning.force.com/lightning/r/Opportunity/006Kf00000LlFLKIA3/view"", ""Platzi B2B Phase2 Vertex IA 900k (1Y ACV) #VCBD #Foundation PYAGO"")",LG March 24: Customer will not sing E/A but will continue to deploy it's services,,PS,EDU PS,Build with AI,Scale AI Apps and Agents,Generative AI,2026-03-24,2026-04-24,"$900,000.00",,,
Ignacio Rauda,"=HYPERLINK(""https://vector.lightning.force.com/lightning/r/Account/0014M00002M7ryLQAR/view"", ""CU2 CLOUD TEC STORE CHILE SPA"")","=HYPERLINK(""https://vector.lightning.force.com/lightning/r/Account/0014M00001hVM3ZQAW/view"", ""Redinterclinica S.A."")",2,"=HYPERLINK(""https://vector.lightning.force.com/lightning/r/Workload__c/aBJKf000009dumpOAA/view"", ""Proyecto infra & analitycs AI"")",Felipe Albertini,4.2: Ramping / Deliver,🟢 Ready (12 DRP Profiles),"=HYPERLINK(""https://vector.lightning.force.com/lightning/r/Opportunity/006Kf00000NfsAFIAZ/view"", ""Infra & Analitycs proyecto uCloud"")",En proceso de ramping,,Corporate,MCO CORP SUR,Analytics,The Agentic Data Cloud,BigQuery EPE,2026-04-27,2026-09-10,"$200,000.00",,,
Ignacio Rauda,"=HYPERLINK(""https://vector.lightning.force.com/lightning/r/Account/0014M00002M7ryLQAR/view"", ""CU2 CLOUD TEC STORE CHILE SPA"")","=HYPERLINK(""https://vector.lightning.force.com/lightning/r/Account/0014M00001hVM3ZQAW/view"", ""Redinterclinica S.A."")",2,"=HYPERLINK(""https://vector.lightning.force.com/lightning/r/Workload__c/aBJKf000009duoROAQ/view"", ""Vertex AI for Health"")",Felipe Albertini,3:  Proposal / Negotiation,🟢 Ready (8 DRP Profiles),"=HYPERLINK(""https://vector.lightning.force.com/lightning/r/Opportunity/006Kf00000NftnOIAR/view"", ""Redinterclinica Iniciativas AI Vertex"")",Consumo ligado a posible nuevo Commit. propuesta entregada 14 de agosto,,Corporate,MCO CORP SUR,Build with AI,"Your Business, Your Models",Agent and Model Platform,2026-09-28,2026-12-28,"$85,000.00",,,
Ignacio Rauda,"=HYPERLINK(""https://vector.lightning.force.com/lightning/r/Account/0014M00002N5mLOQAZ/view"", ""UCLOUD STORE BRASIL TECNOLOGIA DA INFORMACAO LTDA"")","=HYPERLINK(""https://vector.lightning.force.com/lightning/r/Account/0014M00001hPos0QAC/view"", ""DUX COMERCIO DE COMPLEMENTOS E SUPLEMENTOS ALIMENTICIOS LTDA EPP"")",2,"=HYPERLINK(""https://vector.lightning.force.com/lightning/r/Workload__c/aBJKf000009tE7yOAE/view"", ""Dux - Analytics"")",Fabiana Fonseca,4.3: Migrated/Implemented,🟢 Ready (12 DRP Profiles),"=HYPERLINK(""https://vector.lightning.force.com/lightning/r/Opportunity/006Kf00000M0PEXIA3/view"", ""DUX COMERCIO DE COMPLEMENTOS - #GCP - #Analytics"")",FF 11/11:  Incremento de consumo de dataplex constatado por 3 meses seguidos. Valor do WKL/consumo conferido pela PE.,,Corporate,BR CORP,Analytics,"Migrate, Modernize, and Build with Data Cloud (Analytics)",Migrate Data Warehouses to BigQuery,2025-11-04,2025-11-28,"$30,000.00",,,
Ignacio Rauda,"=HYPERLINK(""https://vector.lightning.force.com/lightning/r/Account/0014M00001h35nAQAQ/view"", ""CU2 CLOUD TEC STORE SL"")","=HYPERLINK(""https://vector.lightning.force.com/lightning/r/Account/0014M00002LSyLJQA1/view"", ""Celes Technologies INC"")",2,"=HYPERLINK(""https://vector.lightning.force.com/lightning/r/Workload__c/aBJKf000006MbhTOAS/view"", ""GTM Celes WL"")",Camilo Merchan,4.3: Migrated/Implemented,🟢 Ready (2 DRP Profiles),"=HYPERLINK(""https://vector.lightning.force.com/lightning/r/Opportunity/006Kf00000KhCD4IAN/view"", ""Celes: Joint GTM 360k"")",,,Corporate,MCO CORP NORTE,Migrate and Modernize Databases,"Migrate, Modernize, and Build with Data Cloud (Databases)","Move to Managed Databases (Homogeneous - Cloud SQL, AlloyDB, Firestore)",2025-07-23,2025-08-01,"$80,000.00",,,
Ignacio Rauda,"=HYPERLINK(""https://vector.lightning.force.com/lightning/r/Account/0014M00002N5mLOQAZ/view"", ""UCLOUD STORE BRASIL TECNOLOGIA DA INFORMACAO LTDA"")","=HYPERLINK(""https://vector.lightning.force.com/lightning/r/Account/0014M00001yU2YUQA0/view"", ""SOUL CODE ACADEMY CAPACITACAO PROFISSIONAL LTDA"")",1,"=HYPERLINK(""https://vector.lightning.force.com/lightning/r/Workload__c/aBJKf000009oZdYOAU/view"", ""SOUL CODE - New Clusters"")",Moacir Quadros,4.3: Migrated/Implemented,🟢 Ready (7 DRP Profiles),"=HYPERLINK(""https://vector.lightning.force.com/lightning/r/Opportunity/006Kf00000LilJKIAZ/view"", ""SOUL CODE - New Clusters"")",MQ 01/12: New FUP with partner regarding deployment status,,PS,Scaled PS,Migrate Modernize and Build,"Migrate, Modernize and Build",GKE/CloudRun,2026-02-02,2026-02-27,"$12,000.00",,,
Ignacio Rauda,"=HYPERLINK(""https://vector.lightning.force.com/lightning/r/Account/0014M00002M7ryLQAR/view"", ""CU2 CLOUD TEC STORE CHILE SPA"")","=HYPERLINK(""https://vector.lightning.force.com/lightning/r/Account/0014M00001hhVdxQAE/view"", ""TOTH ltda"")",2,"=HYPERLINK(""https://vector.lightning.force.com/lightning/r/Workload__c/aBJKf000006MabeOAC/view"", ""TOTH  - SCC - Act"")",Francisca Tapia,4.3: Migrated/Implemented,🔴 Capacity Gap (0 DRP Profiles),"=HYPERLINK(""https://vector.lightning.force.com/lightning/r/Opportunity/006Kf00000JBujsIAD/view"", ""TOTH #GTI #Security #Outbound #CL #SDR #SalesCreditPOC"")",,,Corporate,MCO CORP SUR,Security,Security,Security Workload,2025-08-29,2025-10-30,"$6,000.00",,,
Ignacio Rauda,"=HYPERLINK(""https://vector.lightning.force.com/lightning/r/Account/0014M00002M7ryLQAR/view"", ""CU2 CLOUD TEC STORE CHILE SPA"")","=HYPERLINK(""https://vector.lightning.force.com/lightning/r/Account/0014M00001hVM3ZQAW/view"", ""Redinterclinica S.A."")",2,"=HYPERLINK(""https://vector.lightning.force.com/lightning/r/Workload__c/aBJKf000009t7tROAQ/view"", ""Cortex Sap"")",Felipe Albertini,4.3: Migrated/Implemented,🟢 Ready (12 DRP Profiles),"=HYPERLINK(""https://vector.lightning.force.com/lightning/r/Opportunity/006Kf00000LYTp5IAH/view"", ""Interclinica proyecto cortex"")",,"ER-441904, ER-394016",Corporate,MCO CORP SUR,Analytics,The Agentic Data Cloud,Cortex Framework,2025-10-20,2025-10-28,"$20,000.00",,,
Ignacio Rauda,"=HYPERLINK(""https://vector.lightning.force.com/lightning/r/Account/0014M00002N5mLOQAZ/view"", ""UCLOUD STORE BRASIL TECNOLOGIA DA INFORMACAO LTDA"")","=HYPERLINK(""https://vector.lightning.force.com/lightning/r/Account/0014M00001xjZm7QAE/view"", ""Positivo Tecnologia"")",2,"=HYPERLINK(""https://vector.lightning.force.com/lightning/r/Workload__c/aBJKf000006MZEyOAO/view"", ""Positivo - VM"")",Daniel Prudencio,4.3: Migrated/Implemented,🔴 Capacity Gap (0 DRP Profiles),"=HYPERLINK(""https://vector.lightning.force.com/lightning/r/Opportunity/006Kf00000JBwViIAL/view"", ""Positivo Educacional_CUD 1Y"")",,,Corporate,BR CORP,Migrate Modernize and Build,"Migrate, Modernize and Build",Mainframe,2025-08-11,2025-09-05,"$64,000.00",,,
Ignacio Rauda,"=HYPERLINK(""https://vector.lightning.force.com/lightning/r/Account/001Kf000010ctuwIAA/view"", ""CU2 CLOUD TEC STORE, S.A. DE C.V."")","=HYPERLINK(""https://vector.lightning.force.com/lightning/r/Account/0014M00001howgxQAA/view"", ""Grupo Tova"")",2,"=HYPERLINK(""https://vector.lightning.force.com/lightning/r/Workload__c/aBJKf000006MZ6BOAW/view"", ""Tova-AgentSpace"")",Luis Ernesto Romero,0-2: Tech Eval/Solution Dev,🟢 Ready (8 DRP Profiles),"=HYPERLINK(""https://vector.lightning.force.com/lightning/r/Opportunity/006Kf00000JfhvBIAR/view"", ""GRUPO TOVA #GCP #AGENTSPACE"")",,,Corporate,MCO CORP CCA,,,,2025-07-25,2025-08-15,$0.00,,,
Ignacio Rauda,"=HYPERLINK(""https://vector.lightning.force.com/lightning/r/Account/0014M00002N5mLOQAZ/view"", ""UCLOUD STORE BRASIL TECNOLOGIA DA INFORMACAO LTDA"")","=HYPERLINK(""https://vector.lightning.force.com/lightning/r/Account/0014M00001yT1dvQAC/view"", ""FTD Educação"")",1,"=HYPERLINK(""https://vector.lightning.force.com/lightning/r/Workload__c/aBJKf000009svNVOAY/view"", ""FTD -  Backup on GCVE environment"")",Sandra Sagara,4.3: Migrated/Implemented,🟢 Ready (8 DRP Profiles),"=HYPERLINK(""https://vector.lightning.force.com/lightning/r/Opportunity/006Kf00000JA2d1IAD/view"", ""[Marista] GCVE Marista Std Opp"")",SS 07-mar under delivery with uCloud,,PS,EDU PS,Migrate Modernize and Build,,Not a Solution,2025-04-28,2025-04-29,"$50,000.00",,,
Ignacio Rauda,"=HYPERLINK(""https://vector.lightning.force.com/lightning/r/Account/0014M00002N5mLOQAZ/view"", ""UCLOUD STORE BRASIL TECNOLOGIA DA INFORMACAO LTDA"")","=HYPERLINK(""https://vector.lightning.force.com/lightning/r/Account/0014M00001lyFlxQAE/view"", ""G4 Solutions in Information Management"")",2,"=HYPERLINK(""https://vector.lightning.force.com/lightning/r/Workload__c/aBJKf000009stjAOAQ/view"", ""G4 Solutions - Modernizacao Infra"")",Sarah Tobias,4.3: Migrated/Implemented,🟢 Ready (8 DRP Profiles),"=HYPERLINK(""https://vector.lightning.force.com/lightning/r/Opportunity/006Kf00000JNReJIAX/view"", ""G4 Solutions in Information Management - Google Cloud Platform"")","Verificado junto ao parceiro uCloud (vide anexo) que a migração das 40 VM's relacionadas ao workload em questão, foram migradas em Dez/24.","=HYPERLINK(""https://vector.lightning.force.com/lightning/r/Expert_Request__c/aAuKf000000kE6pKAE/view"", ""ER-354807"")",Corporate,BR CORP,Migrate Modernize and Build,,Not a Solution,2024-11-18,2024-12-27,"$300,000.00",,,
Ignacio Rauda,"=HYPERLINK(""https://vector.lightning.force.com/lightning/r/Account/0014M00001msBmRQAU/view"", ""Emergys Mexico, S. de R.L. de C.V."")","=HYPERLINK(""https://vector.lightning.force.com/lightning/r/Account/0014M00001hrqTXQAY/view"", ""Compañía Comercial Cimaco, SA de CV"")",2,"=HYPERLINK(""https://vector.lightning.force.com/lightning/r/Workload__c/aBJKf000004ZQelOAG/view"", ""Workload - CIMACO - GCP #Gemini Enterprise"")",Jose Perez Medina,0-2: Tech Eval/Solution Dev,🟢 Ready (2 DRP Profiles),"=HYPERLINK(""https://vector.lightning.force.com/lightning/r/Opportunity/006Kf00000OC1CoIAL/view"", ""CIMACO #GCP #Gemini Enterprise #MX"")",Pendiente contactar al cliente el dia Jueves 03/09 me informa que la semana del 31/07 estaria muy ocupado para agendar reunion,,Corporate,MX CORP,Build with AI,Gemini Enterprise for Customer Experience (Build with AI),,2026-12-14,2026-12-21,"$64,000.00",,,Priority
Ignacio Rauda,"=HYPERLINK(""https://vector.lightning.force.com/lightning/r/Account/0014M00001msBmRQAU/view"", ""Emergys Mexico, S. de R.L. de C.V."")","=HYPERLINK(""https://vector.lightning.force.com/lightning/r/Account/0014M00001hrefoQAA/view"", ""PaqueteExpress"")",2,"=HYPERLINK(""https://vector.lightning.force.com/lightning/r/Workload__c/aBJKf000004ZJ2EOAW/view"", ""Workload de PaqueteExpress - Gemi Enterprise"")",Jose Perez Medina,0-2: Tech Eval/Solution Dev,🟢 Ready (2 DRP Profiles),"=HYPERLINK(""https://vector.lightning.force.com/lightning/r/Opportunity/006Kf00000OpmgGIAR/view"", ""#PAQUETEEXPRESS #OUT_BOUND #GCP #Gemini_Enterprise"")","10/07 reunion con el Partner Emergys para pasarles Casos de uso de Antigraviti, donde revisar y enviaran correo al cliente para agendar",,Corporate,MX CORP,Build with AI,Gemini Enterprise for Customer Experience (Build with AI),,2026-09-30,2026-09-30,"$60,000.00",,,Priority
Ignacio Rauda,"=HYPERLINK(""https://vector.lightning.force.com/lightning/r/Account/0014M00001msBmRQAU/view"", ""Emergys Mexico, S. de R.L. de C.V."")","=HYPERLINK(""https://vector.lightning.force.com/lightning/r/Account/0014M00001kDjUsQAK/view"", ""Kayum"")",2,"=HYPERLINK(""https://vector.lightning.force.com/lightning/r/Workload__c/aBJKf000009WDbdOAG/view"", ""Aora Servicios #INB #Gemini Enterprise Agent Platform #GCP IA / Gemini E"")",Luis Alonso Contreras,0-2: Tech Eval/Solution Dev,🟢 Ready (2 DRP Profiles),"=HYPERLINK(""https://vector.lightning.force.com/lightning/r/Opportunity/006Kf00000Of6koIAB/view"", ""Aora Servicios #INB #Gemini Enterprise Agent Platform #GCP IA / Gemini Expansion"")",Client is assessing the tool's capabilities.,,Mexico,MX DN,Build with AI,Scale AI Apps and Agents,Partner Packaged AI Solutions,2026-11-23,2026-12-29,"$60,000.00",,,
Ignacio Rauda,"=HYPERLINK(""https://vector.lightning.force.com/lightning/r/Account/0014M00001msBmRQAU/view"", ""Emergys Mexico, S. de R.L. de C.V."")","=HYPERLINK(""https://vector.lightning.force.com/lightning/r/Account/0014M00001kDjUsQAK/view"", ""Kayum"")",2,"=HYPERLINK(""https://vector.lightning.force.com/lightning/r/Workload__c/aBJKf000009WDbnOAG/view"", ""Aora Servicios #OUT #Infra #Migración de Servidores ACAMAI"")",Luis Alonso Contreras,0-2: Tech Eval/Solution Dev,🔴 Capacity Gap (0 DRP Profiles),"=HYPERLINK(""https://vector.lightning.force.com/lightning/r/Opportunity/006Kf00000Of6lDIAR/view"", ""Aora Servicios #OUT #Infra #Migración de Servidores"")",,,Mexico,MX DN,Migrate Modernize and Build,Enterprise Platform of Choice: VMWare,VMware Engine,2026-11-25,2026-12-22,"$60,000.00",,,
Ignacio Rauda,"=HYPERLINK(""https://vector.lightning.force.com/lightning/r/Account/0014M00001msBmRQAU/view"", ""Emergys Mexico, S. de R.L. de C.V."")","=HYPERLINK(""https://vector.lightning.force.com/lightning/r/Account/0014M00002MvWPvQAN/view"", ""Berrysafe"")",2,"=HYPERLINK(""https://vector.lightning.force.com/lightning/r/Workload__c/aBJKf000009WDHOOA4/view"", ""BERRYSAFE #GCP # MMB #GCE GCVE #AWS#MX"")",Luis Alonso Contreras,0-2: Tech Eval/Solution Dev,🟡 Constrained (1 DRP Profile),"=HYPERLINK(""https://vector.lightning.force.com/lightning/r/Opportunity/006Kf00000Of4xCIAR/view"", ""BERRYSAFE #GCP # MMB #OUT #AWS#MX"")",,,Mexico,MX DN,Migrate Modernize and Build,"Migrate, Modernize and Build",GKE/CloudRun,2026-11-30,2026-12-28,"$70,000.00",,,
Ignacio Rauda,"=HYPERLINK(""https://vector.lightning.force.com/lightning/r/Account/0014M00001msBmRQAU/view"", ""Emergys Mexico, S. de R.L. de C.V."")","=HYPERLINK(""https://vector.lightning.force.com/lightning/r/Account/0014M00002MvWPvQAN/view"", ""Berrysafe"")",2,"=HYPERLINK(""https://vector.lightning.force.com/lightning/r/Workload__c/aBJKf000009WDHJOA4/view"", ""BERRYSAFE #GCP # GE #OUT #MX"")",Luis Alonso Contreras,0-2: Tech Eval/Solution Dev,🟢 Ready (2 DRP Profiles),"=HYPERLINK(""https://vector.lightning.force.com/lightning/r/Opportunity/006Kf00000Of4x7IAB/view"", ""BERRYSAFE #GCP # GEMINI #OUT #MX"")",Work in progress,,Mexico,MX DN,Build with AI,Gemini Enterprise for Customer Experience (Build with AI),AI Search & Specialized AI,2026-11-30,2026-12-28,"$30,000.00",,,
Ignacio Rauda,"=HYPERLINK(""https://vector.lightning.force.com/lightning/r/Account/0014M00001msBmRQAU/view"", ""Emergys Mexico, S. de R.L. de C.V."")","=HYPERLINK(""https://vector.lightning.force.com/lightning/r/Account/0014M00001hQ3UZQA0/view"", ""Dportenis"")",2,"=HYPERLINK(""https://vector.lightning.force.com/lightning/r/Workload__c/aBJKf000009WAciOAG/view"", ""GEMINI + CX"")",Fabiola Ochoa,0-2: Tech Eval/Solution Dev,🟢 Ready (2 DRP Profiles),"=HYPERLINK(""https://vector.lightning.force.com/lightning/r/Opportunity/006Kf00000KpQsJIAV/view"", ""FINAL GEMINI : DPORTENIS #GCP #GEMINI ENTERPRISE (Marcelo)"")",,,Corporate,MX CORP,Build with AI,Gemini Enterprise for Customer Experience (Build with AI),AI Search & Specialized AI,2026-12-01,2027-01-29,"$444,000.00",,,
Ignacio Rauda,"=HYPERLINK(""https://vector.lightning.force.com/lightning/r/Account/0014M00001msBmRQAU/view"", ""Emergys Mexico, S. de R.L. de C.V."")","=HYPERLINK(""https://vector.lightning.force.com/lightning/r/Account/0014M00001hdIWtQAM/view"", ""Pinsa"")",1,"=HYPERLINK(""https://vector.lightning.force.com/lightning/r/Workload__c/aBJKf000009eKF5OAM/view"", ""Migracion cargas no productivas fase 1"")",Juan Rodiles,3:  Proposal / Negotiation,🟡 Constrained (1 DRP Profile),"=HYPERLINK(""https://vector.lightning.force.com/lightning/r/Opportunity/006Kf00000PEl92IAD/view"", ""InfraInfraestructura Google Cloud v1"")",,,Mexico,"MX FSI, Services & WR",Migrate Modernize and Build,"Migrate, Modernize and Build",GKE/CloudRun,2026-10-13,2026-10-30,"$180,000.00",,,
Ignacio Rauda,"=HYPERLINK(""https://vector.lightning.force.com/lightning/r/Account/0014M00001msBmRQAU/view"", ""Emergys Mexico, S. de R.L. de C.V."")","=HYPERLINK(""https://vector.lightning.force.com/lightning/r/Account/0014M00002LI626QAD/view"", ""Grupo Petroil"")",2,"=HYPERLINK(""https://vector.lightning.force.com/lightning/r/Workload__c/aBJKf000009kFHAOA2/view"", ""Grupo Petroil Gemini Enterprise Emergys"")",Linnet Jáuregui,3:  Proposal / Negotiation,🟡 Constrained (1 DRP Profile),"=HYPERLINK(""https://vector.lightning.force.com/lightning/r/Opportunity/006Kf00000OnWSyIAN/view"", ""Grupo Petroil - Workspace #SoftBundle #GE #GWS #EntStd"")",,,Corporate,MX CORP,Build with AI,Lead the Agentic Workplace Transformation (Gemini Enterprise),Gemini Enterprise,2026-06-16,2027-06-16,"$49,000.00",,,
Ignacio Rauda,"=HYPERLINK(""https://vector.lightning.force.com/lightning/r/Account/0014M00001msBmRQAU/view"", ""Emergys Mexico, S. de R.L. de C.V."")","=HYPERLINK(""https://vector.lightning.force.com/lightning/r/Account/0014M00001hPkSrQAK/view"", ""Vitalmex Internacional S.A de C.V."")",2,"=HYPERLINK(""https://vector.lightning.force.com/lightning/r/Workload__c/aBJKf000009tdH8OAI/view"", ""Vitalmex#Agentes#VertexIA#Out"")",Jesus Gonzalez,3:  Proposal / Negotiation,🟢 Ready (2 DRP Profiles),"=HYPERLINK(""https://vector.lightning.force.com/lightning/r/Opportunity/006Kf00000NSbkkIAD/view"", ""Vitalmex#Agentes#VertexIA#Out"")",Proposal submitted; pending client feedback.,,Corporate,MX CORP,Build with AI,Scale AI Apps and Agents,Drive Business Impact with Agents,2026-10-05,2026-10-30,"$90,000.00",,,
Ignacio Rauda,"=HYPERLINK(""https://vector.lightning.force.com/lightning/r/Account/0014M00001msBmRQAU/view"", ""Emergys Mexico, S. de R.L. de C.V."")","=HYPERLINK(""https://vector.lightning.force.com/lightning/r/Account/0014M00001hQ3UZQA0/view"", ""Dportenis"")",2,"=HYPERLINK(""https://vector.lightning.force.com/lightning/r/Workload__c/aBJKf000009tMOlOAM/view"", ""Flex Agreement (New)(EBC NY) Comercial Dportenis - BigQuery vs Netezza (Gabo)(Ur"")",Satoshi Falcón,4.3: Migrated/Implemented,🟡 Constrained (1 DRP Profile),"=HYPERLINK(""https://vector.lightning.force.com/lightning/r/Opportunity/006Kf00000KpR0RIAV/view"", ""Flex Agreement (New)(EBC NY) Comercial Dportenis - BigQuery vs Netezza (Gabo)(Uruchurtu)(Emergys)"")",,,Corporate,MX CORP,Analytics,"Migrate, Modernize, and Build with Data Cloud (Analytics)",Migrate Data Warehouses to BigQuery,2026-02-02,2026-03-31,"$100,000.00",,,
Ignacio Rauda,"=HYPERLINK(""https://vector.lightning.force.com/lightning/r/Account/0014M00001msBmRQAU/view"", ""Emergys Mexico, S. de R.L. de C.V."")","=HYPERLINK(""https://vector.lightning.force.com/lightning/r/Account/0014M00001hQ3UZQA0/view"", ""Dportenis"")",2,"=HYPERLINK(""https://vector.lightning.force.com/lightning/r/Workload__c/aBJKf000009oUrfOAE/view"", ""Ordenes de resurtido"")",Satoshi Falcón,4.3: Migrated/Implemented,🟡 Constrained (1 DRP Profile),"=HYPERLINK(""https://vector.lightning.force.com/lightning/r/Opportunity/006Kf00000KZCHrIAP/view"", ""(New) Comercial Dportenis, S.A. de C.V. - Google Cloud Platform (Emergys) Resurtido de Ordenes"")",,,Corporate,MX CORP,Analytics,"Migrate, Modernize, and Build with Data Cloud (Analytics)",Migrate Data Warehouses to BigQuery,2025-12-12,2026-01-19,"$80,000.00",,,
Ignacio Rauda,"=HYPERLINK(""https://vector.lightning.force.com/lightning/r/Account/0014M00001msBmRQAU/view"", ""Emergys Mexico, S. de R.L. de C.V."")","=HYPERLINK(""https://vector.lightning.force.com/lightning/r/Account/0014M00001hrefoQAA/view"", ""PaqueteExpress"")",2,"=HYPERLINK(""https://vector.lightning.force.com/lightning/r/Workload__c/aBJKf000006ABdtOAG/view"", ""(Re New) PAQUETEXPRESS - Google Cloud Platform (OCR)(Emergys) Workloads"")",Satoshi Falcón,4.3: Migrated/Implemented,🟡 Constrained (1 DRP Profile),"=HYPERLINK(""https://vector.lightning.force.com/lightning/r/Opportunity/0064M00000cs3WqQAI/view"", ""(Re New) PAQUETEXPRESS - Google Cloud Platform (OCR)(Emergys)"")",,,Corporate,MX CORP,Migrate Modernize and Build,"Migrate, Modernize and Build",GKE/CloudRun,2025-06-06,2025-06-30,"$60,000.00",,,
Ignacio Rauda,"=HYPERLINK(""https://vector.lightning.force.com/lightning/r/Account/0014M00001msBmRQAU/view"", ""Emergys Mexico, S. de R.L. de C.V."")","=HYPERLINK(""https://vector.lightning.force.com/lightning/r/Account/0014M00001hQ3UZQA0/view"", ""Dportenis"")",2,"=HYPERLINK(""https://vector.lightning.force.com/lightning/r/Workload__c/aBJKf000006ABVpOAO/view"", ""Comercial Dportenis, S.A. de C.V. -AI"")",Claudia Cermeli,4.3: Migrated/Implemented,🟡 Constrained (1 DRP Profile),,,,Corporate,MX CORP,Analytics,The Agentic Data Cloud,Data Sharing & Monetization,2024-06-28,2024-12-27,"$32,000.00",,,
Ignacio Rauda,"=HYPERLINK(""https://vector.lightning.force.com/lightning/r/Account/0014M00001msBmRQAU/view"", ""Emergys Mexico, S. de R.L. de C.V."")","=HYPERLINK(""https://vector.lightning.force.com/lightning/r/Account/0014M00001hJoARQA0/view"", ""Abastecedora de Combustibles de Pacífico, S.A. de C.V."")",2,"=HYPERLINK(""https://vector.lightning.force.com/lightning/r/Workload__c/aBJKf000006A9qvOAC/view"", ""(New) Grupo Petroil - Google Databases (Samu)(Emergys)(Mazatlán)"")",Satoshi Falcón,4.3: Migrated/Implemented,🔴 Capacity Gap (0 DRP Profiles),"=HYPERLINK(""https://vector.lightning.force.com/lightning/r/Opportunity/006Kf00000JBwcoIAD/view"", ""#GOLD Grupo Petroil - Google Databases (Samu)(Emergys)(Mazatlán) #DMTOOLKIT"")",,,Corporate,MX CORP,Migrate and Modernize Databases,"Migrate, Modernize, and Build with Data Cloud (Apigee)","Modernize Legacy Databases (Heterogeneous - SQL Server, Oracle etc.)",2025-02-19,2025-03-31,"$54,000.00",,,
Ignacio Rauda,"=HYPERLINK(""https://vector.lightning.force.com/lightning/r/Account/0014M00001msBmRQAU/view"", ""Emergys Mexico, S. de R.L. de C.V."")","=HYPERLINK(""https://vector.lightning.force.com/lightning/r/Account/0014M00002BlBTMQA3/view"", ""Grupo Alerta S.A. de C.V."")",2,"=HYPERLINK(""https://vector.lightning.force.com/lightning/r/Workload__c/aBJKf000006MTLtOAO/view"", ""GCP G.Alerta - Automatizacion Procesos"")",Rodrigo Cruz Miranda,4.3: Migrated/Implemented,🟢 Ready (2 DRP Profiles),"=HYPERLINK(""https://vector.lightning.force.com/lightning/r/Opportunity/006Kf00000JMkb7IAD/view"", ""Grupo Alerta Automatizacion de Procesos AEW"")",,,Corporate,MX CORP,Migrate and Modernize Databases,,,2025-05-26,2025-09-01,"$100,236.00",,,
Ignacio Rauda,"=HYPERLINK(""https://vector.lightning.force.com/lightning/r/Account/0014M00001mrufoQAA/view"", ""NXN Consultores, S.A. de C.V."")","=HYPERLINK(""https://vector.lightning.force.com/lightning/r/Account/0014M00001hrzzqQAA/view"", ""GRUPO CAABSA"")",2,"=HYPERLINK(""https://vector.lightning.force.com/lightning/r/Workload__c/aBJKf000004ZMbKOAW/view"", ""Workload - Grupo Caabsa- Gemini Enterprise"")",Jose Perez Medina,0-2: Tech Eval/Solution Dev,🔴 Capacity Gap (0 DRP Profiles),"=HYPERLINK(""https://vector.lightning.force.com/lightning/r/Opportunity/006Kf00000P98nAIAR/view"", ""GRUPOCAABSA  #OUT #GCP #Q2-26 #GEMINI.ENTERPRISE"")",,,Corporate,MX CORP,Build with AI,Gemini Enterprise for Customer Experience (Build with AI),,2026-11-23,2026-11-30,"$60,000.00",,,Priority
Ignacio Rauda,"=HYPERLINK(""https://vector.lightning.force.com/lightning/r/Account/0014M00001mrufoQAA/view"", ""NXN Consultores, S.A. de C.V."")","=HYPERLINK(""https://vector.lightning.force.com/lightning/r/Account/001Kf0000135UNOIA2/view"", ""TRENDIER MEXICO S.A. de C.V."")",2,"=HYPERLINK(""https://vector.lightning.force.com/lightning/r/Workload__c/aBJKf000009eKn7OAE/view"", ""Gotrendier #GCP #Consolidacionfinanciera #DataAnalytics #OUT #MX"")",Paul Añez,0-2: Tech Eval/Solution Dev,🟡 Constrained (1 DRP Profile),"=HYPERLINK(""https://vector.lightning.force.com/lightning/r/Opportunity/006Kf00000OAOF1IAP/view"", ""Gotrendier #GCP #Consolidacionfinanciera #DataAnalytics #OUT #MX"")","El partner Nexolution está buscando un próximo agendamiento con el cliente, para realizar una presentación de propuesta.",,Corporate,MX CORP,Analytics,"Migrate, Modernize, and Build with Data Cloud (Analytics)",Migrate Data Warehouses to BigQuery,2026-10-02,2026-11-02,"$60,000.00",,,Priority
Ignacio Rauda,"=HYPERLINK(""https://vector.lightning.force.com/lightning/r/Account/0014M00001mrufoQAA/view"", ""NXN Consultores, S.A. de C.V."")","=HYPERLINK(""https://vector.lightning.force.com/lightning/r/Account/0014M00001hnAh6QAE/view"", ""Hidrosina"")",2,"=HYPERLINK(""https://vector.lightning.force.com/lightning/r/Workload__c/aBJKf000009oncqOAA/view"", ""Hidrosina - POC #Document IA #Automatización de Tickets #NXN"")",Linnet Jáuregui,3:  Proposal / Negotiation,🔴 Capacity Gap (0 DRP Profiles),"=HYPERLINK(""https://vector.lightning.force.com/lightning/r/Opportunity/006Kf00000OSdLxIAL/view"", ""Hidrosina - #Document IA #Automatización de Tickets #NXN"")",,,Corporate,MX CORP,Build with AI,Scale AI Apps and Agents,Drive Business Impact with Agents,2026-10-12,2026-11-23,"$2,000.00",,,Priority
Ignacio Rauda,"=HYPERLINK(""https://vector.lightning.force.com/lightning/r/Account/0014M00001mrufoQAA/view"", ""NXN Consultores, S.A. de C.V."")","=HYPERLINK(""https://vector.lightning.force.com/lightning/r/Account/0014M00001hOwcwQAC/view"", ""Corex, S.A. de C.V."")",2,"=HYPERLINK(""https://vector.lightning.force.com/lightning/r/Workload__c/aBJKf000009tZASOA2/view"", ""Laboratorios SANFER - Vertex AI Search #Gemini Enterprise (500 licencias)"")",Linnet Jáuregui,0-2: Tech Eval/Solution Dev,🔴 Capacity Gap (0 DRP Profiles),"=HYPERLINK(""https://vector.lightning.force.com/lightning/r/Opportunity/006Kf00000KrBDIIA3/view"", ""Laboratorios SANFER -  Vertex AI Search #Gemini Enterprise (400 licencias)"")",Two contact atempts were made with the customer without a response. Last email sent on August 04,"ER-510349, ER-504046",Corporate,MX CORP,Build with AI,Scale AI Apps and Agents,Drive Business Impact with Agents,2027-02-01,2027-03-01,"$300,000.00",,,Priority
Ignacio Rauda,"=HYPERLINK(""https://vector.lightning.force.com/lightning/r/Account/0014M00001mrufoQAA/view"", ""NXN Consultores, S.A. de C.V."")","=HYPERLINK(""https://vector.lightning.force.com/lightning/r/Account/0014M00001hffhQQAQ/view"", ""San Pedro Garza García"")",1,"=HYPERLINK(""https://vector.lightning.force.com/lightning/r/Workload__c/aBJKf000004ZOMQOA4/view"", ""SPGG - C4i- EDW+VI"")",Alberto Alcala,0-2: Tech Eval/Solution Dev,🔴 Capacity Gap (0 DRP Profiles),"=HYPERLINK(""https://vector.lightning.force.com/lightning/r/Opportunity/006Kf00000PihReIAJ/view"", ""SPGG - C4i- EDW+VI"")",,"ER-506575, ER-506740",PS,MEXICO & PECS PS,Analytics,"Migrate, Modernize, and Build with Data Cloud (Analytics)","Streaming (Dataflow, Pub/Sub, Managed Kafka)",2027-01-22,2027-04-29,"$200,000.00",,,
Ignacio Rauda,"=HYPERLINK(""https://vector.lightning.force.com/lightning/r/Account/0014M00001mrufoQAA/view"", ""NXN Consultores, S.A. de C.V."")","=HYPERLINK(""https://vector.lightning.force.com/lightning/r/Account/0014M00001h62m3QAA/view"", ""Corporación Integral de Comercio Exterior S.A. de C.V."")",2,"=HYPERLINK(""https://vector.lightning.force.com/lightning/r/Workload__c/aBJKf000004ZMZTOA4/view"", ""Workload de Grupo CICE - Gemini Enterprise"")",Rodrigo Cruz Miranda,0-2: Tech Eval/Solution Dev,🔴 Capacity Gap (0 DRP Profiles),"=HYPERLINK(""https://vector.lightning.force.com/lightning/r/Opportunity/006Kf00000PEU5RIAX/view"", ""CORPORACIONINTEGRALDECOMERCIOEXTERIOR #INB #GCP #Q2-26 #GEMINIENTERPRISE"")",,,Corporate,MX CORP,Build with AI,Gemini Enterprise for Customer Experience (Build with AI),,2026-10-20,2026-11-10,"$60,000.00",,,
Ignacio Rauda,"=HYPERLINK(""https://vector.lightning.force.com/lightning/r/Account/0014M00001mrufoQAA/view"", ""NXN Consultores, S.A. de C.V."")","=HYPERLINK(""https://vector.lightning.force.com/lightning/r/Account/0014M00001hrzzqQAA/view"", ""GRUPO CAABSA"")",2,"=HYPERLINK(""https://vector.lightning.force.com/lightning/r/Workload__c/aBJKf000004ZMOAOA4/view"", ""Workload - GRUPOCAABSA - GCP - BQ"")",Jose Perez Medina,0-2: Tech Eval/Solution Dev,🟡 Constrained (1 DRP Profile),"=HYPERLINK(""https://vector.lightning.force.com/lightning/r/Opportunity/006Kf00000P981GIAR/view"", ""GRUPOCAABSA  #OUT #GCP #Q2-26 #BQ-COST-OPTIM"")",16/07 Cliente revisando para revisar internamente con nosotros las Lic de Workspace antes de ir con un Partner.,,Corporate,MX CORP,Analytics,"Migrate, Modernize, and Build with Data Cloud (Analytics)",,2026-10-30,2026-11-25,"$64,000.00",,,
Ignacio Rauda,"=HYPERLINK(""https://vector.lightning.force.com/lightning/r/Account/0014M00001mrufoQAA/view"", ""NXN Consultores, S.A. de C.V."")","=HYPERLINK(""https://vector.lightning.force.com/lightning/r/Account/0014M00001hmdZsQAI/view"", ""Betterware de México, S.A. de C.V."")",1,"=HYPERLINK(""https://vector.lightning.force.com/lightning/r/Workload__c/aBJKf000009WB6OOAW/view"", ""BigQuery Betterware"")",Eduardo Bello,0-2: Tech Eval/Solution Dev,🟡 Constrained (1 DRP Profile),"=HYPERLINK(""https://vector.lightning.force.com/lightning/r/Opportunity/006Kf00000PHwQqIAL/view"", ""Betterware - POC Centro de Mando Analítico"")",Currently waiting for customer feedback on POC with partner.,,Mexico,MX Multi-industry & Monterrey,Analytics,"Migrate, Modernize, and Build with Data Cloud (Analytics)",Multi-Modal Data Processing & Multi-Cloud (Lakehouse),2026-09-02,2026-09-30,"$135,000.00",,,
Ignacio Rauda,"=HYPERLINK(""https://vector.lightning.force.com/lightning/r/Account/0014M00001mrufoQAA/view"", ""NXN Consultores, S.A. de C.V."")","=HYPERLINK(""https://vector.lightning.force.com/lightning/r/Account/0014M00001m0oZyQAI/view"", ""Ragasa"")",1,"=HYPERLINK(""https://vector.lightning.force.com/lightning/r/Workload__c/aBJKf000009kGz3OAE/view"", ""Ragasa BQ"")",Jair De la Garza,0-2: Tech Eval/Solution Dev,🟡 Constrained (1 DRP Profile),"=HYPERLINK(""https://vector.lightning.force.com/lightning/r/Opportunity/006Kf00000LlKVIIA3/view"", ""NEW Ragasa Project"")",,,Mexico,MX Multi-industry & Monterrey,Analytics,The Agentic Data Cloud,Data Science (BigQuery),2026-08-07,,"$100,000.00",,,
Ignacio Rauda,"=HYPERLINK(""https://vector.lightning.force.com/lightning/r/Account/0014M00001mrufoQAA/view"", ""NXN Consultores, S.A. de C.V."")","=HYPERLINK(""https://vector.lightning.force.com/lightning/r/Account/0014M00001h3VUEQA2/view"", ""Fábrica de Papel San Francisco"")",2,"=HYPERLINK(""https://vector.lightning.force.com/lightning/r/Workload__c/aBJKf000009kG7QOAU/view"", ""Fabrica de Papel - Gemini Enterprise"")",Alfredo Esqueda,4.3: Migrated/Implemented,🔴 Capacity Gap (0 DRP Profiles),"=HYPERLINK(""https://vector.lightning.force.com/lightning/r/Opportunity/006Kf00000P6GLpIAN/view"", ""FAPSA - Gemini enterprise"")",,,Corporate,MX CORP,Build with AI,Scale AI Apps and Agents,Drive Business Impact with Agents,2026-06-29,2026-06-30,"$32,130.00",,,
Ignacio Rauda,"=HYPERLINK(""https://vector.lightning.force.com/lightning/r/Account/0014M00001mrufoQAA/view"", ""NXN Consultores, S.A. de C.V."")","=HYPERLINK(""https://vector.lightning.force.com/lightning/r/Account/0014M00001hXnWqQAK/view"", ""Libertad Servicios Financieros"")",2,"=HYPERLINK(""https://vector.lightning.force.com/lightning/r/Workload__c/aBJKf000009eC1kOAE/view"", ""Migracion Oracle to AlloyDB #DMTOOLKIT"")",Samuel Marcial,4.3: Migrated/Implemented,🔴 Capacity Gap (0 DRP Profiles),"=HYPERLINK(""https://vector.lightning.force.com/lightning/r/Opportunity/006Kf00000NSM0HIAX/view"", ""Libertad -  AlloyDB #DMTOOLKIT"")",,,Corporate,MX CORP,Migrate and Modernize Databases,"Migrate, Modernize, and Build with Data Cloud (Databases)","Move to Managed Databases (Homogeneous - Cloud SQL, AlloyDB, Firestore)",2026-06-15,2026-07-06,"$60,000.00",,,
Ignacio Rauda,"=HYPERLINK(""https://vector.lightning.force.com/lightning/r/Account/0014M00001mrufoQAA/view"", ""NXN Consultores, S.A. de C.V."")","=HYPERLINK(""https://vector.lightning.force.com/lightning/r/Account/0014M00001h3RyIQAU/view"", ""Premium Restaurant Brands, S. de R.L.C.V."")",2,"=HYPERLINK(""https://vector.lightning.force.com/lightning/r/Workload__c/aBJKf000009omqzOAA/view"", ""PRB - Vertex AI Search - #Gemini Enteprise"")",Evelyn Sandoval,0-2: Tech Eval/Solution Dev,🟡 Constrained (1 DRP Profile),"=HYPERLINK(""https://vector.lightning.force.com/lightning/r/Opportunity/006Kf00000OYQk9IAH/view"", ""PRB - Gemini Enteprise"")",,,Corporate,MX CORP,Build with AI,Lead the Agentic Workplace Transformation (Gemini Enterprise),Gemini Enterprise,2026-09-30,2026-10-30,"$300,000.00",,,
Ignacio Rauda,"=HYPERLINK(""https://vector.lightning.force.com/lightning/r/Account/0014M00001mrufoQAA/view"", ""NXN Consultores, S.A. de C.V."")","=HYPERLINK(""https://vector.lightning.force.com/lightning/r/Account/0014M00001hXp7hQAC/view"", ""Quimmco, S.A. de C.V."")",1,"=HYPERLINK(""https://vector.lightning.force.com/lightning/r/Workload__c/aBJKf000009omXdOAI/view"", ""Quimmco - Infra WL"")",Jair De la Garza,0-2: Tech Eval/Solution Dev,🔴 Capacity Gap (0 DRP Profiles),"=HYPERLINK(""https://vector.lightning.force.com/lightning/r/Opportunity/006Kf00000OYPv0IAH/view"", ""Quimmco - Infra"")",,,Mexico,MX Multi-industry & Monterrey,Migrate Modernize and Build,Enterprise Platform of Choice: Oracle,Oracle Interconnect,2026-09-29,2026-10-06,"$60,000.00",,,
Ignacio Rauda,"=HYPERLINK(""https://vector.lightning.force.com/lightning/r/Account/0014M00001mrufoQAA/view"", ""NXN Consultores, S.A. de C.V."")","=HYPERLINK(""https://vector.lightning.force.com/lightning/r/Account/0014M00001hXp7hQAC/view"", ""Quimmco, S.A. de C.V."")",1,"=HYPERLINK(""https://vector.lightning.force.com/lightning/r/Workload__c/aBJKf000009e9fzOAA/view"", ""EDW Modernization"")",Alberto Alcala,0-2: Tech Eval/Solution Dev,🟡 Constrained (1 DRP Profile),"=HYPERLINK(""https://vector.lightning.force.com/lightning/r/Opportunity/006Kf00000Om1nsIAB/view"", ""EDW Modernization"")",,,Mexico,MX Multi-industry & Monterrey,Analytics,"Migrate, Modernize, and Build with Data Cloud (Analytics)",Migrate Data Warehouses to BigQuery,2026-08-03,2026-09-30,"$100,000.00",,,
Ignacio Rauda,"=HYPERLINK(""https://vector.lightning.force.com/lightning/r/Account/0014M00001mrufoQAA/view"", ""NXN Consultores, S.A. de C.V."")","=HYPERLINK(""https://vector.lightning.force.com/lightning/r/Account/0014M00001hSpkPQAS/view"", ""COMERCIALIZADORA FARMACEUTICA DE CHIAPAS S.A.P.I. DE C.V."")",1,"=HYPERLINK(""https://vector.lightning.force.com/lightning/r/Workload__c/aBJKf000009e4pKOAQ/view"", ""Migrate Data Warehouses & Data Lakes to Lakehouse"")",Alberto Alcala,3:  Proposal / Negotiation,🟡 Constrained (1 DRP Profile),"=HYPERLINK(""https://vector.lightning.force.com/lightning/r/Opportunity/006Kf00000OQHYoIAP/view"", ""GCP PSF Request - Farmacias del Ahorro"")",,,Mexico,MX Multi-industry & Monterrey,Analytics,"Migrate, Modernize, and Build with Data Cloud (Analytics)",Migrate Data Warehouses to BigQuery,2026-09-01,2026-12-01,"$150,000.00",,,
Ignacio Rauda,"=HYPERLINK(""https://vector.lightning.force.com/lightning/r/Account/0014M00001mrufoQAA/view"", ""NXN Consultores, S.A. de C.V."")","=HYPERLINK(""https://vector.lightning.force.com/lightning/r/Account/0014M00001m0oZyQAI/view"", ""Ragasa"")",1,"=HYPERLINK(""https://vector.lightning.force.com/lightning/r/Workload__c/aBJKf000009oiABOAY/view"", ""Ragasa INFRA"")",Jair De la Garza,3:  Proposal / Negotiation,🔴 Capacity Gap (0 DRP Profiles),"=HYPERLINK(""https://vector.lightning.force.com/lightning/r/Opportunity/006Kf00000LlKVIIA3/view"", ""NEW Ragasa Project"")",Aug 17: Have a meeting with NXN to continue with this workload before Aug 21,,Mexico,MX Multi-industry & Monterrey,Migrate Modernize and Build,"Migrate, Modernize and Build",GKE/CloudRun,2026-10-12,2026-11-02,"$120,000.00",,,
Ignacio Rauda,"=HYPERLINK(""https://vector.lightning.force.com/lightning/r/Account/0014M00001mrufoQAA/view"", ""NXN Consultores, S.A. de C.V."")","=HYPERLINK(""https://vector.lightning.force.com/lightning/r/Account/0014M000026rpyuQAA/view"", ""Macropay"")",2,"=HYPERLINK(""https://vector.lightning.force.com/lightning/r/Workload__c/aBJKf0000082LTmOAM/view"", ""MAcropay SecOps SIEM SOAR"")",Rodrigo Cruz Miranda,4.3: Migrated/Implemented,🔴 Capacity Gap (0 DRP Profiles),"=HYPERLINK(""https://vector.lightning.force.com/lightning/r/Opportunity/006Kf00000NzxkRIAR/view"", ""Macropay - #SecOps #NXT"")",,,Corporate,MX CORP,Security,Security,Security Workload,2026-02-17,2026-04-24,"$15,000.00",,,
Ignacio Rauda,"=HYPERLINK(""https://vector.lightning.force.com/lightning/r/Account/0014M00001mrufoQAA/view"", ""NXN Consultores, S.A. de C.V."")","=HYPERLINK(""https://vector.lightning.force.com/lightning/r/Account/0014M00001mBNItQAO/view"", ""The excellence collection"")",2,"=HYPERLINK(""https://vector.lightning.force.com/lightning/r/Workload__c/aBJKf000006MeYAOA0/view"", ""AlloyDB + Infra + BQSlots"")",Rodrigo Cruz Miranda,4.3: Migrated/Implemented,🔴 Capacity Gap (0 DRP Profiles),"=HYPERLINK(""https://vector.lightning.force.com/lightning/r/Opportunity/006Kf00000KiNiIIAV/view"", ""The Excellence Automatizacion New Hotel"")",,"=HYPERLINK(""https://vector.lightning.force.com/lightning/r/Expert_Request__c/aAuKf000000PEeVKAW/view"", ""ER-445064"")",Corporate,MX CORP,Migrate and Modernize Databases,"Migrate, Modernize, and Build with Data Cloud (Databases)","Move to Managed Databases (Homogeneous - Cloud SQL, AlloyDB, Firestore)",2026-04-10,2026-04-29,"$180,000.00",,,
Ignacio Rauda,"=HYPERLINK(""https://vector.lightning.force.com/lightning/r/Account/0014M00001mrufoQAA/view"", ""NXN Consultores, S.A. de C.V."")","=HYPERLINK(""https://vector.lightning.force.com/lightning/r/Account/0014M00001hXnWqQAK/view"", ""Libertad Servicios Financieros"")",2,"=HYPERLINK(""https://vector.lightning.force.com/lightning/r/Workload__c/aBJKf000009ocjeOAA/view"", ""Libertad - Migracion Oracle"")",Jesus Gonzalez,4.3: Migrated/Implemented,🔴 Capacity Gap (0 DRP Profiles),"=HYPERLINK(""https://vector.lightning.force.com/lightning/r/Opportunity/006Kf00000LjVq5IAF/view"", ""Libertad - Migracion Oracle #GOLD"")",,,Corporate,MX CORP,Migrate and Modernize Databases,"Migrate, Modernize, and Build with Data Cloud (Databases)","Move to Managed Databases (Homogeneous - Cloud SQL, AlloyDB, Firestore)",2026-03-09,2026-08-31,"$60,000.00",,,
Ignacio Rauda,"=HYPERLINK(""https://vector.lightning.force.com/lightning/r/Account/0014M00001mrufoQAA/view"", ""NXN Consultores, S.A. de C.V."")","=HYPERLINK(""https://vector.lightning.force.com/lightning/r/Account/0014M000026rpyuQAA/view"", ""Macropay"")",2,"=HYPERLINK(""https://vector.lightning.force.com/lightning/r/Workload__c/aBJKf000006Mc6OOAS/view"", ""Looker - Modelos Riesgos"")",Rodrigo Cruz Miranda,4.3: Migrated/Implemented,🟡 Constrained (1 DRP Profile),"=HYPERLINK(""https://vector.lightning.force.com/lightning/r/Opportunity/006Kf00000LirhOIAR/view"", ""Macropay - Looker - Company BI"")",,"=HYPERLINK(""https://vector.lightning.force.com/lightning/r/Expert_Request__c/aAuKf000000PEeGKAW/view"", ""ER-445060"")",Corporate,MX CORP,Analytics,,,2025-10-10,2025-10-30,"$35,000.00",,,
Ignacio Rauda,"=HYPERLINK(""https://vector.lightning.force.com/lightning/r/Account/0014M00001mrufoQAA/view"", ""NXN Consultores, S.A. de C.V."")","=HYPERLINK(""https://vector.lightning.force.com/lightning/r/Account/0014M00001h3VUEQA2/view"", ""Fábrica de Papel San Francisco"")",2,"=HYPERLINK(""https://vector.lightning.force.com/lightning/r/Workload__c/aBJKf000009oYcjOAE/view"", ""Fabrica de papel - AgentSpace"")",Alfredo Esqueda,4.3: Migrated/Implemented,🔴 Capacity Gap (0 DRP Profiles),"=HYPERLINK(""https://vector.lightning.force.com/lightning/r/Opportunity/006Kf00000LGihIIAT/view"", ""Papel San Francisco - Instancias GCP"")",,,Corporate,MX CORP,Migrate Modernize and Build,,,2025-11-10,2025-12-12,"$200,000.00",,,
Ignacio Rauda,"=HYPERLINK(""https://vector.lightning.force.com/lightning/r/Account/0014M00001mrufoQAA/view"", ""NXN Consultores, S.A. de C.V."")","=HYPERLINK(""https://vector.lightning.force.com/lightning/r/Account/0014M00001hXoRmQAK/view"", ""Cydsa, S.A.B. de C.V."")",1,"=HYPERLINK(""https://vector.lightning.force.com/lightning/r/Workload__c/aBJKf000009t9ATOAY/view"", ""CYDSA INFRA"")",Jair De la Garza,3:  Proposal / Negotiation,🔴 Capacity Gap (0 DRP Profiles),"=HYPERLINK(""https://vector.lightning.force.com/lightning/r/Opportunity/006Kf00000OpHgHIAV/view"", ""CYDSA #BigQuey 330k #Teleperformance"")",June 15: Hector approved INFRA assesment. Re-scheduling this week to present plan.,,Mexico,MX Multi-industry & Monterrey,Migrate Modernize and Build,"Migrate, Modernize and Build",GKE/CloudRun,2026-08-03,2026-09-01,"$120,000.00",,,
Ignacio Rauda,"=HYPERLINK(""https://vector.lightning.force.com/lightning/r/Account/0014M00001mrufoQAA/view"", ""NXN Consultores, S.A. de C.V."")","=HYPERLINK(""https://vector.lightning.force.com/lightning/r/Account/0014M00001p42GQQAY/view"", ""Laboratorios Sophia"")",2,"=HYPERLINK(""https://vector.lightning.force.com/lightning/r/Workload__c/aBJKf000006MZWTOA4/view"", ""Notebook lm"")",Fabiola Ochoa,4.3: Migrated/Implemented,🟡 Constrained (1 DRP Profile),"=HYPERLINK(""https://vector.lightning.force.com/lightning/r/Opportunity/006Kf00000JCMzlIAH/view"", ""(New) Laboratorios Sophia (Notebook LM)(Nexolution)"")",,,Corporate,MX CORP,Build with AI,Lead the Agentic Workplace Transformation (Gemini Enterprise),Gemini Enterprise,2025-04-30,2025-04-30,"$1,000.00",,,
Ignacio Rauda,"=HYPERLINK(""https://vector.lightning.force.com/lightning/r/Account/0014M00001mrufoQAA/view"", ""NXN Consultores, S.A. de C.V."")","=HYPERLINK(""https://vector.lightning.force.com/lightning/r/Account/0014M00001mBNItQAO/view"", ""The excellence collection"")",2,"=HYPERLINK(""https://vector.lightning.force.com/lightning/r/Workload__c/aBJKf000006MYjHOAW/view"", ""BQ Slots and Model Sales"")",Rodrigo Cruz Miranda,4.3: Migrated/Implemented,🟡 Constrained (1 DRP Profile),"=HYPERLINK(""https://vector.lightning.force.com/lightning/r/Opportunity/006Kf00000KhHwmIAF/view"", ""The excellence FLEX Data Analitycs Sales"")","4/6 En sync junto al FSR se alinea y autoriza entrar a realizar el seguimiento y acele de la oportunidad y workload, junto al partner y cliente - Next steps: sync con partner",,Corporate,MX CORP,Analytics,"Migrate, Modernize, and Build with Data Cloud (Analytics)",Migrate Data Warehouses to BigQuery,2025-06-27,2025-08-08,"$103,000.00",,,
Ignacio Rauda,"=HYPERLINK(""https://vector.lightning.force.com/lightning/r/Account/0014M00001h36arQAA/view"", ""NUBOSOFT SERVICIOS"")","=HYPERLINK(""https://vector.lightning.force.com/lightning/r/Account/0014M00001heTwhQAE/view"", ""Rancho Bonanza"")",2,"=HYPERLINK(""https://vector.lightning.force.com/lightning/r/Workload__c/aBJKf000004ZNQjOAO/view"", ""Workload#Grupo Lomas #GCP#Compute Engine"")",Jose Perez Medina,0-2: Tech Eval/Solution Dev,🔴 Capacity Gap (0 DRP Profiles),"=HYPERLINK(""https://vector.lightning.force.com/lightning/r/Opportunity/006Kf00000OBpTlIAL/view"", ""Grupo Lomas #GCP#GCP#Compute Engine#INB #MX"")",,,Corporate,MX CORP,Migrate Modernize and Build,"Migrate, Modernize and Build",,2026-11-30,2026-12-14,"$40,000.00",,,Priority
Ignacio Rauda,"=HYPERLINK(""https://vector.lightning.force.com/lightning/r/Account/0014M00001h36arQAA/view"", ""NUBOSOFT SERVICIOS"")","=HYPERLINK(""https://vector.lightning.force.com/lightning/r/Account/0014M00001hTLhrQAG/view"", ""Naturesweet México, S. de R.L. de C.V."")",2,"=HYPERLINK(""https://vector.lightning.force.com/lightning/r/Workload__c/aBJKf000004ZMd1OAG/view"", ""Workload - Naturesweet Mexico - GE"")",Jose Perez Medina,0-2: Tech Eval/Solution Dev,🔴 Capacity Gap (0 DRP Profiles),"=HYPERLINK(""https://vector.lightning.force.com/lightning/r/Opportunity/006Kf00000OqpS2IAJ/view"", ""#NATURESWEET #OUT_BOUND #GCP #Gemini_Enterprise"")",,,Corporate,MX CORP,Build with AI,Gemini Enterprise for Customer Experience (Build with AI),,2026-11-30,2026-12-07,"$36,000.00",,,Priority
Ignacio Rauda,"=HYPERLINK(""https://vector.lightning.force.com/lightning/r/Account/0014M00001h36arQAA/view"", ""NUBOSOFT SERVICIOS"")","=HYPERLINK(""https://vector.lightning.force.com/lightning/r/Account/0014M00001hvTIvQAM/view"", ""Industrializadora Oleofinos S.A. de C.V."")",2,"=HYPERLINK(""https://vector.lightning.force.com/lightning/r/Workload__c/aBJKf000004ZMFNOA4/view"", ""Workload - OLEOFINOS #GCP Gemini_Enterprise"")",Jose Perez Medina,0-2: Tech Eval/Solution Dev,🔴 Capacity Gap (0 DRP Profiles),"=HYPERLINK(""https://vector.lightning.force.com/lightning/r/Opportunity/006Kf00000Oq9TnIAJ/view"", ""#OLEOFINOS #OUT_BOUND #GCP #Gemini_Enterprise"")",,,Corporate,MX CORP,Build with AI,Gemini Enterprise for Customer Experience (Build with AI),,2026-12-15,2026-12-29,"$36,000.00",,,Priority
Ignacio Rauda,"=HYPERLINK(""https://vector.lightning.force.com/lightning/r/Account/0014M00001h36arQAA/view"", ""NUBOSOFT SERVICIOS"")","=HYPERLINK(""https://vector.lightning.force.com/lightning/r/Account/0014M00001hP9lxQAC/view"", ""INIX Comercial"")",2,"=HYPERLINK(""https://vector.lightning.force.com/lightning/r/Workload__c/aBJKf000009kJRJOA2/view"", ""INIX Infra Nubosoft"")",Linnet Jáuregui,3:  Proposal / Negotiation,🔴 Capacity Gap (0 DRP Profiles),"=HYPERLINK(""https://vector.lightning.force.com/lightning/r/Opportunity/006Kf00000PPMUlIAP/view"", ""INIX GCP #Infra #Nubosoft"")",,,Corporate,MX CORP,Migrate Modernize and Build,"Migrate, Modernize and Build",Linux,2026-10-05,2026-11-10,"$70,000.00",,,Priority
Ignacio Rauda,"=HYPERLINK(""https://vector.lightning.force.com/lightning/r/Account/0014M00001h36arQAA/view"", ""NUBOSOFT SERVICIOS"")","=HYPERLINK(""https://vector.lightning.force.com/lightning/r/Account/0014M00001hbLTXQA2/view"", ""Almacenes Distribuidores de la Frontera, S.A. de C.V."")",2,"=HYPERLINK(""https://vector.lightning.force.com/lightning/r/Workload__c/aBJKf000009eN5cOAE/view"", ""Distribuidora Dana - Looker"")",Jesus Gonzalez,3:  Proposal / Negotiation,🟢 Ready (9 DRP Profiles),"=HYPERLINK(""https://vector.lightning.force.com/lightning/r/Opportunity/006Kf00000Ka1f5IAB/view"", ""DISTRIBUIDORA DE MAQUINARIA DEL NORTE S.A. de C.V. L o o k e r"")",,,Corporate,MX CORP,Analytics,The Agentic Data Cloud,Cloud BI and Embed Analytics (Looker),2026-11-02,2026-11-30,"$60,000.00",,,Priority
Ignacio Rauda,"=HYPERLINK(""https://vector.lightning.force.com/lightning/r/Account/0014M00001h36arQAA/view"", ""NUBOSOFT SERVICIOS"")","=HYPERLINK(""https://vector.lightning.force.com/lightning/r/Account/0014M00001hbOM7QAM/view"", ""AYVI SA de CV"")",2,"=HYPERLINK(""https://vector.lightning.force.com/lightning/r/Workload__c/aBJKf000009eMhkOAE/view"", ""AYVI - BIG QUERY + LOOKER"")",Jesus Gonzalez,0-2: Tech Eval/Solution Dev,🟢 Ready (17 DRP Profiles),"=HYPERLINK(""https://vector.lightning.force.com/lightning/r/Opportunity/006Kf00000JOeooIAD/view"", ""AYVI S.A. de C.V. G C P Nueva carga de INFRA (CONSUMO)"")",,,Corporate,MX CORP,Migrate Modernize and Build,"Migrate, Modernize and Build",GKE/CloudRun,2026-12-07,2027-01-31,"$10,000.00",,,Priority
Ignacio Rauda,"=HYPERLINK(""https://vector.lightning.force.com/lightning/r/Account/0014M00001h36arQAA/view"", ""NUBOSOFT SERVICIOS"")","=HYPERLINK(""https://vector.lightning.force.com/lightning/r/Account/0014M00001mBEMXQA4/view"", ""Servicio Comercial Garis, S.A. de C.V."")",2,"=HYPERLINK(""https://vector.lightning.force.com/lightning/r/Workload__c/aBJKf000004ZHaQOAW/view"", ""Workload de GARIS - Gemini Enterprise"")",Jose Perez Medina,0-2: Tech Eval/Solution Dev,🔴 Capacity Gap (0 DRP Profiles),"=HYPERLINK(""https://vector.lightning.force.com/lightning/r/Opportunity/006Kf00000Opc1DIAR/view"", ""#GARIS #OUT_BOUND #GCP #Gemini_Enterprise"")","07/07 agenda con cliente y Partner para revisar avances de POC de Gemini Enterprise donde se van activar ( Data Agent ) y Clous SQL / 15/15 Finalizacion de la POC de GE, Partner contactara al cliente para mandar propuesta y agendar reunuon con cliente","=HYPERLINK(""https://vector.lightning.force.com/lightning/r/Expert_Request__c/aAuKf000000TZhxKAG/view"", ""ER-502299"")",Corporate,MX CORP,Build with AI,Gemini Enterprise for Customer Experience (Build with AI),,2026-10-19,2026-11-15,"$18,000.00",,,Priority
Ignacio Rauda,"=HYPERLINK(""https://vector.lightning.force.com/lightning/r/Account/0014M00001h36arQAA/view"", ""NUBOSOFT SERVICIOS"")","=HYPERLINK(""https://vector.lightning.force.com/lightning/r/Account/0014M00001mBLHuQAO/view"", ""Desarrollo Comercial Abarrotero, S.A. de C.V."")",2,"=HYPERLINK(""https://vector.lightning.force.com/lightning/r/Workload__c/aBJKf000009ond5OAA/view"", ""DECASA #GCP Server Migration #Nubo"")",Linnet Jáuregui,3:  Proposal / Negotiation,🟢 Ready (17 DRP Profiles),"=HYPERLINK(""https://vector.lightning.force.com/lightning/r/Opportunity/006Kf00000OYilNIAT/view"", ""DECASA #GCP #Server Migration #Nubosoft"")",,,Corporate,MX CORP,Migrate Modernize and Build,"Migrate, Modernize and Build",GKE/CloudRun,2026-11-04,2027-03-04,"$60,000.00",,,Priority
Ignacio Rauda,"=HYPERLINK(""https://vector.lightning.force.com/lightning/r/Account/0014M00001h36arQAA/view"", ""NUBOSOFT SERVICIOS"")","=HYPERLINK(""https://vector.lightning.force.com/lightning/r/Account/0014M00001hTCu5QAG/view"", ""Almer"")",2,"=HYPERLINK(""https://vector.lightning.force.com/lightning/r/Workload__c/aBJKf000009tbfhOAA/view"", ""(New 2026) Almacenadora Mercader G C P (Nubosoft)(Valeria)"")",Satoshi Falcón,3:  Proposal / Negotiation,🟢 Ready (13 DRP Profiles),"=HYPERLINK(""https://vector.lightning.force.com/lightning/r/Opportunity/006Kf00000OEAzJIAX/view"", ""(New 2026) Almacenadora Mercader G C P (Nubosoft)(Valeria)"")",,,Corporate,MX CORP,Migrate and Modernize Databases,"Migrate, Modernize, and Build with Data Cloud (Databases)","Modernize Legacy Databases (Heterogeneous - SQL Server, Oracle etc.)",2026-11-23,2026-12-14,"$64,000.00",,,Priority
Ignacio Rauda,"=HYPERLINK(""https://vector.lightning.force.com/lightning/r/Account/0014M00001h36arQAA/view"", ""NUBOSOFT SERVICIOS"")","=HYPERLINK(""https://vector.lightning.force.com/lightning/r/Account/001Kf000012fmElIAI/view"", ""Grupo Idesa, S.A. de C.V."")",2,"=HYPERLINK(""https://vector.lightning.force.com/lightning/r/Workload__c/aBJKf000009oUUWOA2/view"", ""(New) Súper Aki - Data Lake Commit 1Yr (Nubosoft)(Pablo)(Alvarado)"")",Satoshi Falcón,3:  Proposal / Negotiation,🟢 Ready (10 DRP Profiles),"=HYPERLINK(""https://vector.lightning.force.com/lightning/r/Opportunity/006Kf00000LVg15IAD/view"", ""FINAL + (New) Súper Aki - Data Lake Commit 1Yr (Nubosoft)(Pablo)(Alvarado) #Analytics"")",,"=HYPERLINK(""https://vector.lightning.force.com/lightning/r/Expert_Request__c/aAuKf000000tPLxKAM/view"", ""ER-394005"")",Corporate,MX CORP,Analytics,"Migrate, Modernize, and Build with Data Cloud (Analytics)",Migrate Data Warehouses to BigQuery,2026-10-01,2026-10-30,"$246,000.00",,,Priority
Ignacio Rauda,"=HYPERLINK(""https://vector.lightning.force.com/lightning/r/Account/0014M00001h36arQAA/view"", ""NUBOSOFT SERVICIOS"")","=HYPERLINK(""https://vector.lightning.force.com/lightning/r/Account/0014M00001hrdLnQAI/view"", ""Distribuidora de La Rosa"")",2,"=HYPERLINK(""https://vector.lightning.force.com/lightning/r/Workload__c/aBJKf0000082BWMOA2/view"", ""Workload/Megalimentos/InfranoSAP"")",Evelyn Sandoval,3:  Proposal / Negotiation,🔴 Capacity Gap (0 DRP Profiles),"=HYPERLINK(""https://vector.lightning.force.com/lightning/r/Opportunity/006Kf00000L2FuhIAF/view"", ""Megalimentos/GCP/Infra(nosap)"")",,,Corporate,MX CORP,Migrate Modernize and Build,"Migrate, Modernize and Build",Not a Solution,2026-09-07,2026-10-05,"$84,000.00",,,Priority
Ignacio Rauda,"=HYPERLINK(""https://vector.lightning.force.com/lightning/r/Account/0014M00001h36arQAA/view"", ""NUBOSOFT SERVICIOS"")","=HYPERLINK(""https://vector.lightning.force.com/lightning/r/Account/0014M000025dpmGQAQ/view"", ""Gentera"")",1,"=HYPERLINK(""https://vector.lightning.force.com/lightning/r/Workload__c/aBJKf000009WEe9OAG/view"", ""Comfu - GE app"")",Fabiola Ochoa,0-2: Tech Eval/Solution Dev,🟢 Ready (3 DRP Profiles),"=HYPERLINK(""https://vector.lightning.force.com/lightning/r/Opportunity/006Kf00000PimEgIAJ/view"", ""Comfu - GE app"")",,,Mexico,MX Large Accounts,Build with AI,Lead the Agentic Workplace Transformation (Gemini Enterprise),Gemini Enterprise,2026-10-05,,"$36,000.00",,,
Ignacio Rauda,"=HYPERLINK(""https://vector.lightning.force.com/lightning/r/Account/0014M00001h36arQAA/view"", ""NUBOSOFT SERVICIOS"")","=HYPERLINK(""https://vector.lightning.force.com/lightning/r/Account/0014M00001hTQSYQA4/view"", ""Infoselective, S.A. de C.V."")",2,"=HYPERLINK(""https://vector.lightning.force.com/lightning/r/Workload__c/aBJKf000009eSsFOAU/view"", ""Infoselective, S.A. de C.V. #GCP #Gemini Enterprice #Out #Mex"")",Paul Añez,0-2: Tech Eval/Solution Dev,🔴 Capacity Gap (0 DRP Profiles),"=HYPERLINK(""https://vector.lightning.force.com/lightning/r/Opportunity/006Kf00000Of7VkIAJ/view"", ""Infoselective, S.A. de C.V. #GCP #Gemini Enterprice #Out #Mex"")","#Enviar la cotización formal #Documentación de MCP #Agendar el Workshop (Semana 17 de Agosto) #Apoyo en el Caso de Negocio #proxima agenda lunes 17 al miércoles al 19 de agosto,",,Corporate,MX CORP,,,,2026-11-12,2026-11-16,"$18,000.00",,,
Ignacio Rauda,"=HYPERLINK(""https://vector.lightning.force.com/lightning/r/Account/0014M00001h36arQAA/view"", ""NUBOSOFT SERVICIOS"")","=HYPERLINK(""https://vector.lightning.force.com/lightning/r/Account/0014M00001heTwhQAE/view"", ""Rancho Bonanza"")",2,"=HYPERLINK(""https://vector.lightning.force.com/lightning/r/Workload__c/aBJKf000004ZNQoOAO/view"", ""Workload - Grupo Lomas #GCP#Geminis Enterprise"")",Jose Perez Medina,0-2: Tech Eval/Solution Dev,🔴 Capacity Gap (0 DRP Profiles),"=HYPERLINK(""https://vector.lightning.force.com/lightning/r/Opportunity/006Kf00000OBwc4IAD/view"", ""Grupo Lomas #GCP#Geminis Enterprise#OUT#MX"")",,,Corporate,MX CORP,Build with AI,Gemini Enterprise for Customer Experience (Build with AI),,2026-11-24,2026-11-30,"$60,000.00",,,
Ignacio Rauda,"=HYPERLINK(""https://vector.lightning.force.com/lightning/r/Account/0014M00001h36arQAA/view"", ""NUBOSOFT SERVICIOS"")","=HYPERLINK(""https://vector.lightning.force.com/lightning/r/Account/0014M00001hTCu5QAG/view"", ""Almer"")",2,"=HYPERLINK(""https://vector.lightning.force.com/lightning/r/Workload__c/aBJKf000004ZMd6OAG/view"", ""Workload - Almer - Document AI"")",Jose Perez Medina,0-2: Tech Eval/Solution Dev,🔴 Capacity Gap (0 DRP Profiles),"=HYPERLINK(""https://vector.lightning.force.com/lightning/r/Opportunity/006Kf00000OpQgoIAF/view"", ""#ALMER #OUT_BOUND #GCP #Vertex_AI"")",,,Corporate,MX CORP,Build with AI,Scale AI Apps and Agents,Partner Packaged AI Solutions,2026-11-30,2026-12-15,"$60,000.00",,,
Ignacio Rauda,"=HYPERLINK(""https://vector.lightning.force.com/lightning/r/Account/0014M00001h36arQAA/view"", ""NUBOSOFT SERVICIOS"")","=HYPERLINK(""https://vector.lightning.force.com/lightning/r/Account/0014M00001hPkSrQAK/view"", ""Vitalmex Internacional S.A de C.V."")",2,"=HYPERLINK(""https://vector.lightning.force.com/lightning/r/Workload__c/aBJKf000009eNgxOAE/view"", ""Vitalmex #Gemini"")",Jesus Gonzalez,3:  Proposal / Negotiation,🟢 Ready (3 DRP Profiles),"=HYPERLINK(""https://vector.lightning.force.com/lightning/r/Opportunity/006Kf00000OqnpTIAR/view"", ""Vitalmex - Vertex AI Search - #Gemini Enterprise"")",,,Corporate,MX CORP,Build with AI,Lead the Agentic Workplace Transformation (Gemini Enterprise),Gemini Enterprise,2026-10-05,2026-12-31,"$150,000.00",,,
Ignacio Rauda,"=HYPERLINK(""https://vector.lightning.force.com/lightning/r/Account/0014M00001h36arQAA/view"", ""NUBOSOFT SERVICIOS"")","=HYPERLINK(""https://vector.lightning.force.com/lightning/r/Account/0014M00001hXp74QAC/view"", ""Seguritech"")",2,"=HYPERLINK(""https://vector.lightning.force.com/lightning/r/Workload__c/aBJKf000009kJgsOAE/view"", ""Seguritech - Infra for Security"")",Alfredo Esqueda,0-2: Tech Eval/Solution Dev,🔴 Capacity Gap (0 DRP Profiles),"=HYPERLINK(""https://vector.lightning.force.com/lightning/r/Opportunity/006Kf00000MvuBgIAJ/view"", ""SEGURITECH PRIVADA S.A. de C.V. G C P"")",The partner Nubo is working with the customer,,Corporate,MX CORP,Migrate Modernize and Build,"Migrate, Modernize and Build",Not a Solution,2026-09-29,2026-10-16,"$360,000.00",,,
Ignacio Rauda,"=HYPERLINK(""https://vector.lightning.force.com/lightning/r/Account/0014M00001h36arQAA/view"", ""NUBOSOFT SERVICIOS"")","=HYPERLINK(""https://vector.lightning.force.com/lightning/r/Account/0014M00001wv5ekQAA/view"", ""HR Ratings"")",2,"=HYPERLINK(""https://vector.lightning.force.com/lightning/r/Workload__c/aBJKf000009kJgiOAE/view"", ""HR Ratings - Predictive Analytics"")",Alfredo Esqueda,0-2: Tech Eval/Solution Dev,🟢 Ready (10 DRP Profiles),"=HYPERLINK(""https://vector.lightning.force.com/lightning/r/Opportunity/006Kf00000P5omZIAR/view"", ""Predictive Analytics"")",Waiting for the Infra side to be ready first,,Corporate,MX CORP,Analytics,The Agentic Data Cloud,"Marketing Data Foundation, Marketing Analytics",2026-09-22,2026-09-28,"$240,000.00",,,
Ignacio Rauda,"=HYPERLINK(""https://vector.lightning.force.com/lightning/r/Account/0014M00001h36arQAA/view"", ""NUBOSOFT SERVICIOS"")","=HYPERLINK(""https://vector.lightning.force.com/lightning/r/Account/0014M00001wv5ekQAA/view"", ""HR Ratings"")",2,"=HYPERLINK(""https://vector.lightning.force.com/lightning/r/Workload__c/aBJKf000009kJPcOAM/view"", ""HR Ratings - Infra Mod"")",Alfredo Esqueda,3:  Proposal / Negotiation,🟢 Ready (17 DRP Profiles),"=HYPERLINK(""https://vector.lightning.force.com/lightning/r/Opportunity/006Kf00000OBDsFIAX/view"", ""HR Ratings - Infra Mod"")",Closing the Commit to start working,,Corporate,MX CORP,Migrate Modernize and Build,"Migrate, Modernize and Build",GKE/CloudRun,2026-09-30,2026-10-09,"$180,000.00",,,
Ignacio Rauda,"=HYPERLINK(""https://vector.lightning.force.com/lightning/r/Account/0014M00001h36arQAA/view"", ""NUBOSOFT SERVICIOS"")","=HYPERLINK(""https://vector.lightning.force.com/lightning/r/Account/0014M00001hPkSrQAK/view"", ""Vitalmex Internacional S.A de C.V."")",2,"=HYPERLINK(""https://vector.lightning.force.com/lightning/r/Workload__c/aBJKf000009eN61OAE/view"", ""Vitalmex - Wiz"")",Jesus Gonzalez,0-2: Tech Eval/Solution Dev,🔴 Capacity Gap (0 DRP Profiles),"=HYPERLINK(""https://vector.lightning.force.com/lightning/r/Opportunity/006Kf00000OqegXIAR/view"", ""Vitalmex - Wiz"")",,,Corporate,MX CORP,Security,Cybershield,Security Workload,2026-09-21,2026-09-30,"$40,000.00",,,
Ignacio Rauda,"=HYPERLINK(""https://vector.lightning.force.com/lightning/r/Account/0014M00001h36arQAA/view"", ""NUBOSOFT SERVICIOS"")","=HYPERLINK(""https://vector.lightning.force.com/lightning/r/Account/0014M00001mBEMXQA4/view"", ""Servicio Comercial Garis, S.A. de C.V."")",2,"=HYPERLINK(""https://vector.lightning.force.com/lightning/r/Workload__c/aBJKf000004ZJ2JOAW/view"", ""Worload de Garis BD- Cloud SQL"")",Jose Perez Medina,0-2: Tech Eval/Solution Dev,🟡 Constrained (1 DRP Profile),"=HYPERLINK(""https://vector.lightning.force.com/lightning/r/Opportunity/006Kf00000OpuE5IAJ/view"", ""#GARIS #OUT_BOUND #GCP #Cloud_SQL"")","07/07 agenda con cliente y Partner para revisar avances de POC de Gemini Enterprise donde se van activar ( Data Agent ) y Clous SQL / 15/07 Finalizacion de la POC de GE, Partner contactara al cliente para mandar propuesta y agendar reunuon con cliente",,Corporate,MX CORP,Migrate and Modernize Databases,"Migrate, Modernize, and Build with Data Cloud (Databases)","Move to Managed Databases (Homogeneous - Cloud SQL, AlloyDB, Firestore)",2026-10-20,2026-11-16,"$60,000.00",,,
Ignacio Rauda,"=HYPERLINK(""https://vector.lightning.force.com/lightning/r/Account/0014M00001h36arQAA/view"", ""NUBOSOFT SERVICIOS"")","=HYPERLINK(""https://vector.lightning.force.com/lightning/r/Account/0014M00001hcLESQA2/view"", ""Métrica Móvil, S.A. de C.V."")",1,"=HYPERLINK(""https://vector.lightning.force.com/lightning/r/Workload__c/aBJKf000009W7JOOA0/view"", ""MétricaMóvil#Databases#SQLServertoAlloyDB"")",Juan José Cué,4.3: Migrated/Implemented,🟢 Ready (13 DRP Profiles),"=HYPERLINK(""https://vector.lightning.force.com/lightning/r/Opportunity/006Kf00000Oee1yIAB/view"", ""MetricaMovil#Databases#SQLServertoAlloyDB #GOLD"")",,"=HYPERLINK(""https://vector.lightning.force.com/lightning/r/Expert_Request__c/aAuKf000000TTgjKAG/view"", ""ER-474952"")",Mexico,MX DN,Migrate and Modernize Databases,"Migrate, Modernize, and Build with Data Cloud (Databases)","Modernize Legacy Databases (Heterogeneous - SQL Server, Oracle etc.)",2026-06-26,2026-07-27,"$51,000.00",,,
Ignacio Rauda,"=HYPERLINK(""https://vector.lightning.force.com/lightning/r/Account/0014M00001h36arQAA/view"", ""NUBOSOFT SERVICIOS"")","=HYPERLINK(""https://vector.lightning.force.com/lightning/r/Account/0014M00001sdv7xQAA/view"", ""Blumon Pay"")",2,"=HYPERLINK(""https://vector.lightning.force.com/lightning/r/Workload__c/aBJKf000009okz6OAA/view"", ""Klu 2026 WL1 AWS Migration"")",Edgar Torres,3:  Proposal / Negotiation,🟢 Ready (17 DRP Profiles),"=HYPERLINK(""https://vector.lightning.force.com/lightning/r/Opportunity/006Kf00000OXzJuIAL/view"", ""Klu 2026 WL1 AWS Migration"")",,,Mexico,MX DN,Migrate Modernize and Build,"Migrate, Modernize and Build",GKE/CloudRun,2026-08-31,2026-09-15,"$500,000.00",,,
Ignacio Rauda,"=HYPERLINK(""https://vector.lightning.force.com/lightning/r/Account/0014M00001h36arQAA/view"", ""NUBOSOFT SERVICIOS"")","=HYPERLINK(""https://vector.lightning.force.com/lightning/r/Account/0014M00001m2U0GQAU/view"", ""Tecnomotum, S.A.P.I. de C.V."")",1,"=HYPERLINK(""https://vector.lightning.force.com/lightning/r/Workload__c/aBJKf000009okywOAA/view"", ""Tecnomotum WL2 IA- Gemini Enterprise"")",Edgar Torres,0-2: Tech Eval/Solution Dev,🔴 Capacity Gap (0 DRP Profiles),"=HYPERLINK(""https://vector.lightning.force.com/lightning/r/Opportunity/006Kf00000OXzJVIA1/view"", ""Tecnomotum 2026 WL2 IA- Gemini Enterprise"")",,,Mexico,MX DN,,,,,,$50.00,,,
Ignacio Rauda,"=HYPERLINK(""https://vector.lightning.force.com/lightning/r/Account/0014M00001h36arQAA/view"", ""NUBOSOFT SERVICIOS"")","=HYPERLINK(""https://vector.lightning.force.com/lightning/r/Account/0014M00001lUtYEQA0/view"", ""Grupo Vizion"")",2,"=HYPERLINK(""https://vector.lightning.force.com/lightning/r/Workload__c/aBJKf000009ogrIOAQ/view"", ""BigQuery Migration - Vizion"")",Evelyn Sandoval,3:  Proposal / Negotiation,🟢 Ready (10 DRP Profiles),"=HYPERLINK(""https://vector.lightning.force.com/lightning/r/Opportunity/006Kf00000KrMkHIAV/view"", ""GrupoVizion/GCP/Looker&BQ"")",,,Corporate,MX CORP,Analytics,"Migrate, Modernize, and Build with Data Cloud (Analytics)",Migrate Data Warehouses to BigQuery,2026-09-28,2026-11-30,"$60,000.00",,,
Ignacio Rauda,"=HYPERLINK(""https://vector.lightning.force.com/lightning/r/Account/0014M00001h36arQAA/view"", ""NUBOSOFT SERVICIOS"")","=HYPERLINK(""https://vector.lightning.force.com/lightning/r/Account/0014M00001hrdLnQAI/view"", ""Distribuidora de La Rosa"")",2,"=HYPERLINK(""https://vector.lightning.force.com/lightning/r/Workload__c/aBJKf000006MeJjOAK/view"", ""BQ"")",Fabiola Ochoa,4.3: Migrated/Implemented,🟢 Ready (10 DRP Profiles),"=HYPERLINK(""https://vector.lightning.force.com/lightning/r/Opportunity/006Kf00000M2SaYIAV/view"", ""Megalimentos/GCP/BQ"")",,,Corporate,MX CORP,Analytics,,,2025-10-30,2025-10-31,"$26,500.00",,,
Ignacio Rauda,"=HYPERLINK(""https://vector.lightning.force.com/lightning/r/Account/0014M00001h36arQAA/view"", ""NUBOSOFT SERVICIOS"")","=HYPERLINK(""https://vector.lightning.force.com/lightning/r/Account/0014M00001wv5ekQAA/view"", ""HR Ratings"")",2,"=HYPERLINK(""https://vector.lightning.force.com/lightning/r/Workload__c/aBJKf000009oc76OAA/view"", ""HR Ratigns- Agentspace"")",Alfredo Esqueda,4.3: Migrated/Implemented,🔴 Capacity Gap (0 DRP Profiles),"=HYPERLINK(""https://vector.lightning.force.com/lightning/r/Opportunity/006Kf00000Liv4pIAB/view"", ""Agenstpace-HRRatings 600 seats"")",,,Corporate,MX CORP,Build with AI,,,2025-09-19,2025-10-10,"$150,000.00",,,
Ignacio Rauda,"=HYPERLINK(""https://vector.lightning.force.com/lightning/r/Account/0014M00001h36arQAA/view"", ""NUBOSOFT SERVICIOS"")","=HYPERLINK(""https://vector.lightning.force.com/lightning/r/Account/0014M00001hXp74QAC/view"", ""Seguritech"")",2,"=HYPERLINK(""https://vector.lightning.force.com/lightning/r/Workload__c/aBJKf000009oYz9OAE/view"", ""Seguritech-Saimon"")",Alfredo Esqueda,4.3: Migrated/Implemented,🔴 Capacity Gap (0 DRP Profiles),"=HYPERLINK(""https://vector.lightning.force.com/lightning/r/Opportunity/006Kf00000MvuBgIAJ/view"", ""SEGURITECH PRIVADA S.A. de C.V. G C P"")",,,Corporate,MX CORP,Migrate Modernize and Build,,Not a Solution,2026-04-30,2026-06-30,"$170,000.00",,,
Ignacio Rauda,"=HYPERLINK(""https://vector.lightning.force.com/lightning/r/Account/0014M00001uc5SvQAI/view"", ""NUBOSOFT SPAIN SERVICIOS INFORMATICOS, SOCIEDAD LIMITADA"")","=HYPERLINK(""https://vector.lightning.force.com/lightning/r/Account/0014M00001wv5ekQAA/view"", ""HR Ratings"")",2,"=HYPERLINK(""https://vector.lightning.force.com/lightning/r/Workload__c/aBJKf000009oYcyOAE/view"", ""HR Ratigns- AS - Code"")",Alfredo Esqueda,4.3: Migrated/Implemented,🔴 Capacity Gap (0 DRP Profiles),,,,Corporate,MX CORP,Migrate Modernize and Build,,,2025-09-26,2025-10-09,"$450,000.00",,,
Ignacio Rauda,"=HYPERLINK(""https://vector.lightning.force.com/lightning/r/Account/0014M00001h36arQAA/view"", ""NUBOSOFT SERVICIOS"")","=HYPERLINK(""https://vector.lightning.force.com/lightning/r/Account/0014M00001hSQjlQAG/view"", ""Seguritech"")",2,"=HYPERLINK(""https://vector.lightning.force.com/lightning/r/Workload__c/aBJKf000009oYcfOAE/view"", ""Seguritech-Agentspace"")",Alfredo Esqueda,4.3: Migrated/Implemented,🔴 Capacity Gap (0 DRP Profiles),,,,Corporate,MX CORP,Build with AI,,,2025-09-30,2025-10-01,"$200,000.00",,,
Ignacio Rauda,"=HYPERLINK(""https://vector.lightning.force.com/lightning/r/Account/0014M00001h36arQAA/view"", ""NUBOSOFT SERVICIOS"")","=HYPERLINK(""https://vector.lightning.force.com/lightning/r/Account/0014M00001hPssbQAC/view"", ""Grupo Farmapronto"")",2,"=HYPERLINK(""https://vector.lightning.force.com/lightning/r/Workload__c/aBJKf000009oYckOAE/view"", ""Farmarponto-Agentspace"")",Alfredo Esqueda,4.3: Migrated/Implemented,🔴 Capacity Gap (0 DRP Profiles),"=HYPERLINK(""https://vector.lightning.force.com/lightning/r/Opportunity/006Kf00000KOxOOIA1/view"", ""Farmarponto-#Agentspace"")",,,Corporate,MX CORP,Build with AI,,,2025-10-10,2025-12-12,"$140,000.00",,,
Ignacio Rauda,"=HYPERLINK(""https://vector.lightning.force.com/lightning/r/Account/0014M00001h36arQAA/view"", ""NUBOSOFT SERVICIOS"")","=HYPERLINK(""https://vector.lightning.force.com/lightning/r/Account/0014M00001hPkSrQAK/view"", ""Vitalmex Internacional S.A de C.V."")",2,"=HYPERLINK(""https://vector.lightning.force.com/lightning/r/Workload__c/aBJKf000006MaAnOAK/view"", ""Maquina pequeña INFRA"")",Fabiola Ochoa,4.3: Migrated/Implemented,🔴 Capacity Gap (0 DRP Profiles),"=HYPERLINK(""https://vector.lightning.force.com/lightning/r/Opportunity/006Kf00000JaKYyIAN/view"", ""Vitalmex Internacional #SCC #OUT #MX"")",,,Corporate,MX CORP,Migrate Modernize and Build,,,2025-07-10,2025-10-10,"$14,400.00",,,
Ignacio Rauda,"=HYPERLINK(""https://vector.lightning.force.com/lightning/r/Account/0014M00001h36arQAA/view"", ""NUBOSOFT SERVICIOS"")","=HYPERLINK(""https://vector.lightning.force.com/lightning/r/Account/0014M00001hcKfXQAU/view"", ""Refaccionaria Rogelio S.A. de C.V."")",2,"=HYPERLINK(""https://vector.lightning.force.com/lightning/r/Workload__c/aBJKf000009oSyAOAU/view"", ""(New) Refaccionaria Rogelio G C P (Infra)(Nubo)(DAF)"")",Satoshi Falcón,4.3: Migrated/Implemented,🟢 Ready (17 DRP Profiles),"=HYPERLINK(""https://vector.lightning.force.com/lightning/r/Opportunity/006Kf00000JOyfDIAT/view"", ""Refaccionaria Rogelio G C P"")",,,Corporate,MX CORP,Migrate Modernize and Build,"Migrate, Modernize and Build",GKE/CloudRun,2025-05-21,2025-07-31,"$40,000.00",,,
Ignacio Rauda,"=HYPERLINK(""https://vector.lightning.force.com/lightning/r/Account/0014M00001h36arQAA/view"", ""NUBOSOFT SERVICIOS"")","=HYPERLINK(""https://vector.lightning.force.com/lightning/r/Account/0014M00001hcLESQA2/view"", ""Métrica Móvil, S.A. de C.V."")",1,"=HYPERLINK(""https://vector.lightning.force.com/lightning/r/Workload__c/aBJKf0000082BdrOAE/view"", ""MM Data & GenAI"")",Luis Cabrera,4.3: Migrated/Implemented,🟢 Ready (10 DRP Profiles),"=HYPERLINK(""https://vector.lightning.force.com/lightning/r/Opportunity/006Kf00000L2RGkIAN/view"", ""MM - 2026 new workloads"")",,"ER-423594, ER-423595, ER-423596, ER-423597",Mexico,MX DN,Analytics,"Migrate, Modernize, and Build with Data Cloud (Analytics)",Migrate Data Warehouses to BigQuery,2025-09-26,2025-11-28,"$80,000.00",,,
Ignacio Rauda,"=HYPERLINK(""https://vector.lightning.force.com/lightning/r/Account/0014M00001h36arQAA/view"", ""NUBOSOFT SERVICIOS"")","=HYPERLINK(""https://vector.lightning.force.com/lightning/r/Account/0014M00001mBEMXQA4/view"", ""Servicio Comercial Garis, S.A. de C.V."")",2,"=HYPERLINK(""https://vector.lightning.force.com/lightning/r/Workload__c/aBJKf000009oRMyOAM/view"", ""(Final) Garis - Looker- Embedded Retail (Nubosoft)(Mike)"")",Satoshi Falcón,4.3: Migrated/Implemented,🟢 Ready (10 DRP Profiles),"=HYPERLINK(""https://vector.lightning.force.com/lightning/r/Opportunity/006Kf00000Kp78NIAR/view"", ""(Final) Garis - Looker- Embedded Retail (Nubosoft)(Mike)"")","19/3 Sync junto a Miguel Herrera para así concluir últimos detalle de opty, propuesta y consumo ya activo de dicha solución. Oppty pasa a Closed Won",,Corporate,MX CORP,Analytics,"Migrate, Modernize, and Build with Data Cloud (Analytics)",Migrate Data Warehouses to BigQuery,2025-04-04,2025-05-05,"$60,000.00",,,
Ignacio Rauda,"=HYPERLINK(""https://vector.lightning.force.com/lightning/r/Account/0014M00001h36arQAA/view"", ""NUBOSOFT SERVICIOS"")","=HYPERLINK(""https://vector.lightning.force.com/lightning/r/Account/0014M00002107E4QAI/view"", ""Tecnológico Nacional de México"")",1,"=HYPERLINK(""https://vector.lightning.force.com/lightning/r/Workload__c/aBJKf000006MX2vOAG/view"", ""TECNOLOGICO NACIONAL DE MEXICO GCP Papaloapan (2.4k ACV)"")",Lauro Garcia,4.3: Migrated/Implemented,🟢 Ready (17 DRP Profiles),"=HYPERLINK(""https://vector.lightning.force.com/lightning/r/Opportunity/006Kf00000KYwf5IAD/view"", ""TECNOLOGICO NACIONAL DE MEXICO G C P"")",,,PS,EDU PS,Migrate Modernize and Build,"Migrate, Modernize and Build",GKE/CloudRun,2025-04-18,2025-05-09,"$2,400.00",,,
Ignacio Rauda,"=HYPERLINK(""https://vector.lightning.force.com/lightning/r/Account/0014M00001h36arQAA/view"", ""NUBOSOFT SERVICIOS"")","=HYPERLINK(""https://vector.lightning.force.com/lightning/r/Account/0014M00001h3Qe9QAE/view"", ""Industrias Cklass, S. de R.L. de C.V."")",2,"=HYPERLINK(""https://vector.lightning.force.com/lightning/r/Workload__c/aBJKf000006ABVzOAO/view"", ""(New) Cklass - #DataAnalytics #Q3RevAcc (Nubosoft)(Armando)(Fabi)"")",Claudia Cermeli,3:  Proposal / Negotiation,🟢 Ready (10 DRP Profiles),"=HYPERLINK(""https://vector.lightning.force.com/lightning/r/Opportunity/006Kf00000JOwzLIAT/view"", ""Cklass W S G C P"")",,,Corporate,MX CORP,Analytics,"Migrate, Modernize, and Build with Data Cloud (Analytics)",Migrate Data Warehouses to BigQuery,2026-11-06,2026-12-31,"$60,000.00",,,
Ignacio Rauda,"=HYPERLINK(""https://vector.lightning.force.com/lightning/r/Account/0014M00001h36arQAA/view"", ""NUBOSOFT SERVICIOS"")","=HYPERLINK(""https://vector.lightning.force.com/lightning/r/Account/0014M00001uGDLuQAO/view"", ""Movimedical"")",2,"=HYPERLINK(""https://vector.lightning.force.com/lightning/r/Workload__c/aBJKf000006AB0mOAG/view"", ""Movimedical#GCP#SecurityCommandCenter"")",Ronny Jose Vieira Prepo,4.3: Migrated/Implemented,🔴 Capacity Gap (0 DRP Profiles),"=HYPERLINK(""https://vector.lightning.force.com/lightning/r/Opportunity/006Kf00000JC4sFIAT/view"", ""Movimedical#GCP#SecurityCommandCenter #RV"")",,"=HYPERLINK(""https://vector.lightning.force.com/lightning/r/Expert_Request__c/aAuKf000000PEcAKAW/view"", ""ER-445015"")",Corporate,MX CORP,Migrate Modernize and Build,"Migrate, Modernize and Build",Mainframe,2025-03-03,2025-04-01,"$12,000.00",,,
Ignacio Rauda,"=HYPERLINK(""https://vector.lightning.force.com/lightning/r/Account/0014M00001h36arQAA/view"", ""NUBOSOFT SERVICIOS"")","=HYPERLINK(""https://vector.lightning.force.com/lightning/r/Account/0014M00001hcLESQA2/view"", ""Métrica Móvil, S.A. de C.V."")",1,"=HYPERLINK(""https://vector.lightning.force.com/lightning/r/Workload__c/aBJKf00000828HdOAI/view"", ""App Mod - Metrica Movil"")",Luis Cabrera,4.3: Migrated/Implemented,🟢 Ready (17 DRP Profiles),"=HYPERLINK(""https://vector.lightning.force.com/lightning/r/Opportunity/006Kf00000J9GWQIA3/view"", ""Métrica Móvil - Vertex AI Model Garden - Gemini"")",,,Mexico,MX DN,Migrate Modernize and Build,"Migrate, Modernize and Build",GKE/CloudRun,2025-02-21,2025-05-20,"$55,000.00",,,
Ignacio Rauda,"=HYPERLINK(""https://vector.lightning.force.com/lightning/r/Account/0014M00001h36arQAA/view"", ""NUBOSOFT SERVICIOS"")","=HYPERLINK(""https://vector.lightning.force.com/lightning/r/Account/0014M00001hcLESQA2/view"", ""Métrica Móvil, S.A. de C.V."")",1,"=HYPERLINK(""https://vector.lightning.force.com/lightning/r/Workload__c/aBJKf00000828HYOAY/view"", ""BQ Editions - Metrica Movil"")",Luis Cabrera,4.3: Migrated/Implemented,🟢 Ready (10 DRP Profiles),"=HYPERLINK(""https://vector.lightning.force.com/lightning/r/Opportunity/006Kf00000J9GWQIA3/view"", ""Métrica Móvil - Vertex AI Model Garden - Gemini"")",,,Mexico,MX DN,Analytics,"Migrate, Modernize, and Build with Data Cloud (Analytics)",Migrate Data Warehouses to BigQuery,2025-02-07,2025-05-16,"$47,000.00",,,
Ignacio Rauda,"=HYPERLINK(""https://vector.lightning.force.com/lightning/r/Account/0014M00001h36arQAA/view"", ""NUBOSOFT SERVICIOS"")","=HYPERLINK(""https://vector.lightning.force.com/lightning/r/Account/0014M00001uGDLuQAO/view"", ""Movimedical"")",2,"=HYPERLINK(""https://vector.lightning.force.com/lightning/r/Workload__c/aBJKf00000827jMOAQ/view"", ""Workload/Movi/GCP"")",Evelyn Sandoval,4.3: Migrated/Implemented,🔴 Capacity Gap (0 DRP Profiles),"=HYPERLINK(""https://vector.lightning.force.com/lightning/r/Opportunity/006Kf00000JaLy5IAF/view"", ""Movimedical/GCP/TACO"")",,,Corporate,MX CORP,Migrate Modernize and Build,,,2025-03-02,2025-05-30,"$132,000.00",,,
Ignacio Rauda,"=HYPERLINK(""https://vector.lightning.force.com/lightning/r/Account/0014M00001h36arQAA/view"", ""NUBOSOFT SERVICIOS"")","=HYPERLINK(""https://vector.lightning.force.com/lightning/r/Account/0014M00001hrdLnQAI/view"", ""Distribuidora de La Rosa"")",2,"=HYPERLINK(""https://vector.lightning.force.com/lightning/r/Workload__c/aBJKf00000827jROAQ/view"", ""Workload/Megalimentos/GCP/Data"")",Fabiola Ochoa,4.3: Migrated/Implemented,🟢 Ready (10 DRP Profiles),"=HYPERLINK(""https://vector.lightning.force.com/lightning/r/Opportunity/006Kf00000JaOQeIAN/view"", ""Mega Alimentos G C P"")",,"=HYPERLINK(""https://vector.lightning.force.com/lightning/r/Expert_Request__c/aAuKf000000PEc0KAG/view"", ""ER-445012"")",Corporate,MX CORP,Analytics,The Agentic Data Cloud,Cortex Framework,2025-09-01,2025-11-03,"$60,000.00",,,
Ignacio Rauda,"=HYPERLINK(""https://vector.lightning.force.com/lightning/r/Account/0014M00001h36arQAA/view"", ""NUBOSOFT SERVICIOS"")","=HYPERLINK(""https://vector.lightning.force.com/lightning/r/Account/0014M00001h3zIVQAY/view"", ""Operadora Futurama, S.A. de C.V."")",2,"=HYPERLINK(""https://vector.lightning.force.com/lightning/r/Workload__c/aBJKf000009srpBOAQ/view"", ""Alsuper Migracion a GCP"")",Georgina Contreras,4.3: Migrated/Implemented,🟢 Ready (17 DRP Profiles),"=HYPERLINK(""https://vector.lightning.force.com/lightning/r/Opportunity/006Kf00000JOYvjIAH/view"", ""Alsuper #GCP #DataAnalytics PAY AS YOU GO"")",,,Corporate,MX CORP,Migrate Modernize and Build,"Migrate, Modernize and Build",GKE/CloudRun,2025-02-03,2025-02-28,"$78,144.00",,,
Ignacio Rauda,"=HYPERLINK(""https://vector.lightning.force.com/lightning/r/Account/0014M00002JXkn6QAD/view"", ""U CLOUD STORE MÉXICO"")","=HYPERLINK(""https://vector.lightning.force.com/lightning/r/Account/0014M00001hSJj5QAG/view"", ""Tiendas Garcés SA de C'V"")",2,"=HYPERLINK(""https://vector.lightning.force.com/lightning/r/Workload__c/aBJKf000004ZMcDOAW/view"", ""Tiendas Garces - Workload - Compute Engine"")",Jose Perez Medina,0-2: Tech Eval/Solution Dev,🔴 Capacity Gap (0 DRP Profiles),"=HYPERLINK(""https://vector.lightning.force.com/lightning/r/Opportunity/006Kf00000OBRS7IAP/view"", ""Tiendas Garcés SA de CV #GCP#Compute Engine#OUT #MX"")",,,Corporate,MX CORP,Migrate Modernize and Build,High Performance Computing (HPC),,2026-11-30,2026-12-15,"$40,000.00",,,Priority
Ignacio Rauda,"=HYPERLINK(""https://vector.lightning.force.com/lightning/r/Account/0014M00002JXkn6QAD/view"", ""U CLOUD STORE MÉXICO"")","=HYPERLINK(""https://vector.lightning.force.com/lightning/r/Account/0014M00001hLUTCQA4/view"", ""COBEGA, SA"")",2,"=HYPERLINK(""https://vector.lightning.force.com/lightning/r/Workload__c/aBJKf000009eBwVOAU/view"", ""COBEGA Workload Gemini Enterprise ( NotebookLM )"")",Jose Perez Medina,3:  Proposal / Negotiation,🔴 Capacity Gap (0 DRP Profiles),"=HYPERLINK(""https://vector.lightning.force.com/lightning/r/Opportunity/006Kf00000OlVpFIAV/view"", ""COBEGA, SA"")","Se finaliza POC de GE y se activan 17 licencias de Notebook LM, Alineando reunion con Partner para tener nuevo estatus.",,Corporate,MX CORP,Build with AI,Gemini Enterprise for Customer Experience (Build with AI),AI Search & Specialized AI,2026-09-29,2026-09-30,"$18,000.00",,,Priority
Ignacio Rauda,"=HYPERLINK(""https://vector.lightning.force.com/lightning/r/Account/0014M00002JXkn6QAD/view"", ""U CLOUD STORE MÉXICO"")","=HYPERLINK(""https://vector.lightning.force.com/lightning/r/Account/0014M00001m8c3wQAA/view"", ""Alianza Trayecto"")",2,"=HYPERLINK(""https://vector.lightning.force.com/lightning/r/Workload__c/aBJKf000004ZMcSOAW/view"", ""Alianza Trayecto - Workload - GE"")",Satoshi Falcón,0-2: Tech Eval/Solution Dev,🔴 Capacity Gap (0 DRP Profiles),"=HYPERLINK(""https://vector.lightning.force.com/lightning/r/Opportunity/006Kf00000OqFlnIAF/view"", ""#ALIANZA_TRAYECTO #OUT_BOUND #VERTEX_AI"")",,,Corporate,MX CORP,Build with AI,Gemini Enterprise for Customer Experience (Build with AI),AI Search & Specialized AI,2026-10-27,2026-11-10,"$60,000.00",,,
Ignacio Rauda,"=HYPERLINK(""https://vector.lightning.force.com/lightning/r/Account/0014M00002JXkn6QAD/view"", ""U CLOUD STORE MÉXICO"")","=HYPERLINK(""https://vector.lightning.force.com/lightning/r/Account/0014M00001hSJj5QAG/view"", ""Tiendas Garcés SA de C'V"")",2,"=HYPERLINK(""https://vector.lightning.force.com/lightning/r/Workload__c/aBJKf000004ZMc3OAG/view"", ""Workload - Tiendas Garces - GE"")",Jose Perez Medina,0-2: Tech Eval/Solution Dev,🔴 Capacity Gap (0 DRP Profiles),"=HYPERLINK(""https://vector.lightning.force.com/lightning/r/Opportunity/006Kf00000OABR7IAP/view"", ""Tiendas Garcés #GCP#Gemini Enterprise #OUT#MX"")",,,Corporate,MX CORP,Build with AI,Gemini Enterprise for Customer Experience (Build with AI),,2026-11-23,2026-12-15,"$60,000.00",,,
Ignacio Rauda,"=HYPERLINK(""https://vector.lightning.force.com/lightning/r/Account/0014M00002JXkn6QAD/view"", ""U CLOUD STORE MÉXICO"")","=HYPERLINK(""https://vector.lightning.force.com/lightning/r/Account/0014M00001hSJj5QAG/view"", ""Tiendas Garcés SA de C'V"")",2,"=HYPERLINK(""https://vector.lightning.force.com/lightning/r/Workload__c/aBJKf000004ZMO0OAO/view"", ""Workload - Tiendas Garcés - GCP- Data Analytic-Biqueri"")",Jose Perez Medina,0-2: Tech Eval/Solution Dev,🔴 Capacity Gap (0 DRP Profiles),"=HYPERLINK(""https://vector.lightning.force.com/lightning/r/Opportunity/006Kf00000O97NGIAZ/view"", ""Tiendas Garcés #GCP#Data Analytic-Biqueri #OUT #MX"")","24/07 revisando primero tema de Cibersegurida, se coordino con cliente tocarlo en siguiente sesiones.",,Corporate,MX CORP,Analytics,"Migrate, Modernize, and Build with Data Cloud (Analytics)",,2026-11-23,2026-12-07,"$64,000.00",,,
Ignacio Rauda,"=HYPERLINK(""https://vector.lightning.force.com/lightning/r/Account/0014M00002JXkn6QAD/view"", ""U CLOUD STORE MÉXICO"")","=HYPERLINK(""https://vector.lightning.force.com/lightning/r/Account/0014M00001m8c3wQAA/view"", ""Alianza Trayecto"")",2,"=HYPERLINK(""https://vector.lightning.force.com/lightning/r/Workload__c/aBJKf000004ZMOFOA4/view"", ""Workload - ALIANZA_TRAYECTO #GCP - BigQuery"")",Satoshi Falcón,0-2: Tech Eval/Solution Dev,🔴 Capacity Gap (0 DRP Profiles),"=HYPERLINK(""https://vector.lightning.force.com/lightning/r/Opportunity/006Kf00000Oqe2rIAB/view"", ""#ALIANZA_TRAYECTO #OUT_BOUND #GCP #BigQuery"")","Reagendando reunion con cliente marcada para el 09/07, nos pide contactar la semana del 20/07",,Corporate,MX CORP,Analytics,"Migrate, Modernize, and Build with Data Cloud (Analytics)",Migrate Data Warehouses to BigQuery,2026-11-16,2026-11-27,"$60,000.00",,,
Ignacio Rauda,"=HYPERLINK(""https://vector.lightning.force.com/lightning/r/Account/0014M00002JXkn6QAD/view"", ""U CLOUD STORE MÉXICO"")","=HYPERLINK(""https://vector.lightning.force.com/lightning/r/Account/0014M00001m8c3wQAA/view"", ""Alianza Trayecto"")",2,"=HYPERLINK(""https://vector.lightning.force.com/lightning/r/Workload__c/aBJKf000004ZKTuOAO/view"", ""Workload - Alianza Trayecto -  Gemini Enterprise"")",Satoshi Falcón,0-2: Tech Eval/Solution Dev,🔴 Capacity Gap (0 DRP Profiles),"=HYPERLINK(""https://vector.lightning.force.com/lightning/r/Opportunity/006Kf00000OqFmvIAF/view"", ""#ALIANZA_TRAYECTO #OUT_BOUND #GEMINI_ENTERPRISE"")",Esperando respuesta del cliente para re-agendar la reunion del dia Jueves 09/07 para mostrar casos de uso de GE,,Corporate,MX CORP,Build with AI,Gemini Enterprise for Customer Experience (Build with AI),,2026-10-20,2026-10-30,"$36,000.00",,,
Ignacio Rauda,"=HYPERLINK(""https://vector.lightning.force.com/lightning/r/Account/0014M00002JXkn6QAD/view"", ""U CLOUD STORE MÉXICO"")","=HYPERLINK(""https://vector.lightning.force.com/lightning/r/Account/0014M00001hSJjdQAG/view"", ""Grupo Garza Ponce"")",2,"=HYPERLINK(""https://vector.lightning.force.com/lightning/r/Workload__c/aBJKf000009eDKrOAM/view"", ""GP - Looker v3"")",Jesus Gonzalez,4.3: Migrated/Implemented,🔴 Capacity Gap (0 DRP Profiles),"=HYPERLINK(""https://vector.lightning.force.com/lightning/r/Opportunity/006Kf00000NS8DFIA1/view"", ""Garza Ponce 3 - Looker - Dashboards Obras"")",,,Corporate,MX CORP,Analytics,The Agentic Data Cloud,Cloud BI and Embed Analytics (Looker),2026-04-06,2026-06-12,"$35,055.00",,,
Ignacio Rauda,"=HYPERLINK(""https://vector.lightning.force.com/lightning/r/Account/0014M00002JXkn6QAD/view"", ""U CLOUD STORE MÉXICO"")","=HYPERLINK(""https://vector.lightning.force.com/lightning/r/Account/0014M00002RPcdoQAD/view"", ""Pay As You Drive Technologies"")",2,"=HYPERLINK(""https://vector.lightning.force.com/lightning/r/Workload__c/aBJKf0000082Ss5OAE/view"", ""Miituo # GCE # NW"")",Luis Alonso Contreras,4.3: Migrated/Implemented,🔴 Capacity Gap (0 DRP Profiles),"=HYPERLINK(""https://vector.lightning.force.com/lightning/r/Opportunity/006Kf00000OSUyKIAX/view"", ""Miituo - Migración GCE"")",,"=HYPERLINK(""https://vector.lightning.force.com/lightning/r/Expert_Request__c/aAuKf000000TTboKAG/view"", ""ER-474515"")",Mexico,MX DN,Migrate Modernize and Build,"Migrate, Modernize and Build",Linux,2026-08-01,2026-08-22,"$69,118.20",,,
Ignacio Rauda,"=HYPERLINK(""https://vector.lightning.force.com/lightning/r/Account/0014M00002JXkn6QAD/view"", ""U CLOUD STORE MÉXICO"")","=HYPERLINK(""https://vector.lightning.force.com/lightning/r/Account/0014M00001hbKrzQAE/view"", ""Knotion, S.A. de C.V."")",1,"=HYPERLINK(""https://vector.lightning.force.com/lightning/r/Workload__c/aBJKf0000082SiKOAU/view"", ""Knotion gWIZ 20k ACV #FSR Coordinated"")",Lauro Garcia,4.3: Migrated/Implemented,🔴 Capacity Gap (0 DRP Profiles),"=HYPERLINK(""https://vector.lightning.force.com/lightning/r/Opportunity/006Kf00000N5w52IAB/view"", ""Knotion gWIZ 20k ACV #FSR Coordinated"")","LG Apr6: POC to be implemented on April 13 and will run for three weeks. If successful, the customer will keep the solution and place the PO",,PS,EDU PS,Security,Secure Innovation with Google Cloud,Security Workload,2026-05-01,2026-05-04,"$20,000.00",,,
Ignacio Rauda,"=HYPERLINK(""https://vector.lightning.force.com/lightning/r/Account/0014M00002JXkn6QAD/view"", ""U CLOUD STORE MÉXICO"")","=HYPERLINK(""https://vector.lightning.force.com/lightning/r/Account/0014M00001jQJ48QAG/view"", ""Grupo Surman - Corporativo"")",2,"=HYPERLINK(""https://vector.lightning.force.com/lightning/r/Workload__c/aBJKf000009omxgOAA/view"", ""Grupo Surman Gemini Enterprise uCloud"")",Linnet Jáuregui,3:  Proposal / Negotiation,🔴 Capacity Gap (0 DRP Profiles),"=HYPERLINK(""https://vector.lightning.force.com/lightning/r/Opportunity/006Kf00000OSTPEIA5/view"", ""Grupo Surman - Vertex AI Search #Gemini Enterprise uCloud"")",,,Corporate,MX CORP,Build with AI,Lead the Agentic Workplace Transformation (Gemini Enterprise),Gemini Enterprise,2026-09-07,2026-09-14,"$3,600.00",,,
Ignacio Rauda,"=HYPERLINK(""https://vector.lightning.force.com/lightning/r/Account/0014M00002JXkn6QAD/view"", ""U CLOUD STORE MÉXICO"")","=HYPERLINK(""https://vector.lightning.force.com/lightning/r/Account/0014M00001scDbWQAU/view"", ""Platzi"")",1,"=HYPERLINK(""https://vector.lightning.force.com/lightning/r/Workload__c/aBJKf0000082NKXOA2/view"", ""Platzi B2B Phase1 Vertex IA 140k (1Y ACV)"")",Lauro Garcia,4.3: Migrated/Implemented,🔴 Capacity Gap (0 DRP Profiles),"=HYPERLINK(""https://vector.lightning.force.com/lightning/r/Opportunity/006Kf00000N5hTDIAZ/view"", ""Platzi B2B Phase1 Vertex IA 140k (1Y ACV)"")",,,PS,EDU PS,Build with AI,Leverage Generative Media in your Business,Generative Media,2026-02-23,2026-03-17,"$140,000.00",,,
Ignacio Rauda,"=HYPERLINK(""https://vector.lightning.force.com/lightning/r/Account/0014M00002JXkn6QAD/view"", ""U CLOUD STORE MÉXICO"")","=HYPERLINK(""https://vector.lightning.force.com/lightning/r/Account/0014M00001hbKrzQAE/view"", ""Knotion, S.A. de C.V."")",1,"=HYPERLINK(""https://vector.lightning.force.com/lightning/r/Workload__c/aBJKf0000082KBDOA2/view"", ""Knotion - Doc Expansion 2026 400k (1Y ACV) STD OPP"")",Lauro Garcia,3:  Proposal / Negotiation,🔴 Capacity Gap (0 DRP Profiles),"=HYPERLINK(""https://vector.lightning.force.com/lightning/r/Opportunity/006Kf00000N5EW7IAN/view"", ""Knotion - Doc Expansion 2026 400k (1Y ACV) STD OPP #SalesCreditPOC"")",LG Aug 10: Customer IPO process stalled,"ER-443096, ER-443098, ER-443097",PS,EDU PS,Migrate Modernize and Build,"Migrate, Modernize and Build",GKE/CloudRun,2026-09-23,2026-10-20,"$400,000.00",,,
Ignacio Rauda,"=HYPERLINK(""https://vector.lightning.force.com/lightning/r/Account/0014M00002JXkn6QAD/view"", ""U CLOUD STORE MÉXICO"")","=HYPERLINK(""https://vector.lightning.force.com/lightning/r/Account/0014M00001hmd2QQAQ/view"", ""Arabela, S.A. de C.V."")",2,"=HYPERLINK(""https://vector.lightning.force.com/lightning/r/Workload__c/aBJKf0000082IycOAE/view"", ""Arabela SCCE"")",Linnet Jáuregui,4.3: Migrated/Implemented,🔴 Capacity Gap (0 DRP Profiles),"=HYPERLINK(""https://vector.lightning.force.com/lightning/r/Opportunity/006Kf00000NDiZTIA1/view"", ""Arabela - Security Command Center Enterprise - #M25"")",,,Corporate,MX CORP,Security,Security,Security Workload,2025-12-05,2025-12-22,"$15,000.00",,,
Ignacio Rauda,"=HYPERLINK(""https://vector.lightning.force.com/lightning/r/Account/0014M00002JXkn6QAD/view"", ""U CLOUD STORE MÉXICO"")","=HYPERLINK(""https://vector.lightning.force.com/lightning/r/Account/0014M00001hcTUkQAM/view"", ""H. Ayuntamiento de Metepec"")",1,"=HYPERLINK(""https://vector.lightning.force.com/lightning/r/Workload__c/aBJKf000009oacvOAA/view"", ""H. Ayuntamiento de Matepec - GCP"")",Moacir Quadros,4.3: Migrated/Implemented,🔴 Capacity Gap (0 DRP Profiles),"=HYPERLINK(""https://vector.lightning.force.com/lightning/r/Opportunity/006Kf00000LiunPIAR/view"", ""H. Ayuntamiento de Matepec - GCP"")",MQ 09/15: Next FUP with consultant / partner (TBC),,PS,Scaled PS,Migrate Modernize and Build,,Not a Solution,2025-10-23,2025-12-30,"$6,491.00",,,
Ignacio Rauda,"=HYPERLINK(""https://vector.lightning.force.com/lightning/r/Account/0014M00002JXkn6QAD/view"", ""U CLOUD STORE MÉXICO"")","=HYPERLINK(""https://vector.lightning.force.com/lightning/r/Account/0014M00001hbKrzQAE/view"", ""Knotion, S.A. de C.V."")",1,"=HYPERLINK(""https://vector.lightning.force.com/lightning/r/Workload__c/aBJKf000006Mbz8OAC/view"", ""Knotion - Doc Launch 240k (1Y ACV)"")",Lauro Garcia,4.3: Migrated/Implemented,🔴 Capacity Gap (0 DRP Profiles),"=HYPERLINK(""https://vector.lightning.force.com/lightning/r/Opportunity/006Kf00000KhcsVIAR/view"", ""Knotion - Doc Launch 200k (1Y ACV) #SalesCreditPOC STD OPP"")",LG Aug 26: Negotiating Commit with the customer. App testing on September. Launch on October,"=HYPERLINK(""https://vector.lightning.force.com/lightning/r/Expert_Request__c/aAuKf000000kUfbKAE/view"", ""ER-427045"")",PS,EDU PS,Migrate Modernize and Build,"Migrate, Modernize and Build",GKE/CloudRun,2025-11-24,2025-12-15,"$240,000.00",,,
Ignacio Rauda,"=HYPERLINK(""https://vector.lightning.force.com/lightning/r/Account/0014M00002JXkn6QAD/view"", ""U CLOUD STORE MÉXICO"")","=HYPERLINK(""https://vector.lightning.force.com/lightning/r/Account/0014M00001hbKrzQAE/view"", ""Knotion, S.A. de C.V."")",1,"=HYPERLINK(""https://vector.lightning.force.com/lightning/r/Workload__c/aBJKf000006Maa7OAC/view"", ""Knotion - Vertex AI Testing 30k (1Y ACV)"")",Lauro Garcia,4.3: Migrated/Implemented,🔴 Capacity Gap (0 DRP Profiles),"=HYPERLINK(""https://vector.lightning.force.com/lightning/r/Opportunity/006Kf00000KhZGQIA3/view"", ""Knotion - Vertex AI Testing 30k (1Y ACV)"")",LG: Services for testing environment,,PS,EDU PS,Build with AI,"Your Business, Your Models",Agent and Model Platform,2025-07-21,2025-09-25,"$30,000.00",,,
Ignacio Rauda,"=HYPERLINK(""https://vector.lightning.force.com/lightning/r/Account/0014M00002JXkn6QAD/view"", ""U CLOUD STORE MÉXICO"")","=HYPERLINK(""https://vector.lightning.force.com/lightning/r/Account/0014M000026qNh5QAE/view"", ""Grupo Versa"")",2,"=HYPERLINK(""https://vector.lightning.force.com/lightning/r/Workload__c/aBJKf000006MZBuOAO/view"", ""AgenSpace Ingracion Legal y Labs"")",Fabiola Ochoa,4.3: Migrated/Implemented,🔴 Capacity Gap (0 DRP Profiles),"=HYPERLINK(""https://vector.lightning.force.com/lightning/r/Opportunity/006Kf00000Kh5soIAB/view"", ""Versa AgentSpcae - Integracion RG, Legal, Laboratorio"")",,,Corporate,MX CORP,Migrate Modernize and Build,"Migrate, Modernize and Build",GKE/CloudRun,2025-10-01,2025-11-03,"$20,000.00",,,
Ignacio Rauda,"=HYPERLINK(""https://vector.lightning.force.com/lightning/r/Account/0014M00002JXkn6QAD/view"", ""U CLOUD STORE MÉXICO"")","=HYPERLINK(""https://vector.lightning.force.com/lightning/r/Account/0014M00001hvHtMQAU/view"", ""Grupo Martí, S.A. de C.V."")",2,"=HYPERLINK(""https://vector.lightning.force.com/lightning/r/Workload__c/aBJKf000006MYExOAO/view"", ""Migración Infra - Current Migration uCloud"")",Fabiola Ochoa,4.3: Migrated/Implemented,🔴 Capacity Gap (0 DRP Profiles),"=HYPERLINK(""https://vector.lightning.force.com/lightning/r/Opportunity/006Kf00000KYbdqIAD/view"", ""(New)(EBC NY) Grupo Martí, S.A. de C.V. - Google Cloud Platform (uCloud)(Emma)(Fabi) - #M25 (RFP) PayasYouGo"")",,,Corporate,MX CORP,Migrate Modernize and Build,"Migrate, Modernize and Build",GKE/CloudRun,2025-06-02,2025-06-20,"$70,000.00",,,
Ignacio Rauda,"=HYPERLINK(""https://vector.lightning.force.com/lightning/r/Account/0014M00002JXkn6QAD/view"", ""U CLOUD STORE MÉXICO"")","=HYPERLINK(""https://vector.lightning.force.com/lightning/r/Account/0014M00001lzOvxQAE/view"", ""Grupo Mexicano de Seguros, S.A. de C.V."")",2,"=HYPERLINK(""https://vector.lightning.force.com/lightning/r/Workload__c/aBJKf000006ABk6OAG/view"", ""Argos - Host"")",Claudia Cermeli,4.3: Migrated/Implemented,🔴 Capacity Gap (0 DRP Profiles),"=HYPERLINK(""https://vector.lightning.force.com/lightning/r/Opportunity/006Kf00000JaRnQIAV/view"", ""Argos/GCP/MigracionVms"")",,,Mexico,"MX FSI, Services & WR",Analytics,,,2025-07-10,2025-07-28,"$2,500.00",,,
Ignacio Rauda,"=HYPERLINK(""https://vector.lightning.force.com/lightning/r/Account/0014M00002JXkn6QAD/view"", ""U CLOUD STORE MÉXICO"")","=HYPERLINK(""https://vector.lightning.force.com/lightning/r/Account/0014M00001hmd2QQAQ/view"", ""Arabela, S.A. de C.V."")",2,"=HYPERLINK(""https://vector.lightning.force.com/lightning/r/Workload__c/aBJKf000006MUk6OAG/view"", ""GKS"")",Fabiola Ochoa,4.3: Migrated/Implemented,🔴 Capacity Gap (0 DRP Profiles),"=HYPERLINK(""https://vector.lightning.force.com/lightning/r/Opportunity/006Kf00000JAKwtIAH/view"", ""Arabela Applications"")",,,Corporate,MX CORP,,,,2024-11-18,2025-02-19,"$40,000.00",,,
Ignacio Rauda,"=HYPERLINK(""https://vector.lightning.force.com/lightning/r/Account/0014M00002M7lcJQAR/view"", ""UCLOUD STORE COLOMBIA S A S"")","=HYPERLINK(""https://vector.lightning.force.com/lightning/r/Account/0014M00001hX5DfQAK/view"", ""AVIDESA DE OCCIDENTE S A"")",2,"=HYPERLINK(""https://vector.lightning.force.com/lightning/r/Workload__c/aBJKf000009eTIrOAM/view"", ""Madroño Gemini Enterprise"")",Dario Palma Villarreal,3:  Proposal / Negotiation,🔴 Capacity Gap (0 DRP Profiles),"=HYPERLINK(""https://vector.lightning.force.com/lightning/r/Opportunity/006Kf00000OsDB9IAN/view"", ""Madroño Gemini Enterprise"")",,,Corporate,MCO CORP NORTE,Build with AI,Lead the Agentic Workplace Transformation (Gemini Enterprise),Gemini Enterprise,2026-10-28,2026-11-04,"$252,000.00",,,
Ignacio Rauda,"=HYPERLINK(""https://vector.lightning.force.com/lightning/r/Account/0014M00002M7lcJQAR/view"", ""UCLOUD STORE COLOMBIA S A S"")","=HYPERLINK(""https://vector.lightning.force.com/lightning/r/Account/0014M00001qLmKjQAK/view"", ""BBI COLOMBIA S.A.S,"")",2,"=HYPERLINK(""https://vector.lightning.force.com/lightning/r/Workload__c/aBJKf000009ePfSOAU/view"", ""BBI - Infraestructura On prem"")",Dario Palma Villarreal,0-2: Tech Eval/Solution Dev,🔴 Capacity Gap (0 DRP Profiles),"=HYPERLINK(""https://vector.lightning.force.com/lightning/r/Opportunity/006Kf00000OrIADIA3/view"", ""BBI Optimización infra Onprem"")",Opp & WL liderados por el FSR.,,Corporate,MCO CORP NORTE,Migrate Modernize and Build,"Migrate, Modernize and Build",GKE/CloudRun,2026-10-28,2026-12-23,"$60,000.00",,,
Ignacio Rauda,"=HYPERLINK(""https://vector.lightning.force.com/lightning/r/Account/0014M00002M7lcJQAR/view"", ""UCLOUD STORE COLOMBIA S A S"")","=HYPERLINK(""https://vector.lightning.force.com/lightning/r/Account/0014M00002RRNIaQAP/view"", ""BIA ENERGY S A S E S P"")",2,"=HYPERLINK(""https://vector.lightning.force.com/lightning/r/Workload__c/aBJKf000009eOi6OAE/view"", ""Bia Energy - Migración de cargas"")",Dario Palma Villarreal,3:  Proposal / Negotiation,🔴 Capacity Gap (0 DRP Profiles),"=HYPERLINK(""https://vector.lightning.force.com/lightning/r/Opportunity/006Kf00000Or7KlIAJ/view"", ""Bia Energy - Migracion Cargas on demand"")",Opp & WL liderados por el FSR.,,Corporate,MCO CORP NORTE,Migrate Modernize and Build,,,2026-10-21,2026-10-29,"$108,000.00",,,
Ignacio Rauda,"=HYPERLINK(""https://vector.lightning.force.com/lightning/r/Account/0014M00002M7lcJQAR/view"", ""UCLOUD STORE COLOMBIA S A S"")","=HYPERLINK(""https://vector.lightning.force.com/lightning/r/Account/0014M00001hdMeiQAE/view"", ""La Haus SAS"")",2,"=HYPERLINK(""https://vector.lightning.force.com/lightning/r/Workload__c/aBJKf000009eOhwOAE/view"", ""La Haus - DR Máquinasy"")",Dario Palma Villarreal,0-2: Tech Eval/Solution Dev,🔴 Capacity Gap (0 DRP Profiles),,,,Corporate,MCO CORP NORTE,Infra AI,,,2026-09-02,2026-09-23,"$48,000.00",,,
Ignacio Rauda,"=HYPERLINK(""https://vector.lightning.force.com/lightning/r/Account/0014M00002M7lcJQAR/view"", ""UCLOUD STORE COLOMBIA S A S"")","=HYPERLINK(""https://vector.lightning.force.com/lightning/r/Account/0014M000029T6o5QAC/view"", ""Bewe Software Colombia S A S"")",2,"=HYPERLINK(""https://vector.lightning.force.com/lightning/r/Workload__c/aBJKf000009eOhNOAU/view"", ""bewe - Ondemand platform"")",Dario Palma Villarreal,3:  Proposal / Negotiation,🔴 Capacity Gap (0 DRP Profiles),"=HYPERLINK(""https://vector.lightning.force.com/lightning/r/Opportunity/006Kf00000PihWoIAJ/view"", ""FY26-Bewe #out #Ondemand Plataform"")",,,Corporate,MCO CORP NORTE,Build with AI,,,2026-09-16,2026-10-06,"$36,000.00",,,
Ignacio Rauda,"=HYPERLINK(""https://vector.lightning.force.com/lightning/r/Account/0014M00002M7lcJQAR/view"", ""UCLOUD STORE COLOMBIA S A S"")","=HYPERLINK(""https://vector.lightning.force.com/lightning/r/Account/0014M00001hWtN4QAK/view"", ""AUTOTECNICA COLOMBIANA S A S"")",2,"=HYPERLINK(""https://vector.lightning.force.com/lightning/r/Workload__c/aBJKf000009kJkVOAU/view"", ""Databases #LAM"")",Melissa Vélez,3:  Proposal / Negotiation,🔴 Capacity Gap (0 DRP Profiles),"=HYPERLINK(""https://vector.lightning.force.com/lightning/r/Opportunity/006Kf00000NOGJ1IAP/view"", ""Auteco_ vtex Iaas #LAM"")",,,Corporate,MCO CORP NORTE,Migrate and Modernize Databases,"Migrate, Modernize, and Build with Data Cloud (Databases)","Move to Managed Databases (Homogeneous - Cloud SQL, AlloyDB, Firestore)",2026-09-30,2026-09-30,"$25,000.00",,,
Ignacio Rauda,"=HYPERLINK(""https://vector.lightning.force.com/lightning/r/Account/0014M00002M7lcJQAR/view"", ""UCLOUD STORE COLOMBIA S A S"")","=HYPERLINK(""https://vector.lightning.force.com/lightning/r/Account/0014M00001hd6KHQAY/view"", ""GRUPO ARGOS S A"")",1,"=HYPERLINK(""https://vector.lightning.force.com/lightning/r/Workload__c/aBJKf000009eDcWOAU/view"", ""PD Celsia GE 80 Users 86K"")",Pedro Diaz Moreno,0-2: Tech Eval/Solution Dev,🔴 Capacity Gap (0 DRP Profiles),"=HYPERLINK(""https://vector.lightning.force.com/lightning/r/Opportunity/006Kf00000Op0NMIAZ/view"", ""PD Cesia GE 80 users"")",,,MCO,Colombia,Build with AI,,,2026-08-26,2026-09-16,"$86,400.00",,,
Ignacio Rauda,"=HYPERLINK(""https://vector.lightning.force.com/lightning/r/Account/0014M00002M7lcJQAR/view"", ""UCLOUD STORE COLOMBIA S A S"")","=HYPERLINK(""https://vector.lightning.force.com/lightning/r/Account/0014M00001hd6KHQAY/view"", ""GRUPO ARGOS S A"")",1,"=HYPERLINK(""https://vector.lightning.force.com/lightning/r/Workload__c/aBJKf000009tcziOAA/view"", ""PD Celsia computo 10K"")",Pedro Diaz Moreno,4.3: Migrated/Implemented,🔴 Capacity Gap (0 DRP Profiles),"=HYPERLINK(""https://vector.lightning.force.com/lightning/r/Opportunity/006Kf00000OQnDrIAL/view"", ""Celsia #GCP"")",,,MCO,Colombia,Migrate Modernize and Build,"Migrate, Modernize and Build",Linux,2026-06-30,2026-12-17,"$10,000.00",,,
Ignacio Rauda,"=HYPERLINK(""https://vector.lightning.force.com/lightning/r/Account/0014M00002M7lcJQAR/view"", ""UCLOUD STORE COLOMBIA S A S"")","=HYPERLINK(""https://vector.lightning.force.com/lightning/r/Account/0014M00001hWtN4QAK/view"", ""AUTOTECNICA COLOMBIANA S A S"")",2,"=HYPERLINK(""https://vector.lightning.force.com/lightning/r/Workload__c/aBJKf000009tSEhOAM/view"", ""Auteco_ vtex Iaas"")",Andrea Forero,4.3: Migrated/Implemented,🔴 Capacity Gap (0 DRP Profiles),"=HYPERLINK(""https://vector.lightning.force.com/lightning/r/Opportunity/006Kf00000NOGJ1IAP/view"", ""Auteco_ vtex Iaas #LAM"")",,,Corporate,MCO CORP NORTE,Build with AI,Gemini Enterprise for Customer Experience (Build with AI),AI Search & Specialized AI,2026-07-13,2026-07-30,"$50,000.00",,,
Ignacio Rauda,"=HYPERLINK(""https://vector.lightning.force.com/lightning/r/Account/0014M00002M7lcJQAR/view"", ""UCLOUD STORE COLOMBIA S A S"")","=HYPERLINK(""https://vector.lightning.force.com/lightning/r/Account/0014M00001hWtM3QAK/view"", ""Envía Colvanes"")",2,"=HYPERLINK(""https://vector.lightning.force.com/lightning/r/Workload__c/aBJKf000009duF2OAI/view"", ""ENvia_ cloudarmor"")",Andrea Forero,4.3: Migrated/Implemented,🔴 Capacity Gap (0 DRP Profiles),"=HYPERLINK(""https://vector.lightning.force.com/lightning/r/Opportunity/006Kf00000NMaV7IAL/view"", ""ENvia_cloudArmor_GCP"")",,"=HYPERLINK(""https://vector.lightning.force.com/lightning/r/Expert_Request__c/aAuKf000000PD0AKAW/view"", ""ER-440851"")",Corporate,MCO CORP NORTE,Security,Secure Innovation with Google Cloud,Security Workload,2025-11-14,2025-11-14,"$36,000.00",,,
Ignacio Rauda,"=HYPERLINK(""https://vector.lightning.force.com/lightning/r/Account/0014M00002M7lcJQAR/view"", ""UCLOUD STORE COLOMBIA S A S"")","=HYPERLINK(""https://vector.lightning.force.com/lightning/r/Account/0014M00001hWtM3QAK/view"", ""Envía Colvanes"")",2,"=HYPERLINK(""https://vector.lightning.force.com/lightning/r/Workload__c/aBJKf000009tLDDOA2/view"", ""SCCE_ ENvia"")",Andrea Forero,4.3: Migrated/Implemented,🔴 Capacity Gap (0 DRP Profiles),"=HYPERLINK(""https://vector.lightning.force.com/lightning/r/Opportunity/006Kf00000M6Yc1IAF/view"", ""Envia Colvanes  #SCCE  #Security"")",,"ER-440857, ER-434768, ER-439352, ER-434769",Corporate,MCO CORP NORTE,Security,Secure Innovation with Google Cloud,Security Workload,2025-12-08,2025-12-08,"$30,000.00",,,
Ignacio Rauda,"=HYPERLINK(""https://vector.lightning.force.com/lightning/r/Account/0014M00002M7lcJQAR/view"", ""UCLOUD STORE COLOMBIA S A S"")","=HYPERLINK(""https://vector.lightning.force.com/lightning/r/Account/0014M00001kvw6YQAQ/view"", ""COMPUTADORES PARA EDUCAR"")",1,"=HYPERLINK(""https://vector.lightning.force.com/lightning/r/Workload__c/aBJKf000009t5vjOAA/view"", ""GCP"")",Juanita Perico Londoño,4.3: Migrated/Implemented,🔴 Capacity Gap (0 DRP Profiles),,,,PS,Streamline PS,Migrate Modernize and Build,"Migrate, Modernize and Build",GKE/CloudRun,2025-06-09,2025-07-25,"$18,000.00",,,
Ignacio Rauda,"=HYPERLINK(""https://vector.lightning.force.com/lightning/r/Account/0014M00002M7lcJQAR/view"", ""UCLOUD STORE COLOMBIA S A S"")","=HYPERLINK(""https://vector.lightning.force.com/lightning/r/Account/0014M00001hWtN4QAK/view"", ""AUTOTECNICA COLOMBIANA S A S"")",2,"=HYPERLINK(""https://vector.lightning.force.com/lightning/r/Workload__c/aBJKf000009t3q4OAA/view"", ""veo2_Auteco_gemini"")",Andrea Forero,4.3: Migrated/Implemented,🔴 Capacity Gap (0 DRP Profiles),"=HYPERLINK(""https://vector.lightning.force.com/lightning/r/Opportunity/006Kf00000JOtWuIAL/view"", ""veo2_Auteco"")",,"=HYPERLINK(""https://vector.lightning.force.com/lightning/r/Expert_Request__c/aAuKf000000tK1JKAU/view"", ""ER-381616"")",Corporate,MCO CORP NORTE,,,,2025-03-10,2025-03-14,"$10,000.00",,,
Ignacio Rauda,"=HYPERLINK(""https://vector.lightning.force.com/lightning/r/Account/0014M00002M7lcJQAR/view"", ""UCLOUD STORE COLOMBIA S A S"")","=HYPERLINK(""https://vector.lightning.force.com/lightning/r/Account/0014M00001rezstQAA/view"", ""Lucro App"")",2,"=HYPERLINK(""https://vector.lightning.force.com/lightning/r/Workload__c/aBJKf000006MYEJOA4/view"", ""Lucro App - DBMod"")",Andrea Forero,4.3: Migrated/Implemented,🔴 Capacity Gap (0 DRP Profiles),"=HYPERLINK(""https://vector.lightning.force.com/lightning/r/Opportunity/006Kf00000KZCgcIAH/view"", ""Lucro App - Google Cloud Platform #M25 #DBMod"")",Conversaciones con el ciente para presentacion Propuesta comercial -,"=HYPERLINK(""https://vector.lightning.force.com/lightning/r/Expert_Request__c/aAuKf000000kN3zKAE/view"", ""ER-394156"")",Corporate,MCO CORP NORTE,Migrate and Modernize Databases,"Migrate, Modernize, and Build with Data Cloud (Apigee)","Modernize Legacy Databases (Heterogeneous - SQL Server, Oracle etc.)",2025-08-04,2025-09-05,"$138,687.84",,,
Ignacio Rauda,"=HYPERLINK(""https://vector.lightning.force.com/lightning/r/Account/0014M00002M7lcJQAR/view"", ""UCLOUD STORE COLOMBIA S A S"")","=HYPERLINK(""https://vector.lightning.force.com/lightning/r/Account/0014M00001jPo0HQAS/view"", ""foodology.com.co"")",2,"=HYPERLINK(""https://vector.lightning.force.com/lightning/r/Workload__c/aBJKf000009oRJVOA2/view"", ""Foodology - Analytics expansion"")",Dario Palma Villarreal,4.3: Migrated/Implemented,🔴 Capacity Gap (0 DRP Profiles),"=HYPERLINK(""https://vector.lightning.force.com/lightning/r/Opportunity/006Kf00000Jf3J3IAJ/view"", ""Foodology - Analitycs expansion"")",,"=HYPERLINK(""https://vector.lightning.force.com/lightning/r/Expert_Request__c/aAuKf000000kMiDKAU/view"", ""ER-392729"")",Corporate,MCO CORP NORTE,Analytics,,,2025-05-23,2025-07-10,"$24,000.00",,,
Ignacio Rauda,"=HYPERLINK(""https://vector.lightning.force.com/lightning/r/Account/0014M00002M7lcJQAR/view"", ""UCLOUD STORE COLOMBIA S A S"")","=HYPERLINK(""https://vector.lightning.force.com/lightning/r/Account/0014M00001h6qv8QAA/view"", ""Analítica SAS"")",2,"=HYPERLINK(""https://vector.lightning.force.com/lightning/r/Workload__c/aBJKf000000GpJvOAK/view"", ""Analitica SAS - Cortex"")",Claudia Cermeli,4.3: Migrated/Implemented,🔴 Capacity Gap (0 DRP Profiles),"=HYPERLINK(""https://vector.lightning.force.com/lightning/r/Opportunity/006Kf00000JC01QIAT/view"", ""Analitica SAS - Hardening seguridad"")",,,Corporate,MCO CORP NORTE,Analytics,,,2025-02-24,2025-05-19,"$28,800.00",,,
Ignacio Rauda,"=HYPERLINK(""https://vector.lightning.force.com/lightning/r/Account/0014M00002M7lcJQAR/view"", ""UCLOUD STORE COLOMBIA S A S"")","=HYPERLINK(""https://vector.lightning.force.com/lightning/r/Account/0014M00001hd7hzQAA/view"", ""DOMINA ENTREGA TOTAL S A S"")",2,"=HYPERLINK(""https://vector.lightning.force.com/lightning/r/Workload__c/aBJKf000006AC0xOAG/view"", ""Domina Entrega - Data Analytics"")",Claudia Cermeli,4.3: Migrated/Implemented,🔴 Capacity Gap (0 DRP Profiles),"=HYPERLINK(""https://vector.lightning.force.com/lightning/r/Opportunity/006Kf00000KYfYHIA1/view"", ""DOMINA ENTREGA TOTAL S A S - Google Cloud Platform - #M25"")",,,Corporate,MCO CORP NORTE,Analytics,"Migrate, Modernize, and Build with Data Cloud (Analytics)",Not a Solution,2025-03-24,2026-03-01,"$12,790.00",,,
"Ignacio Rauda, Fernando Laguna","=HYPERLINK(""https://vector.lightning.force.com/lightning/r/Account/0014M000020cUJuQAM/view"", ""Growth Partner Network"")","=HYPERLINK(""https://vector.lightning.force.com/lightning/r/Account/0014M00001hQ0rKQAS/view"", ""Grupo Sport World"")",2,"=HYPERLINK(""https://vector.lightning.force.com/lightning/r/Workload__c/aBJKf000004ZMbPOAW/view"", ""Workload - Sport World - Gemeni Enterprise"")",Jose Perez Medina,0-2: Tech Eval/Solution Dev,🔴 Capacity Gap (0 DRP Profiles),"=HYPERLINK(""https://vector.lightning.force.com/lightning/r/Opportunity/006Kf00000O9twtIAB/view"", ""Grupo Sport World #GCP#Gemini Enterprise #OUT #MX"")","15/07 Visita presencial con el cliente, para tocar temas de Ciberseguridad y otros temas Tecnicos",,Corporate,MX CORP,Build with AI,Gemini Enterprise for Customer Experience (Build with AI),,2026-12-07,2026-12-21,"$180,000.00",,,Priority
"Ignacio Rauda, Fernando Laguna","=HYPERLINK(""https://vector.lightning.force.com/lightning/r/Account/0014M000020cUJuQAM/view"", ""Growth Partner Network"")","=HYPERLINK(""https://vector.lightning.force.com/lightning/r/Account/0014M00001h620qQAA/view"", ""Probiomed"")",2,"=HYPERLINK(""https://vector.lightning.force.com/lightning/r/Workload__c/aBJKf000004ZJ29OAG/view"", ""Workload de Probiomed - INFRA"")",Jose Perez Medina,0-2: Tech Eval/Solution Dev,🔴 Capacity Gap (0 DRP Profiles),"=HYPERLINK(""https://vector.lightning.force.com/lightning/r/Opportunity/006Kf00000PNvbdIAD/view"", ""PROBIOMED #OUT #GCP #Q2-26 #AI #INFRA #MIGRACIÖN"")","14/07 Partner con la informacion completa de la Infra del cliente, preparando propuesta para enviarla",,Corporate,MX CORP,Migrate Modernize and Build,Enterprise Platform of Choice: VMWare,,2026-10-30,2026-11-23,"$24,000.00",,,Priority
"Ignacio Rauda, Fernando Laguna","=HYPERLINK(""https://vector.lightning.force.com/lightning/r/Account/0014M000020cUJuQAM/view"", ""Growth Partner Network"")","=HYPERLINK(""https://vector.lightning.force.com/lightning/r/Account/0014M00001h3Q1wQAE/view"", ""Lefort Fintech Labs, S.A.P.I. de C.V."")",2,"=HYPERLINK(""https://vector.lightning.force.com/lightning/r/Workload__c/aBJKf000004ZBEnOAO/view"", ""LEFORT#GCP #VertexAI #DocumentAI - Workload"")",Jose Perez Medina,0-2: Tech Eval/Solution Dev,🔴 Capacity Gap (0 DRP Profiles),"=HYPERLINK(""https://vector.lightning.force.com/lightning/r/Opportunity/006Kf00000OozvwIAB/view"", ""#LEFORT #OUT_BOUND #GCP #VertexAI #DocumentAI"")","09/07 cliente responde para retomar en 2 semanas, buscarlo la semana del 27/07",,Corporate,MX CORP,Build with AI,Gemini Enterprise for Customer Experience (Build with AI),AI Search & Specialized AI,2026-10-30,2026-12-30,"$60,000.00",,,Priority
"Ignacio Rauda, Fernando Laguna","=HYPERLINK(""https://vector.lightning.force.com/lightning/r/Account/0014M000020cUJuQAM/view"", ""Growth Partner Network"")","=HYPERLINK(""https://vector.lightning.force.com/lightning/r/Account/0014M00001h6raQQAQ/view"", ""Fundary Network"")",2,"=HYPERLINK(""https://vector.lightning.force.com/lightning/r/Workload__c/aBJKf000009W6vROAS/view"", ""INFRA AZURE to GCP"")",Fabiola Ochoa,4.1: Pre Ramp / Mobilize,🔴 Capacity Gap (0 DRP Profiles),"=HYPERLINK(""https://vector.lightning.force.com/lightning/r/Opportunity/006Kf00000OoxEBIAZ/view"", ""Fundary Migración"")",,"=HYPERLINK(""https://vector.lightning.force.com/lightning/r/Expert_Request__c/aAuKf000000TWb8KAG/view"", ""ER-488162"")",Corporate,MX CORP,Migrate Modernize and Build,"Migrate, Modernize and Build",GKE/CloudRun,2026-06-22,2026-08-11,"$60,000.00",,,Priority
"Ignacio Rauda, Fernando Laguna","=HYPERLINK(""https://vector.lightning.force.com/lightning/r/Account/0014M000020cUJuQAM/view"", ""Growth Partner Network"")","=HYPERLINK(""https://vector.lightning.force.com/lightning/r/Account/0014M00001hvG3LQAU/view"", ""Grupo Vimar"")",2,"=HYPERLINK(""https://vector.lightning.force.com/lightning/r/Workload__c/aBJKf000009eCNMOA2/view"", ""#GRUPOVIMAR#GCP#BigQuery, Worload"")",Jose Perez Medina,0-2: Tech Eval/Solution Dev,🔴 Capacity Gap (0 DRP Profiles),"=HYPERLINK(""https://vector.lightning.force.com/lightning/r/Opportunity/006Kf00000NSV0MIAX/view"", ""#GRUPOVIMAR#GCP#BigQuery"")",14/07 Cliente le informa al Partner que el dia Viernes 17/07 compartira la informacion del equipo de Contabilidad para realizar la Demo para este equipo.,,Corporate,MX CORP,Analytics,"Migrate, Modernize, and Build with Data Cloud (Analytics)",Migrate Data Warehouses to BigQuery,2026-11-10,2026-12-10,"$60,000.00",,,Priority
"Ignacio Rauda, Fernando Laguna","=HYPERLINK(""https://vector.lightning.force.com/lightning/r/Account/0014M000020cUJuQAM/view"", ""Growth Partner Network"")","=HYPERLINK(""https://vector.lightning.force.com/lightning/r/Account/001Kf000010e8tRIAQ/view"", ""Nexcar"")",2,"=HYPERLINK(""https://vector.lightning.force.com/lightning/r/Workload__c/aBJKf000009eCRdOAM/view"", ""NEXCAR #GCP#VERTEX-IA- Workload"")",Jose Perez Medina,0-2: Tech Eval/Solution Dev,🔴 Capacity Gap (0 DRP Profiles),"=HYPERLINK(""https://vector.lightning.force.com/lightning/r/Opportunity/006Kf00000ORWwWIAX/view"", ""NEXCAR #OUT #GCP #Q1-26 #VERTEX-IA"")","07/07 Reunion con cliente donde con el Partner se le aclaran dudas de consumo de Document AI ya que activaron desde la consola, y Partner ofrece sus servicios para dar soporte","=HYPERLINK(""https://vector.lightning.force.com/lightning/r/Expert_Request__c/aAuKf000000TX4FKAW/view"", ""ER-490004"")",Corporate,MX CORP,Build with AI,"Your Business, Your Models",Agent and Model Platform,2026-09-29,2026-11-29,"$30,000.00",,,Priority
"Ignacio Rauda, Fernando Laguna","=HYPERLINK(""https://vector.lightning.force.com/lightning/r/Account/0014M000020cUJuQAM/view"", ""Growth Partner Network"")","=HYPERLINK(""https://vector.lightning.force.com/lightning/r/Account/0014M00001hnFIXQA2/view"", ""Reservamos"")",2,"=HYPERLINK(""https://vector.lightning.force.com/lightning/r/Workload__c/aBJKf000009onbiOAA/view"", ""Reservamos - #Demand Forecasting GpNet"")",Linnet Jáuregui,3:  Proposal / Negotiation,🔴 Capacity Gap (0 DRP Profiles),"=HYPERLINK(""https://vector.lightning.force.com/lightning/r/Opportunity/006Kf00000OYiP8IAL/view"", ""Reservamos - #Demand Forecasting GpNet"")",Coordinating a time slot with customer's CTO for this week to discuss the next steps,"ER-504233, ER-498661",Corporate,MX CORP,Migrate Modernize and Build,"Migrate, Modernize and Build",Not a Solution,2026-10-29,2026-12-14,"$80,000.00",,,Priority
"Ignacio Rauda, Fernando Laguna","=HYPERLINK(""https://vector.lightning.force.com/lightning/r/Account/0014M000020cUJuQAM/view"", ""Growth Partner Network"")","=HYPERLINK(""https://vector.lightning.force.com/lightning/r/Account/0014M00002RRZEPQA5/view"", ""Médica Sur"")",2,"=HYPERLINK(""https://vector.lightning.force.com/lightning/r/Workload__c/aBJKf000009eR7SOAU/view"", ""(New 26) Médica Sur EBC NY - Gemini Enterprise TUMOR BOARD (Paco Cuevas)(Abelard"")",Satoshi Falcón,3:  Proposal / Negotiation,🔴 Capacity Gap (0 DRP Profiles),"=HYPERLINK(""https://vector.lightning.force.com/lightning/r/Opportunity/006Kf00000OrWWMIA3/view"", ""(New 26) Médica Sur EBC NY - Gemini Enterprise TUMOR BOARD (Paco Cuevas)(Abelardo)"")",,,Corporate,MX CORP,Build with AI,Gemini Enterprise for Customer Experience (Build with AI),AI Search & Specialized AI,2026-10-02,2026-12-31,"$250,000.00",,,
"Ignacio Rauda, Fernando Laguna","=HYPERLINK(""https://vector.lightning.force.com/lightning/r/Account/0014M00001h38bpQAA/view"", ""Growth Partner Network"")","=HYPERLINK(""https://vector.lightning.force.com/lightning/r/Account/0014M00001hmd2QQAQ/view"", ""Arabela, S.A. de C.V."")",2,"=HYPERLINK(""https://vector.lightning.force.com/lightning/r/Workload__c/aBJKf000009kKjnOAE/view"", ""Arabela - Consesion"")",Linnet Jáuregui,3:  Proposal / Negotiation,🔴 Capacity Gap (0 DRP Profiles),"=HYPERLINK(""https://vector.lightning.force.com/lightning/r/Opportunity/006Kf00000OBhLgIAL/view"", ""Arabela - Concesion para Proyecto VMs"")",,,Corporate,MX CORP,Migrate Modernize and Build,Enterprise Platform of Choice: VMWare,VMware Engine,2026-12-14,2027-12-14,"$25,000.00",,,
"Ignacio Rauda, Fernando Laguna","=HYPERLINK(""https://vector.lightning.force.com/lightning/r/Account/0014M000020cUJuQAM/view"", ""Growth Partner Network"")","=HYPERLINK(""https://vector.lightning.force.com/lightning/r/Account/0014M00001hvG3LQAU/view"", ""Grupo Vimar"")",2,"=HYPERLINK(""https://vector.lightning.force.com/lightning/r/Workload__c/aBJKf000004ZMZ9OAO/view"", ""Workload - Grupo Vimar - Gemini Enterprise"")",Jose Perez Medina,0-2: Tech Eval/Solution Dev,🔴 Capacity Gap (0 DRP Profiles),"=HYPERLINK(""https://vector.lightning.force.com/lightning/r/Opportunity/006Kf00000Op8UPIAZ/view"", ""#GRUPOVIMAR #OUT_BOUND #GCP #Gemini_Enterprise"")",14/07 Cliente le informa al Partner que el dia Viernes 17/07 compartira la informacion del equipo de Contabilidad para realizar la Demo para este equipo,,Corporate,MX CORP,Build with AI,Gemini Enterprise for Customer Experience (Build with AI),,2026-10-15,2026-10-29,"$60,000.00",,,
"Ignacio Rauda, Fernando Laguna","=HYPERLINK(""https://vector.lightning.force.com/lightning/r/Account/0014M000020cUJuQAM/view"", ""Growth Partner Network"")","=HYPERLINK(""https://vector.lightning.force.com/lightning/r/Account/0014M00001hdZ26QAE/view"", ""Transportes Castores"")",2,"=HYPERLINK(""https://vector.lightning.force.com/lightning/r/Workload__c/aBJKf000009kKE1OAM/view"", ""Transportes Castores #GCP #Gemini Enterprise (3750 users)"")",Linnet Jáuregui,0-2: Tech Eval/Solution Dev,🔴 Capacity Gap (0 DRP Profiles),"=HYPERLINK(""https://vector.lightning.force.com/lightning/r/Opportunity/006Kf00000OBZRJIA5/view"", ""Transportes Castores #GCP #Gemini Enterprise (3750 users)"")",,,Corporate,MX CORP,Build with AI,Lead the Agentic Workplace Transformation (Gemini Enterprise),Gemini Enterprise,,,"$300,000.00",,,
"Ignacio Rauda, Fernando Laguna","=HYPERLINK(""https://vector.lightning.force.com/lightning/r/Account/0014M000020cUJuQAM/view"", ""Growth Partner Network"")","=HYPERLINK(""https://vector.lightning.force.com/lightning/r/Account/0014M00001hvGz4QAE/view"", ""TUM Transportistas Unidos Mexicanos División Norte, S.A. de C.V."")",2,"=HYPERLINK(""https://vector.lightning.force.com/lightning/r/Workload__c/aBJKf000009kJgnOAE/view"", ""TUM - Gemini Enterprise"")",Alfredo Esqueda,0-2: Tech Eval/Solution Dev,🔴 Capacity Gap (0 DRP Profiles),"=HYPERLINK(""https://vector.lightning.force.com/lightning/r/Opportunity/006Kf00000OYjrDIAT/view"", ""TUM DV Gemini Enterprise"")",,,Corporate,MX CORP,Build with AI,Gemini Enterprise for Customer Experience (Build with AI),AI Search & Specialized AI,2026-09-28,2026-09-30,"$90,000.00",,,
"Ignacio Rauda, Fernando Laguna","=HYPERLINK(""https://vector.lightning.force.com/lightning/r/Account/0014M000020cUJuQAM/view"", ""Growth Partner Network"")","=HYPERLINK(""https://vector.lightning.force.com/lightning/r/Account/0014M00001hvGz4QAE/view"", ""TUM Transportistas Unidos Mexicanos División Norte, S.A. de C.V."")",2,"=HYPERLINK(""https://vector.lightning.force.com/lightning/r/Workload__c/aBJKf000009kJPhOAM/view"", ""TUM Infra"")",Alfredo Esqueda,3:  Proposal / Negotiation,🔴 Capacity Gap (0 DRP Profiles),"=HYPERLINK(""https://vector.lightning.force.com/lightning/r/Opportunity/006Kf00000PNnb9IAD/view"", ""GCP - BD"")",,,Corporate,MX CORP,Migrate Modernize and Build,"Migrate, Modernize and Build",GKE/CloudRun,2026-11-02,2026-11-20,"$250,000.00",,,
"Ignacio Rauda, Fernando Laguna","=HYPERLINK(""https://vector.lightning.force.com/lightning/r/Account/0014M000020cUJuQAM/view"", ""Growth Partner Network"")","=HYPERLINK(""https://vector.lightning.force.com/lightning/r/Account/0014M00001hdZ26QAE/view"", ""Transportes Castores"")",2,"=HYPERLINK(""https://vector.lightning.force.com/lightning/r/Workload__c/aBJKf000009kJOyOAM/view"", ""Transportes Castores #GCP #Maps"")",Linnet Jáuregui,3:  Proposal / Negotiation,🔴 Capacity Gap (0 DRP Profiles),"=HYPERLINK(""https://vector.lightning.force.com/lightning/r/Opportunity/006Kf00000Kqu46IAB/view"", ""Transportes Castores #GCP #SAP"")",,,Corporate,MX CORP,Customer Engagement,Gemini Enterprise for Customer Experience (Customer Engagement),Customer Experience Agent Studio,2026-10-17,2026-10-17,"$30,000.00",,,
"Ignacio Rauda, Fernando Laguna","=HYPERLINK(""https://vector.lightning.force.com/lightning/r/Account/0014M000020cUJuQAM/view"", ""Growth Partner Network"")","=HYPERLINK(""https://vector.lightning.force.com/lightning/r/Account/0014M00002LUI48QAH/view"", ""Avocado Blockchain Services"")",2,"=HYPERLINK(""https://vector.lightning.force.com/lightning/r/Workload__c/aBJKf000009WBdmOAG/view"", ""Avocado Block Chain#Vertex#Gemini Enterprise"")",Luis Alonso Contreras,0-2: Tech Eval/Solution Dev,🔴 Capacity Gap (0 DRP Profiles),"=HYPERLINK(""https://vector.lightning.force.com/lightning/r/Opportunity/006Kf00000OewEnIAJ/view"", ""Avocado Block Chain#Vertex#Gemini Enterprise"")",-,,Mexico,MX DN,Build with AI,Gemini Enterprise for Customer Experience (Build with AI),AI Search & Specialized AI,2026-09-30,2026-10-21,"$13,000.00",,,
"Ignacio Rauda, Fernando Laguna","=HYPERLINK(""https://vector.lightning.force.com/lightning/r/Account/0014M000020cUJuQAM/view"", ""Growth Partner Network"")","=HYPERLINK(""https://vector.lightning.force.com/lightning/r/Account/0014M00001h3RyIQAU/view"", ""Premium Restaurant Brands, S. de R.L.C.V."")",2,"=HYPERLINK(""https://vector.lightning.force.com/lightning/r/Workload__c/aBJKf000009kHNUOA2/view"", ""workload/PRB/FWSec"")",Evelyn Sandoval,3:  Proposal / Negotiation,🔴 Capacity Gap (0 DRP Profiles),"=HYPERLINK(""https://vector.lightning.force.com/lightning/r/Opportunity/006Kf00000P79ipIAB/view"", ""PRB [Firewalls Perimetrales]"")",,,Corporate,MX CORP,Security,Secure Innovation with Google Cloud,Security Workload,2026-09-04,2026-09-30,"$30,000.00",,,
"Ignacio Rauda, Fernando Laguna","=HYPERLINK(""https://vector.lightning.force.com/lightning/r/Account/0014M00001h38bpQAA/view"", ""Growth Partner Network"")","=HYPERLINK(""https://vector.lightning.force.com/lightning/r/Account/0014M00001hRONIQA4/view"", ""Agricola Nacional S.A.C. e I."")",2,"=HYPERLINK(""https://vector.lightning.force.com/lightning/r/Workload__c/aBJKf000009eHLtOAM/view"", ""Agricola Nacional S.A.C. e I. #GCP #INB #Gemini Enterprise"")",Jilver Tyson Fuentes,0-2: Tech Eval/Solution Dev,🔴 Capacity Gap (0 DRP Profiles),"=HYPERLINK(""https://vector.lightning.force.com/lightning/r/Opportunity/006Kf00000OeiowIAB/view"", ""Agricola Nacional S.A.C. e I. #GCP #INB #Gemini Enterprise"")","FUP hecho con partner, esperando respuesta",,Corporate,MCO CORP SUR,,,,,,"$90,000.00",,,
"Ignacio Rauda, Fernando Laguna","=HYPERLINK(""https://vector.lightning.force.com/lightning/r/Account/0014M000020cUJuQAM/view"", ""Growth Partner Network"")","=HYPERLINK(""https://vector.lightning.force.com/lightning/r/Account/0014M00001h3Q1wQAE/view"", ""Lefort Fintech Labs, S.A.P.I. de C.V."")",2,"=HYPERLINK(""https://vector.lightning.force.com/lightning/r/Workload__c/aBJKf000004ZBEsOAO/view"", ""LEFORT#GCP #BigQuery - Workload"")",Jose Perez Medina,0-2: Tech Eval/Solution Dev,🔴 Capacity Gap (0 DRP Profiles),"=HYPERLINK(""https://vector.lightning.force.com/lightning/r/Opportunity/006Kf00000OozwLIAR/view"", ""#LEFORT#OUT_BOUND#GCP #BigQuery"")","09/07 cliente responde para retomar en 2 semanas, buscarlo la semana del 27/07",,Corporate,MX CORP,Analytics,"Migrate, Modernize, and Build with Data Cloud (Analytics)",Migrate Data Warehouses to BigQuery,2026-10-13,2026-12-13,"$64,000.00",,,
"Ignacio Rauda, Fernando Laguna","=HYPERLINK(""https://vector.lightning.force.com/lightning/r/Account/0014M000020cUJuQAM/view"", ""Growth Partner Network"")","=HYPERLINK(""https://vector.lightning.force.com/lightning/r/Account/0014M00001hSSTgQAO/view"", ""Office Max"")",2,"=HYPERLINK(""https://vector.lightning.force.com/lightning/r/Workload__c/aBJKf000009W6v7OAC/view"", ""VTEX: Mejorar la busqueda en ecommerce con IA"")",Fabiola Ochoa,0-2: Tech Eval/Solution Dev,🔴 Capacity Gap (0 DRP Profiles),"=HYPERLINK(""https://vector.lightning.force.com/lightning/r/Opportunity/006Kf00000NFC6hIAH/view"", ""Buscador inteligente en Vtex"")",,,Corporate,MX CORP,Build with AI,Gemini Enterprise for Customer Experience (Build with AI),AI Search & Specialized AI,2026-11-02,2026-11-27,"$72,000.00",,,
"Ignacio Rauda, Fernando Laguna","=HYPERLINK(""https://vector.lightning.force.com/lightning/r/Account/0014M000020cUJuQAM/view"", ""Growth Partner Network"")","=HYPERLINK(""https://vector.lightning.force.com/lightning/r/Account/0014M00001hSSTgQAO/view"", ""Office Max"")",2,"=HYPERLINK(""https://vector.lightning.force.com/lightning/r/Workload__c/aBJKf000009W6v2OAC/view"", ""Actualización Masiva de Catalogo con IA Generativa"")",Fabiola Ochoa,0-2: Tech Eval/Solution Dev,🔴 Capacity Gap (0 DRP Profiles),"=HYPERLINK(""https://vector.lightning.force.com/lightning/r/Opportunity/006Kf00000NFCHkIAP/view"", ""Actualización Masiva de Catálogo con IA Generativa"")",,,Corporate,MX CORP,Build with AI,Gemini Enterprise for Customer Experience (Build with AI),AI Search & Specialized AI,2026-11-02,2026-11-27,"$22,000.00",,,
"Ignacio Rauda, Fernando Laguna","=HYPERLINK(""https://vector.lightning.force.com/lightning/r/Account/0014M000020cUJuQAM/view"", ""Growth Partner Network"")","=HYPERLINK(""https://vector.lightning.force.com/lightning/r/Account/0014M00001hSSTgQAO/view"", ""Office Max"")",2,"=HYPERLINK(""https://vector.lightning.force.com/lightning/r/Workload__c/aBJKf000009W6vCOAS/view"", ""Consulta de Facturas"")",Fabiola Ochoa,0-2: Tech Eval/Solution Dev,🔴 Capacity Gap (0 DRP Profiles),"=HYPERLINK(""https://vector.lightning.force.com/lightning/r/Opportunity/006Kf00000OkrCwIAJ/view"", ""Consulta de Facturas+Cloud Storage [MVP ETL Fiscal]"")",,,Corporate,MX CORP,Analytics,"Migrate, Modernize, and Build with Data Cloud (Analytics)",Not a Solution,2026-09-07,2026-09-30,"$12,000.00",,,
"Ignacio Rauda, Fernando Laguna","=HYPERLINK(""https://vector.lightning.force.com/lightning/r/Account/0014M000020cUJuQAM/view"", ""Growth Partner Network"")","=HYPERLINK(""https://vector.lightning.force.com/lightning/r/Account/001Kf000010e8tRIAQ/view"", ""Nexcar"")",2,"=HYPERLINK(""https://vector.lightning.force.com/lightning/r/Workload__c/aBJKf000009W6ZQOA0/view"", ""Nexcar Modrnazacion Databases"")",Jose Perez Medina,0-2: Tech Eval/Solution Dev,🔴 Capacity Gap (0 DRP Profiles),"=HYPERLINK(""https://vector.lightning.force.com/lightning/r/Opportunity/006Kf00000OebeXIAR/view"", ""Nexcar - Modernizacion DB"")",Proposal sent to the client by the partner. Client expected to inform about next steps this week.,,Corporate,MX CORP,Migrate and Modernize Databases,"Migrate, Modernize, and Build with Data Cloud (Databases)","Move to Managed Databases (Homogeneous - Cloud SQL, AlloyDB, Firestore)",2026-11-18,2026-11-26,"$77,000.00",,,
"Ignacio Rauda, Fernando Laguna","=HYPERLINK(""https://vector.lightning.force.com/lightning/r/Account/0014M00001h38bpQAA/view"", ""Growth Partner Network"")","=HYPERLINK(""https://vector.lightning.force.com/lightning/r/Account/0014M00001hiGsAQAU/view"", ""Enviame"")",2,"=HYPERLINK(""https://vector.lightning.force.com/lightning/r/Workload__c/aBJKf000009tcwFOAQ/view"", ""Enviame - Gemini Enterprise WL"")",Patricio Perez,0-2: Tech Eval/Solution Dev,🔴 Capacity Gap (0 DRP Profiles),"=HYPERLINK(""https://vector.lightning.force.com/lightning/r/Opportunity/006Kf00000NSZ2CIAX/view"", ""Enviame - Gemini Enterprise"")","Quien está cuidando de esta opp es Antonio Mejia, Parter va a contactar el cliente",,Corporate,MCO CORP SUR,Build with AI,,,2026-09-01,2026-09-15,"$64,000.00",,,
"Ignacio Rauda, Fernando Laguna","=HYPERLINK(""https://vector.lightning.force.com/lightning/r/Account/0014M000020cUJuQAM/view"", ""Growth Partner Network"")","=HYPERLINK(""https://vector.lightning.force.com/lightning/r/Account/0014M00001hSmyTQAS/view"", ""Grupo Televisa, S.A.B."")",1,"=HYPERLINK(""https://vector.lightning.force.com/lightning/r/Workload__c/aBJKf000009tN8FOAU/view"", ""izzi GPNET (Comisiones)"")",Javier Luna,3:  Proposal / Negotiation,🔴 Capacity Gap (0 DRP Profiles),"=HYPERLINK(""https://vector.lightning.force.com/lightning/r/Opportunity/006Kf00000MhLKoIAN/view"", ""izzi GPNET ( Comisiones )"")",,,Mexico,"MX FSI, Services & WR",Analytics,"Migrate, Modernize, and Build with Data Cloud (Analytics)",Not a Solution,2026-09-10,2027-03-17,"$84,000.00",,,
"Ignacio Rauda, Fernando Laguna","=HYPERLINK(""https://vector.lightning.force.com/lightning/r/Account/0014M000020cUJuQAM/view"", ""Growth Partner Network"")","=HYPERLINK(""https://vector.lightning.force.com/lightning/r/Account/0014M00001hmd2QQAQ/view"", ""Arabela, S.A. de C.V."")",2,"=HYPERLINK(""https://vector.lightning.force.com/lightning/r/Workload__c/aBJKf0000082H28OAE/view"", ""Arabela #GCVE"")",Linnet Jáuregui,4.3: Migrated/Implemented,🔴 Capacity Gap (0 DRP Profiles),"=HYPERLINK(""https://vector.lightning.force.com/lightning/r/Opportunity/006Kf00000M1rApIAJ/view"", ""Arabela GCVE FLEX"")",,"=HYPERLINK(""https://vector.lightning.force.com/lightning/r/Expert_Request__c/aAuKf000000PEeWKAW/view"", ""ER-445068"")",Corporate,MX CORP,Migrate Modernize and Build,,,2025-11-24,2025-12-29,"$311,500.00",,,
"Ignacio Rauda, Fernando Laguna","=HYPERLINK(""https://vector.lightning.force.com/lightning/r/Account/0014M00001h38bpQAA/view"", ""Growth Partner Network"")","=HYPERLINK(""https://vector.lightning.force.com/lightning/r/Account/001Kf000011VniHIAS/view"", ""Mercado Publico"")",1,"=HYPERLINK(""https://vector.lightning.force.com/lightning/r/Workload__c/aBJKf000009tEQjOAM/view"", ""WL: Mercado Publico | Infra | iACV: 800K | TCV: 1.8M / 18M"")",German Muñoz Veloso,4.3: Migrated/Implemented,🔴 Capacity Gap (0 DRP Profiles),"=HYPERLINK(""https://vector.lightning.force.com/lightning/r/Opportunity/006Kf00000MM3YzIAL/view"", ""WL: Mercado Publico | GCP: Commit | 2.14M | 1 Yr | Spender"")",Deal Won already ramping. Finish implementation,"ER-392465, ER-461472, ER-461471, ER-461470, ER-464242",PS,MCO PS,Migrate Modernize and Build,"Migrate, Modernize and Build",Microsoft,2026-09-24,2026-10-29,"$800,000.00",,,
"Ignacio Rauda, Fernando Laguna","=HYPERLINK(""https://vector.lightning.force.com/lightning/r/Account/0014M000020cUJuQAM/view"", ""Growth Partner Network"")","=HYPERLINK(""https://vector.lightning.force.com/lightning/r/Account/0014M00001hvGz4QAE/view"", ""TUM Transportistas Unidos Mexicanos División Norte, S.A. de C.V."")",2,"=HYPERLINK(""https://vector.lightning.force.com/lightning/r/Workload__c/aBJKf000009oYceOAE/view"", ""Agentspace_TUM"")",Alfredo Esqueda,4.3: Migrated/Implemented,🔴 Capacity Gap (0 DRP Profiles),"=HYPERLINK(""https://vector.lightning.force.com/lightning/r/Opportunity/006Kf00000KYwtRIAT/view"", ""TUM - GCP"")",,,Corporate,MX CORP,Build with AI,Scale AI Apps and Agents,Drive Business Impact with Agents,2026-05-11,2026-07-24,"$144,000.00",,,
"Ignacio Rauda, Fernando Laguna","=HYPERLINK(""https://vector.lightning.force.com/lightning/r/Account/0014M00001h38bpQAA/view"", ""Growth Partner Network"")","=HYPERLINK(""https://vector.lightning.force.com/lightning/r/Account/0014M00001wO4ujQAC/view"", ""Farmacias Ahumada SpA"")",2,"=HYPERLINK(""https://vector.lightning.force.com/lightning/r/Workload__c/aBJKf000009t9vNOAQ/view"", ""FASA - Migración desde WG GPNET fase 2"")",Guillermo Riquelme,4.3: Migrated/Implemented,🔴 Capacity Gap (0 DRP Profiles),"=HYPERLINK(""https://vector.lightning.force.com/lightning/r/Opportunity/0064M00000cynxZQAQ/view"", ""Farmacias Ahumada - Computo - Ipnet"")",,,Corporate,MCO CORP SUR,Infra AI,AI Infrastructure,AI Infra - Inference,2025-07-11,2025-08-08,"$12,000.00",,,
"Ignacio Rauda, Fernando Laguna","=HYPERLINK(""https://vector.lightning.force.com/lightning/r/Account/0014M000020cUJuQAM/view"", ""Growth Partner Network"")","=HYPERLINK(""https://vector.lightning.force.com/lightning/r/Account/0014M00001hmd20QAA/view"", ""Innova Sport, S.A. de C.V."")",2,"=HYPERLINK(""https://vector.lightning.force.com/lightning/r/Workload__c/aBJKf000009oW7UOAU/view"", ""InnovaSport - App"")",Jesus Gonzalez,4.3: Migrated/Implemented,🔴 Capacity Gap (0 DRP Profiles),"=HYPERLINK(""https://vector.lightning.force.com/lightning/r/Opportunity/006Kf00000JfcU7IAJ/view"", ""Innova Sport, S.A. de C.V.#GCP#Infra AI (Platicado con Jesus)"")",,,Corporate,MX CORP,Migrate and Modernize Databases,"Migrate, Modernize, and Build with Data Cloud (Apigee)",API Management (Apigee),2025-08-11,2025-08-22,"$120,000.00",,,
"Ignacio Rauda, Fernando Laguna","=HYPERLINK(""https://vector.lightning.force.com/lightning/r/Account/0014M000020cUJuQAM/view"", ""Growth Partner Network"")","=HYPERLINK(""https://vector.lightning.force.com/lightning/r/Account/0014M00001hSSTgQAO/view"", ""Office Max"")",2,"=HYPERLINK(""https://vector.lightning.force.com/lightning/r/Workload__c/aBJKf000006MZNHOA4/view"", ""OMX - Cortex"")",Fabiola Ochoa,4.3: Migrated/Implemented,🔴 Capacity Gap (0 DRP Profiles),"=HYPERLINK(""https://vector.lightning.force.com/lightning/r/Opportunity/006Kf00000KZ16KIAT/view"", ""Operadora OMX, S.A. de C.V. - Google Cloud Platform"")",,"=HYPERLINK(""https://vector.lightning.force.com/lightning/r/Expert_Request__c/aAuKf000000PZqKKAW/view"", ""ER-494098"")",Corporate,MX CORP,Analytics,,,2025-10-03,2025-10-09,"$60,000.00",,,
"Ignacio Rauda, Fernando Laguna","=HYPERLINK(""https://vector.lightning.force.com/lightning/r/Account/0014M000020cUJuQAM/view"", ""Growth Partner Network"")","=HYPERLINK(""https://vector.lightning.force.com/lightning/r/Account/0014M00001hSSTgQAO/view"", ""Office Max"")",2,"=HYPERLINK(""https://vector.lightning.force.com/lightning/r/Workload__c/aBJKf000006MZNMOA4/view"", ""Agent Space"")",Fabiola Ochoa,4.3: Migrated/Implemented,🔴 Capacity Gap (0 DRP Profiles),"=HYPERLINK(""https://vector.lightning.force.com/lightning/r/Opportunity/006Kf00000KZ16KIAT/view"", ""Operadora OMX, S.A. de C.V. - Google Cloud Platform"")",,,Corporate,MX CORP,Build with AI,Gemini Enterprise for Customer Experience (Build with AI),AI Search & Specialized AI,2026-05-18,2026-07-30,"$15,000.00",,,
"Ignacio Rauda, Fernando Laguna","=HYPERLINK(""https://vector.lightning.force.com/lightning/r/Account/0014M000020cUJuQAM/view"", ""Growth Partner Network"")","=HYPERLINK(""https://vector.lightning.force.com/lightning/r/Account/0014M00001hvGz4QAE/view"", ""TUM Transportistas Unidos Mexicanos División Norte, S.A. de C.V."")",2,"=HYPERLINK(""https://vector.lightning.force.com/lightning/r/Workload__c/aBJKf000009t5qkOAA/view"", ""Data TUM"")",Alfredo Esqueda,4.3: Migrated/Implemented,🔴 Capacity Gap (0 DRP Profiles),"=HYPERLINK(""https://vector.lightning.force.com/lightning/r/Opportunity/006Kf00000KYwtRIAT/view"", ""TUM - GCP"")",,,Corporate,MX CORP,Analytics,"Migrate, Modernize, and Build with Data Cloud (Analytics)",Migrate Data Warehouses to BigQuery,2026-04-01,2026-04-01,"$6,000.00",,,
"Ignacio Rauda, Fernando Laguna","=HYPERLINK(""https://vector.lightning.force.com/lightning/r/Account/0014M000020cUJuQAM/view"", ""Growth Partner Network"")","=HYPERLINK(""https://vector.lightning.force.com/lightning/r/Account/0014M00001hSmyTQAS/view"", ""Grupo Televisa, S.A.B."")",1,"=HYPERLINK(""https://vector.lightning.force.com/lightning/r/Workload__c/aBJKf000009oU5bOAE/view"", ""izzi GCP (Looker+GCP) Fraudes"")",Javier Luna,4.3: Migrated/Implemented,🔴 Capacity Gap (0 DRP Profiles),"=HYPERLINK(""https://vector.lightning.force.com/lightning/r/Opportunity/006Kf00000KhBrwIAF/view"", ""izzi GCP (Looker+GCP) Fraudes"")",partner in the process to be a provider for izzi,,Mexico,"MX FSI, Services & WR",Build with AI,,,2025-08-29,2025-09-30,"$60,000.00",,,
"Ignacio Rauda, Fernando Laguna","=HYPERLINK(""https://vector.lightning.force.com/lightning/r/Account/0014M00001h38bpQAA/view"", ""Growth Partner Network"")","=HYPERLINK(""https://vector.lightning.force.com/lightning/r/Account/0014M00001htuRdQAI/view"", ""Puerto Ventanas S.A."")",2,"=HYPERLINK(""https://vector.lightning.force.com/lightning/r/Workload__c/aBJKf000009t3uzOAA/view"", ""Puerto Ventanas GCP"")",Christian Cuadros,4.3: Migrated/Implemented,🔴 Capacity Gap (0 DRP Profiles),"=HYPERLINK(""https://vector.lightning.force.com/lightning/r/Opportunity/006Kf00000JfP9UIAV/view"", ""Puerto Ventanas S.A. - Google Cloud Platform"")",Start to allocate GPNET in order to execute the project accordingly the SoW approved.,"=HYPERLINK(""https://vector.lightning.force.com/lightning/r/Expert_Request__c/aAuKf0000011AHEKA2/view"", ""ER-401434"")",Corporate,MCO CORP SUR,Migrate Modernize and Build,,,2025-07-25,2025-10-31,"$75,000.00",,,
"Ignacio Rauda, Fernando Laguna","=HYPERLINK(""https://vector.lightning.force.com/lightning/r/Account/0014M000020cUJuQAM/view"", ""Growth Partner Network"")","=HYPERLINK(""https://vector.lightning.force.com/lightning/r/Account/0014M00001hSSTgQAO/view"", ""Office Max"")",2,"=HYPERLINK(""https://vector.lightning.force.com/lightning/r/Workload__c/aBJKf000006MYEyOAO/view"", ""Migración Billing actual"")",Fabiola Ochoa,4.3: Migrated/Implemented,🔴 Capacity Gap (0 DRP Profiles),"=HYPERLINK(""https://vector.lightning.force.com/lightning/r/Opportunity/006Kf00000KZ16KIAT/view"", ""Operadora OMX, S.A. de C.V. - Google Cloud Platform"")",,,Corporate,MX CORP,Migrate Modernize and Build,,,2025-07-07,2025-07-11,"$50,000.00",,,
"Ignacio Rauda, Fernando Laguna","=HYPERLINK(""https://vector.lightning.force.com/lightning/r/Account/0014M000020cUJuQAM/view"", ""Growth Partner Network"")","=HYPERLINK(""https://vector.lightning.force.com/lightning/r/Account/0014M00001pbxJHQAY/view"", ""Grupo Mexicano de Seguros, S.A. de C.V."")",2,"=HYPERLINK(""https://vector.lightning.force.com/lightning/r/Workload__c/aBJKf0000082BeGOAU/view"", ""Workload/GCP/Apigee"")",Evelyn Sandoval,4.3: Migrated/Implemented,🔴 Capacity Gap (0 DRP Profiles),"=HYPERLINK(""https://vector.lightning.force.com/lightning/r/Opportunity/006Kf00000Jaw4bIAB/view"", ""MasServicios/GCP/Apigee"")",,,Mexico,"MX FSI, Services & WR",Migrate Modernize and Build,,,2025-10-30,2025-11-02,"$60,000.00",,,
"Ignacio Rauda, Fernando Laguna","=HYPERLINK(""https://vector.lightning.force.com/lightning/r/Account/0014M00001h38bpQAA/view"", ""Growth Partner Network"")","=HYPERLINK(""https://vector.lightning.force.com/lightning/r/Account/001Kf000011VniHIAS/view"", ""Mercado Publico"")",1,"=HYPERLINK(""https://vector.lightning.force.com/lightning/r/Workload__c/aBJKf000009t1ZAOAY/view"", ""WL Mercado Publico"")",Gerardo Gomez Dobree,4.3: Migrated/Implemented,🔴 Capacity Gap (0 DRP Profiles),"=HYPERLINK(""https://vector.lightning.force.com/lightning/r/Opportunity/006Kf00000LEQm2IAH/view"", ""WL: Mercado Publico | GCP: PSSA | 248K | 1 Yr | New Logo"")",,,PS,MCO PS,Migrate Modernize and Build,"Migrate, Modernize and Build",GKE/CloudRun,2025-08-14,2025-08-14,"$248,520.00",,,
"Ignacio Rauda, Fernando Laguna","=HYPERLINK(""https://vector.lightning.force.com/lightning/r/Account/0014M00001h38bpQAA/view"", ""Growth Partner Network"")","=HYPERLINK(""https://vector.lightning.force.com/lightning/r/Account/0014M00001hNJFbQAO/view"", ""Bicecorp S.A."")",1,"=HYPERLINK(""https://vector.lightning.force.com/lightning/r/Workload__c/aBJKf000008294GOAQ/view"", ""Looker-implementation"")",Pablo Reinoso,4.3: Migrated/Implemented,🔴 Capacity Gap (0 DRP Profiles),"=HYPERLINK(""https://vector.lightning.force.com/lightning/r/Opportunity/0064M00000cnNtRQAU/view"", ""Proyecto de Visualización ejecutivo"")",The client is developing their own prototypes and making decisions about the scope.,,MCO,Chile,Analytics,,,2025-06-25,2025-11-24,"$80,000.00",,,
Thiago da Ponte,"=HYPERLINK(""https://vector.lightning.force.com/lightning/r/Account/0014M00001h38bpQAA/view"", ""Growth Partner Network"")","=HYPERLINK(""https://vector.lightning.force.com/lightning/r/Account/0014M00001lHlKgQAK/view"", ""TRABAJANDO COM CHILE S A"")",2,"=HYPERLINK(""https://vector.lightning.force.com/lightning/r/Workload__c/aBJKf000009W9c3OAC/view"", ""Trabajando RecommendationAI"")",Agustina Maria Cano,Closed,🔴 Capacity Gap (0 DRP Profiles),"=HYPERLINK(""https://vector.lightning.force.com/lightning/r/Opportunity/006Kf00000PGBbwIAH/view"", ""Trabajando #INB #RecommendationAI"")",Cliente estaba interesado en los proyectos pero no hay dinero para esto,,Corporate,MCO CORP SUR,Build with AI,Gemini Enterprise for Customer Experience (Build with AI),AI Search & Specialized AI,2026-11-09,2026-12-07,"$30,000.00",,,Priority
Thiago da Ponte,"=HYPERLINK(""https://vector.lightning.force.com/lightning/r/Account/0014M00001h38bpQAA/view"", ""Growth Partner Network"")","=HYPERLINK(""https://vector.lightning.force.com/lightning/r/Account/0014M00001hmd2QQAQ/view"", ""Arabela, S.A. de C.V."")",2,"=HYPERLINK(""https://vector.lightning.force.com/lightning/r/Workload__c/aBJKf000009kKjnOAE/view"", ""Arabela - Consesion"")",Linnet Jáuregui,3:  Proposal / Negotiation,🔴 Capacity Gap (0 DRP Profiles),"=HYPERLINK(""https://vector.lightning.force.com/lightning/r/Opportunity/006Kf00000OBhLgIAL/view"", ""Arabela - Concesion para Proyecto VMs"")",,,Corporate,MX CORP,Migrate Modernize and Build,Enterprise Platform of Choice: VMWare,VMware Engine,2026-12-14,2027-12-14,"$25,000.00",,,
Thiago da Ponte,"=HYPERLINK(""https://vector.lightning.force.com/lightning/r/Account/0014M00001h38bpQAA/view"", ""Growth Partner Network"")","=HYPERLINK(""https://vector.lightning.force.com/lightning/r/Account/0014M00001hRONIQA4/view"", ""Agricola Nacional S.A.C. e I."")",2,"=HYPERLINK(""https://vector.lightning.force.com/lightning/r/Workload__c/aBJKf000009eHLtOAM/view"", ""Agricola Nacional S.A.C. e I. #GCP #INB #Gemini Enterprise"")",Jilver Tyson Fuentes,0-2: Tech Eval/Solution Dev,🔴 Capacity Gap (0 DRP Profiles),"=HYPERLINK(""https://vector.lightning.force.com/lightning/r/Opportunity/006Kf00000OeiowIAB/view"", ""Agricola Nacional S.A.C. e I. #GCP #INB #Gemini Enterprise"")","FUP hecho con partner, esperando respuesta",,Corporate,MCO CORP SUR,,,,,,"$90,000.00",,,
Thiago da Ponte,"=HYPERLINK(""https://vector.lightning.force.com/lightning/r/Account/0014M00001h38bpQAA/view"", ""Growth Partner Network"")","=HYPERLINK(""https://vector.lightning.force.com/lightning/r/Account/0014M00001hiGsAQAU/view"", ""Enviame"")",2,"=HYPERLINK(""https://vector.lightning.force.com/lightning/r/Workload__c/aBJKf000009tcwFOAQ/view"", ""Enviame - Gemini Enterprise WL"")",Patricio Perez,0-2: Tech Eval/Solution Dev,🔴 Capacity Gap (0 DRP Profiles),"=HYPERLINK(""https://vector.lightning.force.com/lightning/r/Opportunity/006Kf00000NSZ2CIAX/view"", ""Enviame - Gemini Enterprise"")","Quien está cuidando de esta opp es Antonio Mejia, Parter va a contactar el cliente",,Corporate,MCO CORP SUR,Build with AI,,,2026-09-01,2026-09-15,"$64,000.00",,,
Thiago da Ponte,"=HYPERLINK(""https://vector.lightning.force.com/lightning/r/Account/0014M00001h38bpQAA/view"", ""Growth Partner Network"")","=HYPERLINK(""https://vector.lightning.force.com/lightning/r/Account/001Kf000011VniHIAS/view"", ""Mercado Publico"")",1,"=HYPERLINK(""https://vector.lightning.force.com/lightning/r/Workload__c/aBJKf000009tEQjOAM/view"", ""WL: Mercado Publico | Infra | iACV: 800K | TCV: 1.8M / 18M"")",German Muñoz Veloso,4.3: Migrated/Implemented,🔴 Capacity Gap (0 DRP Profiles),"=HYPERLINK(""https://vector.lightning.force.com/lightning/r/Opportunity/006Kf00000MM3YzIAL/view"", ""WL: Mercado Publico | GCP: Commit | 2.14M | 1 Yr | Spender"")",Deal Won already ramping. Finish implementation,"ER-392465, ER-461472, ER-461471, ER-461470, ER-464242",PS,MCO PS,Migrate Modernize and Build,"Migrate, Modernize and Build",Microsoft,2026-09-24,2026-10-29,"$800,000.00",,,
Thiago da Ponte,"=HYPERLINK(""https://vector.lightning.force.com/lightning/r/Account/0014M00001h38bpQAA/view"", ""Growth Partner Network"")","=HYPERLINK(""https://vector.lightning.force.com/lightning/r/Account/0014M00001wO4ujQAC/view"", ""Farmacias Ahumada SpA"")",2,"=HYPERLINK(""https://vector.lightning.force.com/lightning/r/Workload__c/aBJKf000009t9vNOAQ/view"", ""FASA - Migración desde WG GPNET fase 2"")",Guillermo Riquelme,4.3: Migrated/Implemented,🔴 Capacity Gap (0 DRP Profiles),"=HYPERLINK(""https://vector.lightning.force.com/lightning/r/Opportunity/0064M00000cynxZQAQ/view"", ""Farmacias Ahumada - Computo - Ipnet"")",,,Corporate,MCO CORP SUR,Infra AI,AI Infrastructure,AI Infra - Inference,2025-07-11,2025-08-08,"$12,000.00",,,
Thiago da Ponte,"=HYPERLINK(""https://vector.lightning.force.com/lightning/r/Account/0014M00001h38bpQAA/view"", ""Growth Partner Network"")","=HYPERLINK(""https://vector.lightning.force.com/lightning/r/Account/0014M00001htuRdQAI/view"", ""Puerto Ventanas S.A."")",2,"=HYPERLINK(""https://vector.lightning.force.com/lightning/r/Workload__c/aBJKf000009t3uzOAA/view"", ""Puerto Ventanas GCP"")",Christian Cuadros,4.3: Migrated/Implemented,🔴 Capacity Gap (0 DRP Profiles),"=HYPERLINK(""https://vector.lightning.force.com/lightning/r/Opportunity/006Kf00000JfP9UIAV/view"", ""Puerto Ventanas S.A. - Google Cloud Platform"")",Start to allocate GPNET in order to execute the project accordingly the SoW approved.,"=HYPERLINK(""https://vector.lightning.force.com/lightning/r/Expert_Request__c/aAuKf0000011AHEKA2/view"", ""ER-401434"")",Corporate,MCO CORP SUR,Migrate Modernize and Build,,,2025-07-25,2025-10-31,"$75,000.00",,,
Thiago da Ponte,"=HYPERLINK(""https://vector.lightning.force.com/lightning/r/Account/0014M00001h38bpQAA/view"", ""Growth Partner Network"")","=HYPERLINK(""https://vector.lightning.force.com/lightning/r/Account/001Kf000011VniHIAS/view"", ""Mercado Publico"")",1,"=HYPERLINK(""https://vector.lightning.force.com/lightning/r/Workload__c/aBJKf000009t1ZAOAY/view"", ""WL Mercado Publico"")",Gerardo Gomez Dobree,4.3: Migrated/Implemented,🔴 Capacity Gap (0 DRP Profiles),"=HYPERLINK(""https://vector.lightning.force.com/lightning/r/Opportunity/006Kf00000LEQm2IAH/view"", ""WL: Mercado Publico | GCP: PSSA | 248K | 1 Yr | New Logo"")",,,PS,MCO PS,Migrate Modernize and Build,"Migrate, Modernize and Build",GKE/CloudRun,2025-08-14,2025-08-14,"$248,520.00",,,
Thiago da Ponte,"=HYPERLINK(""https://vector.lightning.force.com/lightning/r/Account/0014M00001h38bpQAA/view"", ""Growth Partner Network"")","=HYPERLINK(""https://vector.lightning.force.com/lightning/r/Account/0014M00001hNJFbQAO/view"", ""Bicecorp S.A."")",1,"=HYPERLINK(""https://vector.lightning.force.com/lightning/r/Workload__c/aBJKf000008294GOAQ/view"", ""Looker-implementation"")",Pablo Reinoso,4.3: Migrated/Implemented,🔴 Capacity Gap (0 DRP Profiles),"=HYPERLINK(""https://vector.lightning.force.com/lightning/r/Opportunity/0064M00000cnNtRQAU/view"", ""Proyecto de Visualización ejecutivo"")",The client is developing their own prototypes and making decisions about the scope.,,MCO,Chile,Analytics,,,2025-06-25,2025-11-24,"$80,000.00",,,
