Partner Name,Customer Account Name,Account Tier,Workload Name,Opportunity Name,Expert Requests,Customer Sub Region,Customer Micro Region,Primary Workload Pillar,Sales Play,Workload Solution,Workload Progress,Begin Migration Date,Production Date,Annual Gross Revenue (ARR USD),Capacity Status (DRP Readiness),Last Touch,Link
"=HYPERLINK(""https://vector.lightning.force.com/lightning/r/Account/0014M00001h39BLQAY/view"", ""Comercializadora Zenta Group SPA"")","=HYPERLINK(""https://vector.lightning.force.com/lightning/r/Account/0014M00001h6EEyQAM/view"", ""Clupp"")",2,"=HYPERLINK(""https://vector.lightning.force.com/lightning/r/Workload__c/aBJKf000009WDZNOA4/view"", ""INSURANCEBOOSTERS#GE#Agents Connectors"")","=HYPERLINK(""https://vector.lightning.force.com/lightning/r/Opportunity/006Kf00000OeuP5IAJ/view"", ""INSURANCEBOOSTERS#GE#Agents"")",,Mexico,MX DN,Build with AI,Scale AI Apps and Agents,Not a Solution,0-2: Tech Eval/Solution Dev,2026-09-30,2026-09-30,"20,000.00",🟢 Ready (2 DRP Profiles),,
"=HYPERLINK(""https://vector.lightning.force.com/lightning/r/Account/0014M00001h39BLQAY/view"", ""Comercializadora Zenta Group SPA"")","=HYPERLINK(""https://vector.lightning.force.com/lightning/r/Account/0014M00001hhAxmQAE/view"", ""TOTEAT S.A."")",2,"=HYPERLINK(""https://vector.lightning.force.com/lightning/r/Workload__c/aBJKf000009eQH2OAM/view"", ""Toteat - MongDB migration to GCP WL"")","=HYPERLINK(""https://vector.lightning.force.com/lightning/r/Opportunity/006Kf00000OrSnEIAV/view"", ""Toteat - MongDB migration to GCP"")",,Corporate,MCO CORP SUR,Migrate and Modernize Databases,"Migrate, Modernize, and Build with Data Cloud (Databases)","Move to Managed Databases (Homogeneous - Cloud SQL, AlloyDB, Firestore)",0-2: Tech Eval/Solution Dev,2026-09-14,2026-10-30,"30,000.00",🔴 Capacity Gap (0 DRP Profiles),,
"=HYPERLINK(""https://vector.lightning.force.com/lightning/r/Account/0014M00001h39BLQAY/view"", ""Comercializadora Zenta Group SPA"")","=HYPERLINK(""https://vector.lightning.force.com/lightning/r/Account/0014M00001oip14QAA/view"", ""Fintoc SpA"")",2,"=HYPERLINK(""https://vector.lightning.force.com/lightning/r/Workload__c/aBJKf000004ZKzGOAW/view"", ""Data & Analytics agents"")","=HYPERLINK(""https://vector.lightning.force.com/lightning/r/Opportunity/006Kf00000PVWclIAH/view"", ""Iniciativas Data & Analitycs Fintoc"")",,Corporate,MCO CORP SUR,Analytics,The Agentic Data Cloud,Data Agents & Tooling,3:  Proposal / Negotiation,2026-08-14,2026-09-30,"88,000.00",🔴 Capacity Gap (0 DRP Profiles),,
"=HYPERLINK(""https://vector.lightning.force.com/lightning/r/Account/0014M00001h39BLQAY/view"", ""Comercializadora Zenta Group SPA"")","=HYPERLINK(""https://vector.lightning.force.com/lightning/r/Account/0014M00001hiIcNQAU/view"", ""Asesoría DOX Spa"")",2,"=HYPERLINK(""https://vector.lightning.force.com/lightning/r/Workload__c/aBJKf000009W6gMOAS/view"", ""Asesoria DOX Spa #OUT #GCVE"")","=HYPERLINK(""https://vector.lightning.force.com/lightning/r/Opportunity/006Kf00000OJLEVIA5/view"", ""Asesoria DOX Spa #OUT #GCE"")",,Corporate,MCO CORP SUR,Migrate Modernize and Build,Enterprise Platform of Choice: VMWare,VMware Engine,3:  Proposal / Negotiation,2026-11-09,2026-12-07,"30,324.00",🔴 Capacity Gap (0 DRP Profiles),,
"=HYPERLINK(""https://vector.lightning.force.com/lightning/r/Account/0014M00001h39BLQAY/view"", ""Comercializadora Zenta Group SPA"")","=HYPERLINK(""https://vector.lightning.force.com/lightning/r/Account/0014M00001kiWhIQAU/view"", ""Racional S.p.A."")",2,"=HYPERLINK(""https://vector.lightning.force.com/lightning/r/Workload__c/aBJKf000009eD2OOAU/view"", ""Gemini Enterprise Racional"")","=HYPERLINK(""https://vector.lightning.force.com/lightning/r/Opportunity/006Kf00000OealcIAB/view"", ""Racional S.p.A. #GCP #INB #GeminiEnterprise"")",,Corporate,MCO CORP SUR,Build with AI,Lead the Agentic Workplace Transformation (Gemini Enterprise),Gemini Enterprise,0-2: Tech Eval/Solution Dev,2026-10-22,2026-12-23,"10,850.00",🟢 Ready (2 DRP Profiles),,
"=HYPERLINK(""https://vector.lightning.force.com/lightning/r/Account/0014M00001h39BLQAY/view"", ""Comercializadora Zenta Group SPA"")","=HYPERLINK(""https://vector.lightning.force.com/lightning/r/Account/0014M00001hhAxmQAE/view"", ""TOTEAT S.A."")",2,"=HYPERLINK(""https://vector.lightning.force.com/lightning/r/Workload__c/aBJKf000009tcwjOAA/view"", ""Toteat - Gemini Enterprise WL"")","=HYPERLINK(""https://vector.lightning.force.com/lightning/r/Opportunity/006Kf00000NSdFZIA1/view"", ""Toteat - Gemini Enterprise"")",,Corporate,MCO CORP SUR,Build with AI,,,0-2: Tech Eval/Solution Dev,2026-08-10,2026-09-14,"68,400.00",🔴 Capacity Gap (0 DRP Profiles),,
"=HYPERLINK(""https://vector.lightning.force.com/lightning/r/Account/0014M00001h39BLQAY/view"", ""Comercializadora Zenta Group SPA"")","=HYPERLINK(""https://vector.lightning.force.com/lightning/r/Account/0014M00001hh5LgQAI/view"", ""SimpliRoute"")",2,"=HYPERLINK(""https://vector.lightning.force.com/lightning/r/Workload__c/aBJKf000009tcwUOAQ/view"", ""SimpliRoute - Gemini Enterprise WL"")","=HYPERLINK(""https://vector.lightning.force.com/lightning/r/Opportunity/006Kf00000NSd9bIAD/view"", ""SimpliRoute - Gemini Enterprise"")",,Corporate,MCO CORP SUR,Build with AI,,,0-2: Tech Eval/Solution Dev,2026-08-24,2026-09-25,"46,800.00",🔴 Capacity Gap (0 DRP Profiles),,
"=HYPERLINK(""https://vector.lightning.force.com/lightning/r/Account/0014M00001h39BLQAY/view"", ""Comercializadora Zenta Group SPA"")","=HYPERLINK(""https://vector.lightning.force.com/lightning/r/Account/0014M00001hh5LgQAI/view"", ""SimpliRoute"")",2,"=HYPERLINK(""https://vector.lightning.force.com/lightning/r/Workload__c/aBJKf000009tctzOAA/view"", ""SimpliRoute - SCC Premium - WL"")","=HYPERLINK(""https://vector.lightning.force.com/lightning/r/Opportunity/006Kf00000NSgnqIAD/view"", ""SimpliRoute - SCC Premium - Q3FY26"")",,Corporate,MCO CORP SUR,Security,,,0-2: Tech Eval/Solution Dev,2026-07-27,2026-09-28,"30,000.00",🔴 Capacity Gap (0 DRP Profiles),,
"=HYPERLINK(""https://vector.lightning.force.com/lightning/r/Account/0014M00001h39BLQAY/view"", ""Comercializadora Zenta Group SPA"")","=HYPERLINK(""https://vector.lightning.force.com/lightning/r/Account/0014M00001hoOHWQA2/view"", ""Elipse AI"")",2,"=HYPERLINK(""https://vector.lightning.force.com/lightning/r/Workload__c/aBJKf000009tcw5OAA/view"", ""ElipseAI - Gemini Enterprise WL"")","=HYPERLINK(""https://vector.lightning.force.com/lightning/r/Opportunity/006Kf00000NSdH1IAL/view"", ""ElipseAI - Gemini Enterprise"")",,Corporate,MCO CORP SUR,Build with AI,Lead the Agentic Workplace Transformation (Gemini Enterprise),Gemini Enterprise,0-2: Tech Eval/Solution Dev,2026-07-06,2026-08-07,"27,558.00",🟢 Ready (2 DRP Profiles),,
"=HYPERLINK(""https://vector.lightning.force.com/lightning/r/Account/0014M00001h39BLQAY/view"", ""Comercializadora Zenta Group SPA"")","=HYPERLINK(""https://vector.lightning.force.com/lightning/r/Account/0014M00001hc2KMQAY/view"", ""GoodRabbit"")",2,"=HYPERLINK(""https://vector.lightning.force.com/lightning/r/Workload__c/aBJKf000009tcwPOAQ/view"", ""SCM Latam - Gemini Enterprise WL"")","=HYPERLINK(""https://vector.lightning.force.com/lightning/r/Opportunity/006Kf00000NSdGEIA1/view"", ""GoodRabbit - Gemini Enterprise"")",,Corporate,MCO CORP SUR,Build with AI,,,0-2: Tech Eval/Solution Dev,2026-07-22,2026-08-24,"7,200.00",🔴 Capacity Gap (0 DRP Profiles),,
"=HYPERLINK(""https://vector.lightning.force.com/lightning/r/Account/0014M00001h39BLQAY/view"", ""Comercializadora Zenta Group SPA"")","=HYPERLINK(""https://vector.lightning.force.com/lightning/r/Account/0014M00001hh1VZQAY/view"", ""Buk"")",2,"=HYPERLINK(""https://vector.lightning.force.com/lightning/r/Workload__c/aBJKf0000082Sq4OAE/view"", ""BUK - WL Gemini Ent. Productividad - TBD"")","=HYPERLINK(""https://vector.lightning.force.com/lightning/r/Opportunity/006Kf00000N5wYiIAJ/view"", ""BUK - Gemini Enterprise - TBD"")",,Corporate,MCO CORP SUR,Build with AI,,,0-2: Tech Eval/Solution Dev,2026-07-22,2026-08-10,"60,000.00",🔴 Capacity Gap (0 DRP Profiles),,
"=HYPERLINK(""https://vector.lightning.force.com/lightning/r/Account/0014M00001h39BLQAY/view"", ""Comercializadora Zenta Group SPA"")","=HYPERLINK(""https://vector.lightning.force.com/lightning/r/Account/0014M00001jT59IQAS/view"", ""Chattigo SpA"")",2,"=HYPERLINK(""https://vector.lightning.force.com/lightning/r/Workload__c/aBJKf000009tZ2xOAE/view"", ""Chattigo - Gemini Enterprise - WL"")","=HYPERLINK(""https://vector.lightning.force.com/lightning/r/Opportunity/006Kf00000NSQZgIAP/view"", ""Chattigo - Gemini Enterprise - 30k"")",,Corporate,MCO CORP SUR,Build with AI,Lead the Agentic Workplace Transformation (Gemini Enterprise),Gemini Enterprise,4.1: Pre Ramp / Mobilize,2026-07-22,2026-08-28,"36,000.00",🟢 Ready (2 DRP Profiles),,
"=HYPERLINK(""https://vector.lightning.force.com/lightning/r/Account/0014M00001h39BLQAY/view"", ""Comercializadora Zenta Group SPA"")","=HYPERLINK(""https://vector.lightning.force.com/lightning/r/Account/0014M00001oip14QAA/view"", ""Fintoc SpA"")",2,"=HYPERLINK(""https://vector.lightning.force.com/lightning/r/Workload__c/aBJKf000009dzZYOAY/view"", ""Migracion cargas AWS"")","=HYPERLINK(""https://vector.lightning.force.com/lightning/r/Opportunity/006Kf00000NgrxsIAB/view"", ""Migración AWS a GCP"")",,Corporate,MCO CORP SUR,Migrate Modernize and Build,"Migrate, Modernize and Build",Not a Solution,4.3: Migrated/Implemented,2026-04-03,2026-07-07,"90,000.00",🔴 Capacity Gap (0 DRP Profiles),,
"=HYPERLINK(""https://vector.lightning.force.com/lightning/r/Account/0014M00001h39BLQAY/view"", ""Comercializadora Zenta Group SPA"")","=HYPERLINK(""https://vector.lightning.force.com/lightning/r/Account/0014M00001hMjsFQAS/view"", ""Sitrack Chile"")",2,"=HYPERLINK(""https://vector.lightning.force.com/lightning/r/Workload__c/aBJKf000009tNZfOAM/view"", ""Sitrack - Deteccion Somnolencia"")","=HYPERLINK(""https://vector.lightning.force.com/lightning/r/Opportunity/006Kf00000NhhYTIAZ/view"", ""Detección de Somnolencia con IA Generativa"")",,Corporate,MCO CORP SUR,Build with AI,Leverage Generative Media in your Business,Generative Media,4.3: Migrated/Implemented,2026-05-06,2026-06-30,"96,000.00",🟢 Ready (2 DRP Profiles),,
"=HYPERLINK(""https://vector.lightning.force.com/lightning/r/Account/0014M00001h39BLQAY/view"", ""Comercializadora Zenta Group SPA"")","=HYPERLINK(""https://vector.lightning.force.com/lightning/r/Account/0014M00001kNF4dQAG/view"", ""Vita Wallet"")",2,"=HYPERLINK(""https://vector.lightning.force.com/lightning/r/Workload__c/aBJKf000006MewbOAC/view"", ""Vita Wallet - SCC Premium"")","=HYPERLINK(""https://vector.lightning.force.com/lightning/r/Opportunity/006Kf00000Lhvb2IAB/view"", ""Vita Wallet - SCC Premium 1Y #SalesCreditPOC"")",,Corporate,MCO CORP SUR,Security,Security,Security Workload,4.3: Migrated/Implemented,2026-01-19,2026-04-24,"20,000.00",🔴 Capacity Gap (0 DRP Profiles),,
"=HYPERLINK(""https://vector.lightning.force.com/lightning/r/Account/0014M00001h39BLQAY/view"", ""Comercializadora Zenta Group SPA"")","=HYPERLINK(""https://vector.lightning.force.com/lightning/r/Account/0014M00001jT59IQAS/view"", ""Chattigo SpA"")",2,"=HYPERLINK(""https://vector.lightning.force.com/lightning/r/Workload__c/aBJKf000006MeLVOA0/view"", ""Chattigo Migracion SQL Azure"")","=HYPERLINK(""https://vector.lightning.force.com/lightning/r/Opportunity/006Kf00000MhbGZIAZ/view"", ""Chattigo - Migracion DB SQL Azure #GOLD"")",,Corporate,MCO CORP SUR,Migrate and Modernize Databases,"Migrate, Modernize, and Build with Data Cloud (Databases)","Modernize Legacy Databases (Heterogeneous - SQL Server, Oracle etc.)",3:  Proposal / Negotiation,2026-07-31,2026-09-30,"160,000.00",🔴 Capacity Gap (0 DRP Profiles),,
"=HYPERLINK(""https://vector.lightning.force.com/lightning/r/Account/0014M00001h39BLQAY/view"", ""Comercializadora Zenta Group SPA"")","=HYPERLINK(""https://vector.lightning.force.com/lightning/r/Account/0014M00001hRzoeQAC/view"", ""Wited"")",2,"=HYPERLINK(""https://vector.lightning.force.com/lightning/r/Workload__c/aBJKf000009tHzDOAU/view"", ""Cloud Run a GKE"")","=HYPERLINK(""https://vector.lightning.force.com/lightning/r/Opportunity/006Kf00000MwW5yIAF/view"", ""Cluoud Run a Kubernetes Wited"")",,Corporate,MCO CORP SUR,Migrate Modernize and Build,"Migrate, Modernize and Build",GKE/CloudRun,4.3: Migrated/Implemented,2025-09-01,2025-09-30,"15,000.00",🟡 Constrained (1 DRP Profile),,
"=HYPERLINK(""https://vector.lightning.force.com/lightning/r/Account/0014M00001h39BLQAY/view"", ""Comercializadora Zenta Group SPA"")","=HYPERLINK(""https://vector.lightning.force.com/lightning/r/Account/0014M00001hMjsFQAS/view"", ""Sitrack Chile"")",2,"=HYPERLINK(""https://vector.lightning.force.com/lightning/r/Workload__c/aBJKf000006Mc6TOAS/view"", ""Migración AWS a GCP Etapa 1"")","=HYPERLINK(""https://vector.lightning.force.com/lightning/r/Opportunity/006Kf00000MJsYFIA1/view"", ""Migración AWS a GCP"")",,Corporate,MCO CORP SUR,Migrate and Modernize Databases,"Migrate, Modernize, and Build with Data Cloud (Databases)",Not a Solution,3:  Proposal / Negotiation,2026-09-09,2026-12-17,"93,300.00",🔴 Capacity Gap (0 DRP Profiles),,
"=HYPERLINK(""https://vector.lightning.force.com/lightning/r/Account/0014M00001h39BLQAY/view"", ""Comercializadora Zenta Group SPA"")","=HYPERLINK(""https://vector.lightning.force.com/lightning/r/Account/0014M00001hVrsEQAS/view"", ""Transelec S.A."")",2,"=HYPERLINK(""https://vector.lightning.force.com/lightning/r/Workload__c/aBJKf000009tD4fOAE/view"", ""Cargas AWS"")","=HYPERLINK(""https://vector.lightning.force.com/lightning/r/Opportunity/006Kf00000MKivYIAT/view"", ""Transelec Cargas Migracion AWS"")","=HYPERLINK(""https://vector.lightning.force.com/lightning/r/Expert_Request__c/aAuKf000000tkExKAI/view"", ""ER-442087"")",Corporate,MCO CORP SUR,Migrate Modernize and Build,"Migrate, Modernize and Build",GKE/CloudRun,4.2: Ramping / Deliver,2026-04-29,2026-10-01,"305,000.00",🟡 Constrained (1 DRP Profile),,
"=HYPERLINK(""https://vector.lightning.force.com/lightning/r/Account/0014M00001h39BLQAY/view"", ""Comercializadora Zenta Group SPA"")","=HYPERLINK(""https://vector.lightning.force.com/lightning/r/Account/0014M00001hc2KMQAY/view"", ""GoodRabbit"")",2,"=HYPERLINK(""https://vector.lightning.force.com/lightning/r/Workload__c/aBJKf000009oZ8BOAU/view"", ""SCM Latam -  SCC"")","=HYPERLINK(""https://vector.lightning.force.com/lightning/r/Opportunity/006Kf00000LiYXGIA3/view"", ""SCM Latam#GCP#SCC"")","ER-461274, ER-443239",Corporate,MCO CORP SUR,Security,Security,Security Workload,3:  Proposal / Negotiation,2026-07-31,2026-08-14,"15,000.00",🔴 Capacity Gap (0 DRP Profiles),,
"=HYPERLINK(""https://vector.lightning.force.com/lightning/r/Account/0014M00001h39BLQAY/view"", ""Comercializadora Zenta Group SPA"")","=HYPERLINK(""https://vector.lightning.force.com/lightning/r/Account/0014M00001hMjsFQAS/view"", ""Sitrack Chile"")",2,"=HYPERLINK(""https://vector.lightning.force.com/lightning/r/Workload__c/aBJKf000006Map7OAC/view"", ""Migración VMs"")","=HYPERLINK(""https://vector.lightning.force.com/lightning/r/Opportunity/006Kf00000M4kUMIAZ/view"", ""Migración Sitrack"")",,Corporate,MCO CORP SUR,Migrate Modernize and Build,"Migrate, Modernize and Build",GKE/CloudRun,4.3: Migrated/Implemented,2025-09-29,2025-10-13,"108,000.00",🟡 Constrained (1 DRP Profile),,
"=HYPERLINK(""https://vector.lightning.force.com/lightning/r/Account/0014M00001h39BLQAY/view"", ""Comercializadora Zenta Group SPA"")","=HYPERLINK(""https://vector.lightning.force.com/lightning/r/Account/0014M00001hNKv6QAG/view"", ""ENIAX SPA"")",2,"=HYPERLINK(""https://vector.lightning.force.com/lightning/r/Workload__c/aBJKf000009oWPEOA2/view"", ""Eniax - SCC"")","=HYPERLINK(""https://vector.lightning.force.com/lightning/r/Opportunity/006Kf00000LhwOdIAJ/view"", ""ENIAX SPA#GCP#SCC"")","=HYPERLINK(""https://vector.lightning.force.com/lightning/r/Expert_Request__c/aAuKf00000117lyKAA/view"", ""ER-394746"")",Corporate,MCO CORP SUR,Security,Secure Innovation with Google Cloud,Security Workload,3:  Proposal / Negotiation,2026-07-22,2026-07-28,"24,000.00",🔴 Capacity Gap (0 DRP Profiles),,
"=HYPERLINK(""https://vector.lightning.force.com/lightning/r/Account/0014M00001h39BLQAY/view"", ""Comercializadora Zenta Group SPA"")","=HYPERLINK(""https://vector.lightning.force.com/lightning/r/Account/0014M00001jT59IQAS/view"", ""Chattigo SpA"")",2,"=HYPERLINK(""https://vector.lightning.force.com/lightning/r/Workload__c/aBJKf000006ACQqOAO/view"", ""Chattigo SCC SecOps"")","=HYPERLINK(""https://vector.lightning.force.com/lightning/r/Opportunity/006Kf00000NQvtJIAT/view"", ""Chattigo - SCC Premium FY26"")","=HYPERLINK(""https://vector.lightning.force.com/lightning/r/Expert_Request__c/aAuKf000000tkk0KAA/view"", ""ER-443233"")",Corporate,MCO CORP SUR,Security,Security,Security Workload,3:  Proposal / Negotiation,2026-08-05,2026-09-07,"15,000.00",🔴 Capacity Gap (0 DRP Profiles),,
"=HYPERLINK(""https://vector.lightning.force.com/lightning/r/Account/0014M00001h39BLQAY/view"", ""Comercializadora Zenta Group SPA"")","=HYPERLINK(""https://vector.lightning.force.com/lightning/r/Account/0014M00001kNF4dQAG/view"", ""Vita Wallet"")",2,"=HYPERLINK(""https://vector.lightning.force.com/lightning/r/Workload__c/aBJKf000006A7vtOAC/view"", ""VitaWallet - GKE Migration"")","=HYPERLINK(""https://vector.lightning.force.com/lightning/r/Opportunity/006Kf00000JOgOFIA1/view"", ""Vita Wallet - Google Cloud Platform (Zenta - GKE)"")",,Corporate,MCO CORP SUR,Migrate Modernize and Build,"Migrate, Modernize and Build",GKE/CloudRun,4.3: Migrated/Implemented,2025-02-03,2025-03-28,"72,000.00",🟡 Constrained (1 DRP Profile),,
"=HYPERLINK(""https://vector.lightning.force.com/lightning/r/Account/0014M00002JmizDQAR/view"", ""Tech Pulse SPA"")","=HYPERLINK(""https://vector.lightning.force.com/lightning/r/Account/0014M00001hRudBQAS/view"", ""Tenpo SpA"")",2,"=HYPERLINK(""https://vector.lightning.force.com/lightning/r/Workload__c/aBJKf000004ZNxQOAW/view"", ""BQ para Banking"")","=HYPERLINK(""https://vector.lightning.force.com/lightning/r/Opportunity/006Kf00000Oo2JEIAZ/view"", ""Tenpo Banking Infraestructure"")",,Corporate,MCO CORP SUR,Analytics,The Agentic Data Cloud,Data Science (BigQuery),4.3: Migrated/Implemented,2026-07-01,2026-07-30,"180,000.00",🟢 Ready (7 DRP Profiles),,
"=HYPERLINK(""https://vector.lightning.force.com/lightning/r/Account/0014M00002JmizDQAR/view"", ""Tech Pulse SPA"")","=HYPERLINK(""https://vector.lightning.force.com/lightning/r/Account/0014M00001hRPLjQAO/view"", ""Centro de Compensacion Automatizado S.A."")",2,"=HYPERLINK(""https://vector.lightning.force.com/lightning/r/Workload__c/aBJKf000004ZN9fOAG/view"", ""Gemini Enterprise CCA"")","=HYPERLINK(""https://vector.lightning.force.com/lightning/r/Opportunity/006Kf00000OmosBIAR/view"", ""Gemini Enterprise CCA"")",,Corporate,MCO CORP SUR,Build with AI,Lead the Agentic Workplace Transformation (Gemini Enterprise),Gemini Enterprise,0-2: Tech Eval/Solution Dev,2026-10-15,2026-11-30,"51,000.00",🟢 Ready (3 DRP Profiles),,
"=HYPERLINK(""https://vector.lightning.force.com/lightning/r/Account/0014M00002JmizDQAR/view"", ""Tech Pulse SPA"")","=HYPERLINK(""https://vector.lightning.force.com/lightning/r/Account/0014M00001hulsXQAQ/view"", ""EMPRESA DE TELECOMUNICACIONES DE BOGOTA S A ESP"")",2,"=HYPERLINK(""https://vector.lightning.force.com/lightning/r/Workload__c/aBJKf000009eOgyOAE/view"", ""ETB - Skynet Whitelabel"")","=HYPERLINK(""https://vector.lightning.force.com/lightning/r/Opportunity/006Kf00000Jf3JSIAZ/view"", ""ETB - Infrastructure Migration & Workspace takeover Standard"")",,Corporate,MCO CORP NORTE,Migrate Modernize and Build,"Migrate, Modernize and Build",Microsoft,3:  Proposal / Negotiation,2026-10-07,2026-10-29,"180,000.00",🔴 Capacity Gap (0 DRP Profiles),,
"=HYPERLINK(""https://vector.lightning.force.com/lightning/r/Account/0014M00002JmizDQAR/view"", ""Tech Pulse SPA"")","=HYPERLINK(""https://vector.lightning.force.com/lightning/r/Account/0014M00001hoQ67QAE/view"", ""autopistacentral.cl"")",2,"=HYPERLINK(""https://vector.lightning.force.com/lightning/r/Workload__c/aBJKf000009WApNOAW/view"", ""Autopista Central - WL SAP Directo - AXMOS"")","=HYPERLINK(""https://vector.lightning.force.com/lightning/r/Opportunity/006Kf00000PMm40IAD/view"", ""SAP on GCP for Autopista Central"")",,Corporate,MCO CORP SUR,Migrate Modernize and Build,Enterprise Platform of Choice: SAP,SAP Direct,0-2: Tech Eval/Solution Dev,2026-10-11,2027-03-18,"1,800,000.00",🔴 Capacity Gap (0 DRP Profiles),,
"=HYPERLINK(""https://vector.lightning.force.com/lightning/r/Account/0014M00002JmizDQAR/view"", ""Tech Pulse SPA"")","=HYPERLINK(""https://vector.lightning.force.com/lightning/r/Account/0014M00001hRPLjQAO/view"", ""Centro de Compensacion Automatizado S.A."")",2,"=HYPERLINK(""https://vector.lightning.force.com/lightning/r/Workload__c/aBJKf000004ZHurOAG/view"", ""vmware nodes + virtual non stop"")","=HYPERLINK(""https://vector.lightning.force.com/lightning/r/Opportunity/006Kf00000PMmdYIAT/view"", ""Switch Transaccional CCA"")",,Corporate,MCO CORP SUR,Migrate Modernize and Build,Enterprise Platform of Choice: VMWare,VMware Engine,0-2: Tech Eval/Solution Dev,2026-10-22,2026-12-18,"250,000.00",🟢 Ready (7 DRP Profiles),,
"=HYPERLINK(""https://vector.lightning.force.com/lightning/r/Account/0014M00002JmizDQAR/view"", ""Tech Pulse SPA"")","=HYPERLINK(""https://vector.lightning.force.com/lightning/r/Account/0014M00002S4aPIQAZ/view"", ""Antares Aduanas S.A.C."")",2,"=HYPERLINK(""https://vector.lightning.force.com/lightning/r/Workload__c/aBJKf000009W8UDOA0/view"", ""Antares Aduanas S.A.C #GCP # Modernizar aplicaciones"")","=HYPERLINK(""https://vector.lightning.force.com/lightning/r/Opportunity/006Kf00000OK2RIIA1/view"", ""Antares Aduanas S.A.C #GCP # Modernizar aplicaciones#MCO #Outbound"")",,Corporate,MCO CORP CCA,Migrate Modernize and Build,,,0-2: Tech Eval/Solution Dev,2026-07-30,2026-08-31,"80,000.00",🔴 Capacity Gap (0 DRP Profiles),,
"=HYPERLINK(""https://vector.lightning.force.com/lightning/r/Account/0014M00002JmizDQAR/view"", ""Tech Pulse SPA"")","=HYPERLINK(""https://vector.lightning.force.com/lightning/r/Account/0014M00001hSz4IQAS/view"", ""CAJA DE COMPENSACION FAMILIAR DE ANTIOQUIA COMFAMA"")",2,"=HYPERLINK(""https://vector.lightning.force.com/lightning/r/Workload__c/aBJKf000009td7IOAQ/view"", ""FY26 #Comfama #Bigquery #Datos Limpios"")","=HYPERLINK(""https://vector.lightning.force.com/lightning/r/Opportunity/006Kf00000OnoI1IAJ/view"", ""FY26-Q2 #Outbound #Comfama #Bigquery #Datos Limpios"")",,Corporate,MCO CORP NORTE,Analytics,"Migrate, Modernize, and Build with Data Cloud (Analytics)",Multi-Modal Data Processing & Multi-Cloud (Lakehouse),3:  Proposal / Negotiation,2026-09-17,2026-12-17,"60,000.00",🟢 Ready (7 DRP Profiles),,
"=HYPERLINK(""https://vector.lightning.force.com/lightning/r/Account/0014M00002JmizDQAR/view"", ""Tech Pulse SPA"")","=HYPERLINK(""https://vector.lightning.force.com/lightning/r/Account/0014M00001hRudBQAS/view"", ""Tenpo SpA"")",2,"=HYPERLINK(""https://vector.lightning.force.com/lightning/r/Workload__c/aBJKf000009eCArOAM/view"", ""infraestructura Tenpo Banking"")","=HYPERLINK(""https://vector.lightning.force.com/lightning/r/Opportunity/006Kf00000Oo2JEIAZ/view"", ""Tenpo Banking Infraestructure"")",,Corporate,MCO CORP SUR,Migrate Modernize and Build,"Migrate, Modernize and Build",Not a Solution,0-2: Tech Eval/Solution Dev,2026-09-08,2026-12-30,"380,000.00",🔴 Capacity Gap (0 DRP Profiles),,
"=HYPERLINK(""https://vector.lightning.force.com/lightning/r/Account/0014M00002JmizDQAR/view"", ""Tech Pulse SPA"")","=HYPERLINK(""https://vector.lightning.force.com/lightning/r/Account/0014M00001hRudBQAS/view"", ""Tenpo SpA"")",2,"=HYPERLINK(""https://vector.lightning.force.com/lightning/r/Workload__c/aBJKf000009eCCJOA2/view"", ""Mambu on GCP"")","=HYPERLINK(""https://vector.lightning.force.com/lightning/r/Opportunity/006Kf00000Oo2K2IAJ/view"", ""Mambu en GCP"")",,Corporate,MCO CORP SUR,Migrate Modernize and Build,"Migrate, Modernize and Build",Not a Solution,0-2: Tech Eval/Solution Dev,2026-10-15,2026-12-29,"300,000.00",🔴 Capacity Gap (0 DRP Profiles),,
"=HYPERLINK(""https://vector.lightning.force.com/lightning/r/Account/0014M00002JmizDQAR/view"", ""Tech Pulse SPA"")","=HYPERLINK(""https://vector.lightning.force.com/lightning/r/Account/0014M00001hRudBQAS/view"", ""Tenpo SpA"")",2,"=HYPERLINK(""https://vector.lightning.force.com/lightning/r/Workload__c/aBJKf000009eCGGOA2/view"", ""Gemini Enterprise Full Tenpo"")","=HYPERLINK(""https://vector.lightning.force.com/lightning/r/Opportunity/006Kf00000Oo66xIAB/view"", ""Gemini Enterprise Tenpo"")",,Corporate,MCO CORP SUR,Build with AI,,,0-2: Tech Eval/Solution Dev,2026-09-01,2026-11-19,"70,000.00",🔴 Capacity Gap (0 DRP Profiles),,
"=HYPERLINK(""https://vector.lightning.force.com/lightning/r/Account/0014M00002JmizDQAR/view"", ""Tech Pulse SPA"")","=HYPERLINK(""https://vector.lightning.force.com/lightning/r/Account/0014M00001hiPL6QAM/view"", ""BANCO MUNDO MUJER SA"")",2,"=HYPERLINK(""https://vector.lightning.force.com/lightning/r/Workload__c/aBJKf000009tcVsOAI/view"", ""FY26Q2 #Banco Mundo Mujer #Gemini Enterprise #Iniciativas de IA"")","=HYPERLINK(""https://vector.lightning.force.com/lightning/r/Opportunity/006Kf00000OmpFZIAZ/view"", ""FY26Q2 #Outbound #Banco Mundo Mujer #Gemini Enterprise #Iniciativas de IA"")","=HYPERLINK(""https://vector.lightning.force.com/lightning/r/Expert_Request__c/aAuKf000000PR5iKAG/view"", ""ER-473320"")",Corporate,MCO CORP NORTE,Build with AI,Lead the Agentic Workplace Transformation (Gemini Enterprise),Gemini Enterprise,0-2: Tech Eval/Solution Dev,2026-08-28,2026-10-08,"84,000.00",🟢 Ready (3 DRP Profiles),,
"=HYPERLINK(""https://vector.lightning.force.com/lightning/r/Account/0014M00002JmizDQAR/view"", ""Tech Pulse SPA"")","=HYPERLINK(""https://vector.lightning.force.com/lightning/r/Account/0014M00001hVyLmQAK/view"", ""Cooperativa del Personal de la Universidad de Chile Ltda"")",2,"=HYPERLINK(""https://vector.lightning.force.com/lightning/r/Workload__c/aBJKf0000082SNbOAM/view"", ""Copeuch - WL Gem.Enterprise - Axmos"")","=HYPERLINK(""https://vector.lightning.force.com/lightning/r/Opportunity/006Kf00000N5v1OIAR/view"", ""Copeuch - Gemin Enterprise - Axmos"")",,Corporate,MCO CORP SUR,Build with AI,Lead the Agentic Workplace Transformation (Gemini Enterprise),Gemini Enterprise,0-2: Tech Eval/Solution Dev,2026-08-10,2026-11-30,"40,000.00",🟢 Ready (3 DRP Profiles),,
"=HYPERLINK(""https://vector.lightning.force.com/lightning/r/Account/0014M00002JmizDQAR/view"", ""Tech Pulse SPA"")","=HYPERLINK(""https://vector.lightning.force.com/lightning/r/Account/0014M00002RRZSjQAP/view"", ""Grupo Celima Trebol"")",2,"=HYPERLINK(""https://vector.lightning.force.com/lightning/r/Workload__c/aBJKf0000082R4sOAE/view"", ""Celima | Data Analytics BQ"")","=HYPERLINK(""https://vector.lightning.force.com/lightning/r/Opportunity/006Kf00000OSjrAIAT/view"", ""grupo Celima#GCP #Data Analitica"")","ER-496430, ER-506715",Corporate,MCO CORP CCA,Analytics,,,0-2: Tech Eval/Solution Dev,2026-11-30,2026-12-31,"50,000.00",🟢 Ready (7 DRP Profiles),,
"=HYPERLINK(""https://vector.lightning.force.com/lightning/r/Account/0014M00002JmizDQAR/view"", ""Tech Pulse SPA"")","=HYPERLINK(""https://vector.lightning.force.com/lightning/r/Account/0014M00001hRPLjQAO/view"", ""Centro de Compensacion Automatizado S.A."")",2,"=HYPERLINK(""https://vector.lightning.force.com/lightning/r/Workload__c/aBJKf000009duolOAA/view"", ""CCA Vertex AI para desarrollo"")","=HYPERLINK(""https://vector.lightning.force.com/lightning/r/Opportunity/006Kf00000NftrQIAR/view"", ""CCA Iniciativas AI"")",,Corporate,MCO CORP SUR,Build with AI,"Your Business, Your Models",Agent and Model Platform,0-2: Tech Eval/Solution Dev,2026-09-09,2026-11-25,"105,000.00",🟢 Ready (5 DRP Profiles),,
"=HYPERLINK(""https://vector.lightning.force.com/lightning/r/Account/0014M00002JmizDQAR/view"", ""Tech Pulse SPA"")","=HYPERLINK(""https://vector.lightning.force.com/lightning/r/Account/0014M00001hRPLjQAO/view"", ""Centro de Compensacion Automatizado S.A."")",2,"=HYPERLINK(""https://vector.lightning.force.com/lightning/r/Workload__c/aBJKf000009dumgOAA/view"", ""Seguridad ambiente productivo CCA"")","=HYPERLINK(""https://vector.lightning.force.com/lightning/r/Opportunity/006Kf00000Nfs0eIAB/view"", ""CCA Seguridad ambientes productivos"")",,Corporate,MCO CORP SUR,Security,Security,Security Workload,0-2: Tech Eval/Solution Dev,2026-11-19,2027-03-18,"85,000.00",🟢 Ready (11 DRP Profiles),,
"=HYPERLINK(""https://vector.lightning.force.com/lightning/r/Account/0014M00002JmizDQAR/view"", ""Tech Pulse SPA"")","=HYPERLINK(""https://vector.lightning.force.com/lightning/r/Account/0014M00001hRPLjQAO/view"", ""Centro de Compensacion Automatizado S.A."")",2,"=HYPERLINK(""https://vector.lightning.force.com/lightning/r/Workload__c/aBJKf000009dunOOAQ/view"", ""Data Analytics CCA"")","=HYPERLINK(""https://vector.lightning.force.com/lightning/r/Opportunity/006Kf00000NfshjIAB/view"", ""CCA Data Analytics"")",,Corporate,MCO CORP SUR,Analytics,"Migrate, Modernize, and Build with Data Cloud (Analytics)",Migrate Data Warehouses to BigQuery,0-2: Tech Eval/Solution Dev,2026-09-02,2026-11-25,"65,000.00",🟢 Ready (7 DRP Profiles),,
"=HYPERLINK(""https://vector.lightning.force.com/lightning/r/Account/0014M00002JmizDQAR/view"", ""Tech Pulse SPA"")","=HYPERLINK(""https://vector.lightning.force.com/lightning/r/Account/0014M00001hMxFUQA0/view"", ""Mudango"")",2,"=HYPERLINK(""https://vector.lightning.force.com/lightning/r/Workload__c/aBJKf000009tKspOAE/view"", ""Incremental Revenue Axmos"")",,,Corporate,MCO CORP SUR,,,,4.3: Migrated/Implemented,2025-08-20,2025-09-01,"24,000.00",🔴 Capacity Gap (0 DRP Profiles),,
"=HYPERLINK(""https://vector.lightning.force.com/lightning/r/Account/0014M00002JmizDQAR/view"", ""Tech Pulse SPA"")","=HYPERLINK(""https://vector.lightning.force.com/lightning/r/Account/0014M00001hRudBQAS/view"", ""Tenpo SpA"")",2,"=HYPERLINK(""https://vector.lightning.force.com/lightning/r/Workload__c/aBJKf000009oWeTOAU/view"", ""Tenpo -  SCC Premium"")","=HYPERLINK(""https://vector.lightning.force.com/lightning/r/Opportunity/006Kf00000LhzarIAB/view"", ""Tenpo B2C#GCP#Cloud Identity Migration"")","=HYPERLINK(""https://vector.lightning.force.com/lightning/r/Expert_Request__c/aAuKf000001189WKAQ/view"", ""ER-395703"")",Corporate,MCO CORP SUR,Security,Secure Innovation with Google Cloud,Security Workload,4.3: Migrated/Implemented,2026-03-10,2026-04-29,"25,000.00",🟢 Ready (11 DRP Profiles),,
"=HYPERLINK(""https://vector.lightning.force.com/lightning/r/Account/0014M00002JmizDQAR/view"", ""Tech Pulse SPA"")","=HYPERLINK(""https://vector.lightning.force.com/lightning/r/Account/0014M00001hefCEQAY/view"", ""Chazki"")",2,"=HYPERLINK(""https://vector.lightning.force.com/lightning/r/Workload__c/aBJKf00000829NwOAI/view"", ""Chazki - Azure to GCP"")","=HYPERLINK(""https://vector.lightning.force.com/lightning/r/Opportunity/006Kf00000KpCE1IAN/view"", ""CHAZKI CLOUD CONSOLIDATION (AWS+Azure) #INFRAMOD"")",,Corporate,MCO CORP CCA,Migrate Modernize and Build,"Migrate, Modernize and Build",Mainframe,4.3: Migrated/Implemented,2025-08-04,2025-10-27,"15,000.00",🟢 Ready (14 DRP Profiles),,
"=HYPERLINK(""https://vector.lightning.force.com/lightning/r/Account/0014M00002JmizDQAR/view"", ""Tech Pulse SPA"")","=HYPERLINK(""https://vector.lightning.force.com/lightning/r/Account/0014M00001hRPLjQAO/view"", ""Centro de Compensacion Automatizado S.A."")",2,"=HYPERLINK(""https://vector.lightning.force.com/lightning/r/Workload__c/aBJKf000006MUJKOA4/view"", ""parter interconnect - PIT"")","=HYPERLINK(""https://vector.lightning.force.com/lightning/r/Opportunity/006Kf00000Kglv2IAB/view"", ""CCA - Partner inteconnect"")","=HYPERLINK(""https://vector.lightning.force.com/lightning/r/Expert_Request__c/aAuKf000000LbtxKAC/view"", ""ER-353359"")",Corporate,MCO CORP SUR,Networking,,,4.3: Migrated/Implemented,2025-03-27,2025-03-30,"18,000.00",🟢 Ready (14 DRP Profiles),,
"=HYPERLINK(""https://vector.lightning.force.com/lightning/r/Account/0014M00002JmizDQAR/view"", ""Tech Pulse SPA"")","=HYPERLINK(""https://vector.lightning.force.com/lightning/r/Account/0014M00001hRudBQAS/view"", ""Tenpo SpA"")",2,"=HYPERLINK(""https://vector.lightning.force.com/lightning/r/Workload__c/aBJKf000006A8kDOAS/view"", ""Managed Database Tenpo"")","=HYPERLINK(""https://vector.lightning.force.com/lightning/r/Opportunity/006Kf00000JBvL8IAL/view"", ""Tenpo Database Migration Azure SQL to Manage Database #LAM"")",,Corporate,MCO CORP SUR,Migrate and Modernize Databases,"Migrate, Modernize, and Build with Data Cloud (Apigee)","Modernize Legacy Databases (Heterogeneous - SQL Server, Oracle etc.)",4.3: Migrated/Implemented,2025-02-20,2025-04-20,"240,000.00",🟢 Ready (6 DRP Profiles),,
"=HYPERLINK(""https://vector.lightning.force.com/lightning/r/Account/0014M00001h38aiQAA/view"", ""Devaid SPA"")","=HYPERLINK(""https://vector.lightning.force.com/lightning/r/Account/0014M00001hReHaQAK/view"", ""Empresa Nacional de Energia Enex S.A."")",2,"=HYPERLINK(""https://vector.lightning.force.com/lightning/r/Workload__c/aBJKf000004ZLF4OAO/view"", ""Enex Licencias de GE"")",,,Corporate,MCO CORP SUR,Build with AI,Lead the Agentic Workplace Transformation (Gemini Enterprise),Gemini Enterprise,0-2: Tech Eval/Solution Dev,2026-10-23,2026-11-20,"40,000.00",🟢 Ready (2 DRP Profiles),,
"=HYPERLINK(""https://vector.lightning.force.com/lightning/r/Account/0014M00001h38aiQAA/view"", ""Devaid SPA"")","=HYPERLINK(""https://vector.lightning.force.com/lightning/r/Account/0014M00001hu4UaQAI/view"", ""Sociedad Austral de Electricidad S.A."")",2,"=HYPERLINK(""https://vector.lightning.force.com/lightning/r/Workload__c/aBJKf000004ZDyzOAG/view"", ""Fotografias Medidores SAESA"")","=HYPERLINK(""https://vector.lightning.force.com/lightning/r/Opportunity/006Kf00000Omp5KIAR/view"", ""Aceleracion procesos fotografia AI"")",,Corporate,MCO CORP SUR,Storage,Cross Sales Play Solutions (Storage),Storage,4.3: Migrated/Implemented,2026-05-01,2026-06-30,"15,000.00",🔴 Capacity Gap (0 DRP Profiles),,
"=HYPERLINK(""https://vector.lightning.force.com/lightning/r/Account/0014M00001h38aiQAA/view"", ""Devaid SPA"")","=HYPERLINK(""https://vector.lightning.force.com/lightning/r/Account/0014M00001lHigMQAS/view"", ""Sociedad Austral de Electricidad S.A."")",2,"=HYPERLINK(""https://vector.lightning.force.com/lightning/r/Workload__c/aBJKf000009eCFrOAM/view"", ""Gemini Entperprise Full company Saesa"")","=HYPERLINK(""https://vector.lightning.force.com/lightning/r/Opportunity/006Kf00000Oo5guIAB/view"", ""Gemini Enterprise full company"")",,Corporate,MCO CORP SUR,Build with AI,Lead the Agentic Workplace Transformation (Gemini Enterprise),Gemini Enterprise,0-2: Tech Eval/Solution Dev,2027-03-18,2027-05-31,"400,000.00",🟢 Ready (2 DRP Profiles),,
"=HYPERLINK(""https://vector.lightning.force.com/lightning/r/Account/0014M00001h38aiQAA/view"", ""Devaid SPA"")","=HYPERLINK(""https://vector.lightning.force.com/lightning/r/Account/0014M00001hVrsEQAS/view"", ""Transelec S.A."")",2,"=HYPERLINK(""https://vector.lightning.force.com/lightning/r/Workload__c/aBJKf000009eC7nOAE/view"", ""Crecimiento G.E Transelec"")","=HYPERLINK(""https://vector.lightning.force.com/lightning/r/Opportunity/006Kf00000Ons3iIAB/view"", ""Crecimiento G.E Transelec"")",,Corporate,MCO CORP SUR,,,,0-2: Tech Eval/Solution Dev,2026-10-22,2026-11-20,"150,000.00",🔴 Capacity Gap (0 DRP Profiles),,
"=HYPERLINK(""https://vector.lightning.force.com/lightning/r/Account/0014M00001h38aiQAA/view"", ""Devaid SPA"")","=HYPERLINK(""https://vector.lightning.force.com/lightning/r/Account/0014M00001lHlfdQAC/view"", ""CGE"")",2,"=HYPERLINK(""https://vector.lightning.force.com/lightning/r/Workload__c/aBJKf000009eBuyOAE/view"", ""CGE - Gemini Enterprise + Agentes IA"")","=HYPERLINK(""https://vector.lightning.force.com/lightning/r/Opportunity/006Kf00000OmPQ0IAN/view"", ""CGE - 3000 seats Gemini Enterprise + Agentes IA"")","=HYPERLINK(""https://vector.lightning.force.com/lightning/r/Expert_Request__c/aAuKf000000PU7mKAG/view"", ""ER-480544"")",Corporate,MCO CORP SUR,Build with AI,Scale AI Apps and Agents,Drive Business Impact with Agents,3:  Proposal / Negotiation,2026-11-20,2026-12-25,"360,000.00",🟡 Constrained (1 DRP Profile),,
"=HYPERLINK(""https://vector.lightning.force.com/lightning/r/Account/0014M00001h38aiQAA/view"", ""Devaid SPA"")","=HYPERLINK(""https://vector.lightning.force.com/lightning/r/Account/0014M00001hu4UaQAI/view"", ""Sociedad Austral de Electricidad S.A."")",2,"=HYPERLINK(""https://vector.lightning.force.com/lightning/r/Workload__c/aBJKf000009eAwsOAE/view"", ""AI Analitica fotos"")","=HYPERLINK(""https://vector.lightning.force.com/lightning/r/Opportunity/006Kf00000Omp5KIAR/view"", ""Aceleracion procesos fotografia AI"")",,Corporate,MCO CORP SUR,Analytics,The Agentic Data Cloud,Data Agents & Tooling,3:  Proposal / Negotiation,2026-08-17,2026-09-14,"93,000.00",🟢 Ready (11 DRP Profiles),,
"=HYPERLINK(""https://vector.lightning.force.com/lightning/r/Account/0014M00001h38aiQAA/view"", ""Devaid SPA"")","=HYPERLINK(""https://vector.lightning.force.com/lightning/r/Account/0014M00001hc0ZsQAI/view"", ""Essbio"")",2,"=HYPERLINK(""https://vector.lightning.force.com/lightning/r/Workload__c/aBJKf0000082QcyOAE/view"", ""ESSBIO - WL AI iniciativas 2026 - Devaid"")","=HYPERLINK(""https://vector.lightning.force.com/lightning/r/Opportunity/006Kf00000ORMTeIAP/view"", ""Oportunidad 2026 - ESSBIO"")",,Corporate,MCO CORP SUR,Build with AI,Gemini Enterprise for Customer Experience (Build with AI),AI Search & Specialized AI,0-2: Tech Eval/Solution Dev,2026-06-23,2026-07-31,"66,588.00",🟡 Constrained (1 DRP Profile),,
"=HYPERLINK(""https://vector.lightning.force.com/lightning/r/Account/0014M00001h38aiQAA/view"", ""Devaid SPA"")","=HYPERLINK(""https://vector.lightning.force.com/lightning/r/Account/0014M00001hhdVzQAI/view"", ""Administradora de Fondos de Pensiones Habitat S.A."")",2,"=HYPERLINK(""https://vector.lightning.force.com/lightning/r/Workload__c/aBJKf0000082OFTOA2/view"", ""Habitat - WL - Analitica (Devaid)"")","=HYPERLINK(""https://vector.lightning.force.com/lightning/r/Opportunity/006Kf00000ODXTfIAP/view"", ""AFP Habitat - Data Anlitica de llamadas (Devaid)"")",,Corporate,MCO CORP SUR,Analytics,The Agentic Data Cloud,Data Agents & Tooling,0-2: Tech Eval/Solution Dev,2026-08-19,2026-12-21,"23,000.00",🟡 Constrained (1 DRP Profile),,
"=HYPERLINK(""https://vector.lightning.force.com/lightning/r/Account/0014M00001h38aiQAA/view"", ""Devaid SPA"")","=HYPERLINK(""https://vector.lightning.force.com/lightning/r/Account/0014M00001hReHaQAK/view"", ""Empresa Nacional de Energia Enex S.A."")",2,"=HYPERLINK(""https://vector.lightning.force.com/lightning/r/Workload__c/aBJKf000009dymeOAA/view"", ""Enex - Visualización de Camiones"")","=HYPERLINK(""https://vector.lightning.force.com/lightning/r/Opportunity/006Kf00000OE4WxIAL/view"", ""Enex - Visualización de Camiones en Tiempo Real dentro de una Geocerca (Devaid)"")",,Corporate,MCO CORP SUR,Analytics,"Migrate, Modernize, and Build with Data Cloud (Analytics)",Not a Solution,3:  Proposal / Negotiation,2026-10-23,2026-11-20,"99,600.00",🟡 Constrained (1 DRP Profile),,
"=HYPERLINK(""https://vector.lightning.force.com/lightning/r/Account/0014M00001h38aiQAA/view"", ""Devaid SPA"")","=HYPERLINK(""https://vector.lightning.force.com/lightning/r/Account/0014M00001hc3GPQAY/view"", ""Aza"")",2,"=HYPERLINK(""https://vector.lightning.force.com/lightning/r/Workload__c/aBJKf000009dyoBOAQ/view"", ""Aza Agentes Devaid IA"")","=HYPERLINK(""https://vector.lightning.force.com/lightning/r/Opportunity/006Kf00000O0E6qIAF/view"", ""Aza Agentes Devaid IA"")","=HYPERLINK(""https://vector.lightning.force.com/lightning/r/Expert_Request__c/aAuKf000000PaAwKAK/view"", ""ER-494856"")",Corporate,MCO CORP SUR,Build with AI,Scale AI Apps and Agents,Drive Business Impact with Agents,4.1: Pre Ramp / Mobilize,2026-04-24,2026-05-29,"30,000.00",🟡 Constrained (1 DRP Profile),,
"=HYPERLINK(""https://vector.lightning.force.com/lightning/r/Account/0014M00001h38aiQAA/view"", ""Devaid SPA"")","=HYPERLINK(""https://vector.lightning.force.com/lightning/r/Account/0014M00001htuRrQAI/view"", ""Chilquinta Energia S.A."")",2,"=HYPERLINK(""https://vector.lightning.force.com/lightning/r/Workload__c/aBJKf000009dxbdOAA/view"", ""Chilquinta Procesamiento de Audios Devaid"")","=HYPERLINK(""https://vector.lightning.force.com/lightning/r/Opportunity/006Kf00000Lj8TVIAZ/view"", ""Chilquinta Energia S.A. - GCP - procesamiento audio"")",,Corporate,MCO CORP SUR,Build with AI,"Your Business, Your Models",Agent and Model Platform,0-2: Tech Eval/Solution Dev,2026-10-09,2026-11-13,"68,000.00",🟡 Constrained (1 DRP Profile),,
"=HYPERLINK(""https://vector.lightning.force.com/lightning/r/Account/0014M00001h38aiQAA/view"", ""Devaid SPA"")","=HYPERLINK(""https://vector.lightning.force.com/lightning/r/Account/0014M00001tIBJLQA4/view"", ""Cemento Polpaico S.A."")",2,"=HYPERLINK(""https://vector.lightning.force.com/lightning/r/Workload__c/aBJKf000009dxapOAA/view"", ""Polpaico - POC Forecasting AutoML y BigqueryML#SalesCreditPOC"")","=HYPERLINK(""https://vector.lightning.force.com/lightning/r/Opportunity/006Kf00000NwzJ4IAJ/view"", ""Polpaico - POC Forecasting AutoML y BigqueryML#SalesCreditPOC"")","=HYPERLINK(""https://vector.lightning.force.com/lightning/r/Expert_Request__c/aAuKf000000ttroKAA/view"", ""ER-465405"")",Corporate,MCO CORP SUR,Analytics,"Migrate, Modernize, and Build with Data Cloud (Analytics)",Migrate Data Warehouses to BigQuery,3:  Proposal / Negotiation,2026-08-31,2026-09-30,"45,000.00",🟢 Ready (11 DRP Profiles),,
"=HYPERLINK(""https://vector.lightning.force.com/lightning/r/Account/0014M00001h38aiQAA/view"", ""Devaid SPA"")","=HYPERLINK(""https://vector.lightning.force.com/lightning/r/Account/0014M00001lHigMQAS/view"", ""Sociedad Austral de Electricidad S.A."")",2,"=HYPERLINK(""https://vector.lightning.force.com/lightning/r/Workload__c/aBJKf000009dumkOAA/view"", ""Winback Frabric - Saesa"")","=HYPERLINK(""https://vector.lightning.force.com/lightning/r/Opportunity/006Kf00000Nfs01IAB/view"", ""SAESA Winback Frabric"")",,Corporate,MCO CORP SUR,Migrate Modernize and Build,"Migrate, Modernize and Build",Microsoft,0-2: Tech Eval/Solution Dev,2026-09-03,2026-12-17,"150,000.00",🔴 Capacity Gap (0 DRP Profiles),,
"=HYPERLINK(""https://vector.lightning.force.com/lightning/r/Account/0014M00001h38aiQAA/view"", ""Devaid SPA"")","=HYPERLINK(""https://vector.lightning.force.com/lightning/r/Account/0014M00001hVrsEQAS/view"", ""Transelec S.A."")",2,"=HYPERLINK(""https://vector.lightning.force.com/lightning/r/Workload__c/aBJKf000009dunJOAQ/view"", ""Iniciativas AI Vertex"")","=HYPERLINK(""https://vector.lightning.force.com/lightning/r/Opportunity/006Kf00000NfseKIAR/view"", ""Transelec Iniciativas AI"")","=HYPERLINK(""https://vector.lightning.force.com/lightning/r/Expert_Request__c/aAuKf000000PP9sKAG/view"", ""ER-468695"")",Corporate,MCO CORP SUR,Build with AI,"Your Business, Your Models",Agent and Model Platform,4.3: Migrated/Implemented,2026-02-10,2026-04-29,"150,000.00",🟡 Constrained (1 DRP Profile),,
"=HYPERLINK(""https://vector.lightning.force.com/lightning/r/Account/0014M00001h38aiQAA/view"", ""Devaid SPA"")","=HYPERLINK(""https://vector.lightning.force.com/lightning/r/Account/0014M00001hVrsEQAS/view"", ""Transelec S.A."")",2,"=HYPERLINK(""https://vector.lightning.force.com/lightning/r/Workload__c/aBJKf000009dumuOAA/view"", ""Cloud Security Transelec"")","=HYPERLINK(""https://vector.lightning.force.com/lightning/r/Opportunity/006Kf00000NfsGrIAJ/view"", ""Transelec Cloud Security"")",,Corporate,MCO CORP SUR,Security,Security,Security Workload,0-2: Tech Eval/Solution Dev,2026-10-19,2026-11-25,"105,000.00",🔴 Capacity Gap (0 DRP Profiles),,
"=HYPERLINK(""https://vector.lightning.force.com/lightning/r/Account/0014M00001h38aiQAA/view"", ""Devaid SPA"")","=HYPERLINK(""https://vector.lightning.force.com/lightning/r/Account/0014M00001lHigMQAS/view"", ""Sociedad Austral de Electricidad S.A."")",2,"=HYPERLINK(""https://vector.lightning.force.com/lightning/r/Workload__c/aBJKf000009dunEOAQ/view"", ""Vertex AI"")","=HYPERLINK(""https://vector.lightning.force.com/lightning/r/Opportunity/006Kf00000NfsYqIAJ/view"", ""SAESA  iniciativas Vertex AI"")",,Corporate,MCO CORP SUR,Build with AI,"Your Business, Your Models",Agent and Model Platform,0-2: Tech Eval/Solution Dev,2026-10-20,2026-12-20,"75,000.00",🟡 Constrained (1 DRP Profile),,
"=HYPERLINK(""https://vector.lightning.force.com/lightning/r/Account/0014M00001h38aiQAA/view"", ""Devaid SPA"")","=HYPERLINK(""https://vector.lightning.force.com/lightning/r/Account/0014M00001lHlfdQAC/view"", ""CGE"")",2,"=HYPERLINK(""https://vector.lightning.force.com/lightning/r/Workload__c/aBJKf000009tJ0sOAE/view"", ""CGE - Regulatorio Imagenes"")","=HYPERLINK(""https://vector.lightning.force.com/lightning/r/Opportunity/006Kf00000Mz9KcIAJ/view"", ""CGE Regulatorio Imagenes"")",,Corporate,MCO CORP SUR,Build with AI,Leverage Generative Media in your Business,Generative Media,4.3: Migrated/Implemented,2026-03-31,2026-06-26,"30,000.00",🟡 Constrained (1 DRP Profile),,
"=HYPERLINK(""https://vector.lightning.force.com/lightning/r/Account/0014M00001h38aiQAA/view"", ""Devaid SPA"")","=HYPERLINK(""https://vector.lightning.force.com/lightning/r/Account/0014M00001hVrsEQAS/view"", ""Transelec S.A."")",2,"=HYPERLINK(""https://vector.lightning.force.com/lightning/r/Workload__c/aBJKf000009tDqSOAU/view"", ""Gemini Enterprise"")","=HYPERLINK(""https://vector.lightning.force.com/lightning/r/Opportunity/006Kf00000MLwm0IAD/view"", ""Transelec Gemini Enterprise for Data"")","ER-496259, ER-435477",Corporate,MCO CORP SUR,Build with AI,,Not a Solution,4.3: Migrated/Implemented,2026-01-21,2026-04-22,"45,900.00",🔴 Capacity Gap (0 DRP Profiles),,
"=HYPERLINK(""https://vector.lightning.force.com/lightning/r/Account/0014M00001h38aiQAA/view"", ""Devaid SPA"")","=HYPERLINK(""https://vector.lightning.force.com/lightning/r/Account/0014M00001lHigMQAS/view"", ""Sociedad Austral de Electricidad S.A."")",2,"=HYPERLINK(""https://vector.lightning.force.com/lightning/r/Workload__c/aBJKf000009oVMxOAM/view"", ""Saesa - Data"")","=HYPERLINK(""https://vector.lightning.force.com/lightning/r/Opportunity/006Kf00000KZDMYIA5/view"", ""Sociedad Austral de Electricidad S.A. - GCP"")","ER-412030, ER-432787",Corporate,MCO CORP SUR,Analytics,,,4.3: Migrated/Implemented,2025-08-30,2025-12-14,"100,000.00",🟢 Ready (11 DRP Profiles),,
"=HYPERLINK(""https://vector.lightning.force.com/lightning/r/Account/0014M00001h38aiQAA/view"", ""Devaid SPA"")","=HYPERLINK(""https://vector.lightning.force.com/lightning/r/Account/0014M00001hMjsHQAS/view"", ""CIAL - Consorcio Industrial de Alimentos S.A."")",2,"=HYPERLINK(""https://vector.lightning.force.com/lightning/r/Workload__c/aBJKf000009t63tOAA/view"", ""Cial Landing Zone"")","=HYPERLINK(""https://vector.lightning.force.com/lightning/r/Opportunity/006Kf00000JNCi1IAH/view"", ""CIAL - Consorcio Industrial de Alimentos S.A. - GCP (Devaid - LZ)"")",,Corporate,MCO CORP SUR,Migrate Modernize and Build,"Migrate, Modernize and Build",Mainframe,4.3: Migrated/Implemented,2025-08-22,2025-10-27,"20,000.00",🔴 Capacity Gap (0 DRP Profiles),,
"=HYPERLINK(""https://vector.lightning.force.com/lightning/r/Account/0014M00001h38aiQAA/view"", ""Devaid SPA"")","=HYPERLINK(""https://vector.lightning.force.com/lightning/r/Account/0014M00001lHlfdQAC/view"", ""CGE"")",2,"=HYPERLINK(""https://vector.lightning.force.com/lightning/r/Workload__c/aBJKf000009t4YaOAI/view"", ""GCE Procesamiento Imagenes"")","=HYPERLINK(""https://vector.lightning.force.com/lightning/r/Opportunity/006Kf00000LEYneIAH/view"", ""CGE - Procesamiento de Imagenes"")",,Corporate,MCO CORP SUR,Build with AI,Scale AI Apps and Agents,Drive Business Impact with Agents,4.3: Migrated/Implemented,2025-08-29,2025-12-26,"20,000.00",🟡 Constrained (1 DRP Profile),,
"=HYPERLINK(""https://vector.lightning.force.com/lightning/r/Account/0014M00001h38aiQAA/view"", ""Devaid SPA"")","=HYPERLINK(""https://vector.lightning.force.com/lightning/r/Account/0014M00001htuRrQAI/view"", ""Chilquinta Energia S.A."")",2,"=HYPERLINK(""https://vector.lightning.force.com/lightning/r/Workload__c/aBJKf000009t0RWOAY/view"", ""Networking Arquitecture - Devaid"")","=HYPERLINK(""https://vector.lightning.force.com/lightning/r/Opportunity/006Kf00000KbCblIAF/view"", ""Chilquinta Energia S.A. - Google Cloud Platform - Devaid (NW Arq)#SalesCreditPOC"")",,Corporate,MCO CORP SUR,Networking,Managed Global WAN (Cloud WAN),Networking,4.3: Migrated/Implemented,2025-12-12,2025-12-19,"8,000.00",🔴 Capacity Gap (0 DRP Profiles),,
"=HYPERLINK(""https://vector.lightning.force.com/lightning/r/Account/0014M00001h38aiQAA/view"", ""Devaid SPA"")","=HYPERLINK(""https://vector.lightning.force.com/lightning/r/Account/0014M00001hVrsEQAS/view"", ""Transelec S.A."")",2,"=HYPERLINK(""https://vector.lightning.force.com/lightning/r/Workload__c/aBJKf000006MUKXOA4/view"", ""Partner INterconnect resiliencia"")","=HYPERLINK(""https://vector.lightning.force.com/lightning/r/Opportunity/006Kf00000Kgm3zIAB/view"", ""Transelec Partner INterconnect resiliencia"")",,Corporate,MCO CORP SUR,Networking,Cross Sales Play Solutions (Networking),Networking,4.3: Migrated/Implemented,2025-03-12,2025-03-19,"36,000.00",🔴 Capacity Gap (0 DRP Profiles),,
"=HYPERLINK(""https://vector.lightning.force.com/lightning/r/Account/0014M00001h38aiQAA/view"", ""Devaid SPA"")","=HYPERLINK(""https://vector.lightning.force.com/lightning/r/Account/0014M00001hMjsHQAS/view"", ""CIAL - Consorcio Industrial de Alimentos S.A."")",2,"=HYPERLINK(""https://vector.lightning.force.com/lightning/r/Workload__c/aBJKf000009ssEaOAI/view"", ""SAP RISE Sandbox #Q3CloseAcc"")","=HYPERLINK(""https://vector.lightning.force.com/lightning/r/Opportunity/006Kf00000JOJuUIAX/view"", ""CIAL - Google Cloud Platform #SAPGCP"")","=HYPERLINK(""https://vector.lightning.force.com/lightning/r/Expert_Request__c/aAuKf000000LbtwKAC/view"", ""ER-353357"")",Corporate,MCO CORP SUR,Migrate Modernize and Build,,,4.3: Migrated/Implemented,2025-08-29,2025-09-19,"60,000.00",🔴 Capacity Gap (0 DRP Profiles),,
"=HYPERLINK(""https://vector.lightning.force.com/lightning/r/Account/0014M00002M7lcJQAR/view"", ""UCLOUD STORE COLOMBIA S A S"")","=HYPERLINK(""https://vector.lightning.force.com/lightning/r/Account/0014M00001qLmKjQAK/view"", ""BBI COLOMBIA S.A.S,"")",2,"=HYPERLINK(""https://vector.lightning.force.com/lightning/r/Workload__c/aBJKf000009ePfSOAU/view"", ""BBI - Infraestructura On prem"")","=HYPERLINK(""https://vector.lightning.force.com/lightning/r/Opportunity/006Kf00000OrIADIA3/view"", ""BBI Optimización infra Onprem"")",,Corporate,MCO CORP NORTE,Migrate Modernize and Build,"Migrate, Modernize and Build",GKE/CloudRun,0-2: Tech Eval/Solution Dev,2026-10-28,2026-12-23,0.00,🔴 Capacity Gap (0 DRP Profiles),,
"=HYPERLINK(""https://vector.lightning.force.com/lightning/r/Account/0014M00002M7lcJQAR/view"", ""UCLOUD STORE COLOMBIA S A S"")","=HYPERLINK(""https://vector.lightning.force.com/lightning/r/Account/0014M00002RRNIaQAP/view"", ""BIA ENERGY S A S E S P"")",2,"=HYPERLINK(""https://vector.lightning.force.com/lightning/r/Workload__c/aBJKf000009eOi6OAE/view"", ""Bia Energy - Migración de cargas"")","=HYPERLINK(""https://vector.lightning.force.com/lightning/r/Opportunity/006Kf00000Or7KlIAJ/view"", ""Bia Energy - Migracion Cargas on demand"")",,Corporate,MCO CORP NORTE,Migrate Modernize and Build,,,3:  Proposal / Negotiation,2026-10-21,2026-10-29,"108,000.00",🔴 Capacity Gap (0 DRP Profiles),,
"=HYPERLINK(""https://vector.lightning.force.com/lightning/r/Account/0014M00002M7lcJQAR/view"", ""UCLOUD STORE COLOMBIA S A S"")","=HYPERLINK(""https://vector.lightning.force.com/lightning/r/Account/0014M00001hdMeiQAE/view"", ""La Haus SAS"")",2,"=HYPERLINK(""https://vector.lightning.force.com/lightning/r/Workload__c/aBJKf000009eOhwOAE/view"", ""La Haus - DR Máquinasy"")",,,Corporate,MCO CORP NORTE,Infra AI,,,0-2: Tech Eval/Solution Dev,2026-09-02,2026-09-23,"48,000.00",🔴 Capacity Gap (0 DRP Profiles),,
"=HYPERLINK(""https://vector.lightning.force.com/lightning/r/Account/0014M00002M7lcJQAR/view"", ""UCLOUD STORE COLOMBIA S A S"")","=HYPERLINK(""https://vector.lightning.force.com/lightning/r/Account/0014M000029T6o5QAC/view"", ""Bewe Software Colombia S A S"")",2,"=HYPERLINK(""https://vector.lightning.force.com/lightning/r/Workload__c/aBJKf000009eOhNOAU/view"", ""bewe - Ondemand platform"")","=HYPERLINK(""https://vector.lightning.force.com/lightning/r/Opportunity/006Kf00000PihWoIAJ/view"", ""FY26-Bewe #out #Ondemand Plataform"")",,Corporate,MCO CORP NORTE,Build with AI,,,3:  Proposal / Negotiation,2026-09-16,2026-10-06,"36,000.00",🔴 Capacity Gap (0 DRP Profiles),,
"=HYPERLINK(""https://vector.lightning.force.com/lightning/r/Account/0014M00002M7lcJQAR/view"", ""UCLOUD STORE COLOMBIA S A S"")","=HYPERLINK(""https://vector.lightning.force.com/lightning/r/Account/0014M00001hWtN4QAK/view"", ""AUTOTECNICA COLOMBIANA S A S"")",2,"=HYPERLINK(""https://vector.lightning.force.com/lightning/r/Workload__c/aBJKf000009kJkVOAU/view"", ""Databases #LAM"")","=HYPERLINK(""https://vector.lightning.force.com/lightning/r/Opportunity/006Kf00000NOGJ1IAP/view"", ""Auteco_ vtex Iaas #LAM"")",,Corporate,MCO CORP NORTE,Migrate and Modernize Databases,"Migrate, Modernize, and Build with Data Cloud (Databases)","Move to Managed Databases (Homogeneous - Cloud SQL, AlloyDB, Firestore)",3:  Proposal / Negotiation,2026-09-30,2026-09-30,"25,000.00",🔴 Capacity Gap (0 DRP Profiles),,
"=HYPERLINK(""https://vector.lightning.force.com/lightning/r/Account/0014M00002M7lcJQAR/view"", ""UCLOUD STORE COLOMBIA S A S"")","=HYPERLINK(""https://vector.lightning.force.com/lightning/r/Account/0014M00001hWtN4QAK/view"", ""AUTOTECNICA COLOMBIANA S A S"")",2,"=HYPERLINK(""https://vector.lightning.force.com/lightning/r/Workload__c/aBJKf000009tSEhOAM/view"", ""Auteco_ vtex Iaas"")","=HYPERLINK(""https://vector.lightning.force.com/lightning/r/Opportunity/006Kf00000NOGJ1IAP/view"", ""Auteco_ vtex Iaas #LAM"")",,Corporate,MCO CORP NORTE,Build with AI,Gemini Enterprise for Customer Experience (Build with AI),AI Search & Specialized AI,4.3: Migrated/Implemented,2026-07-13,2026-07-30,"50,000.00",🔴 Capacity Gap (0 DRP Profiles),,
"=HYPERLINK(""https://vector.lightning.force.com/lightning/r/Account/0014M00002M7lcJQAR/view"", ""UCLOUD STORE COLOMBIA S A S"")","=HYPERLINK(""https://vector.lightning.force.com/lightning/r/Account/0014M00001hWtM3QAK/view"", ""Envía Colvanes"")",2,"=HYPERLINK(""https://vector.lightning.force.com/lightning/r/Workload__c/aBJKf000009duF2OAI/view"", ""ENvia_ cloudarmor"")","=HYPERLINK(""https://vector.lightning.force.com/lightning/r/Opportunity/006Kf00000NMaV7IAL/view"", ""ENvia_cloudArmor_GCP"")","=HYPERLINK(""https://vector.lightning.force.com/lightning/r/Expert_Request__c/aAuKf000000PD0AKAW/view"", ""ER-440851"")",Corporate,MCO CORP NORTE,Security,Secure Innovation with Google Cloud,Security Workload,4.3: Migrated/Implemented,2025-11-14,2025-11-14,"36,000.00",🔴 Capacity Gap (0 DRP Profiles),,
"=HYPERLINK(""https://vector.lightning.force.com/lightning/r/Account/0014M00002M7lcJQAR/view"", ""UCLOUD STORE COLOMBIA S A S"")","=HYPERLINK(""https://vector.lightning.force.com/lightning/r/Account/0014M00001hWtM3QAK/view"", ""Envía Colvanes"")",2,"=HYPERLINK(""https://vector.lightning.force.com/lightning/r/Workload__c/aBJKf000009tLDDOA2/view"", ""SCCE_ ENvia"")","=HYPERLINK(""https://vector.lightning.force.com/lightning/r/Opportunity/006Kf00000M6Yc1IAF/view"", ""Envia Colvanes  #SCCE  #Security"")","ER-434768, ER-440857, ER-439352, ER-434769",Corporate,MCO CORP NORTE,Security,Secure Innovation with Google Cloud,Security Workload,4.3: Migrated/Implemented,2025-12-08,2025-12-08,"30,000.00",🔴 Capacity Gap (0 DRP Profiles),,
"=HYPERLINK(""https://vector.lightning.force.com/lightning/r/Account/0014M00002M7lcJQAR/view"", ""UCLOUD STORE COLOMBIA S A S"")","=HYPERLINK(""https://vector.lightning.force.com/lightning/r/Account/0014M00001hWtN4QAK/view"", ""AUTOTECNICA COLOMBIANA S A S"")",2,"=HYPERLINK(""https://vector.lightning.force.com/lightning/r/Workload__c/aBJKf000009t3q4OAA/view"", ""veo2_Auteco_gemini"")","=HYPERLINK(""https://vector.lightning.force.com/lightning/r/Opportunity/006Kf00000JOtWuIAL/view"", ""veo2_Auteco"")","=HYPERLINK(""https://vector.lightning.force.com/lightning/r/Expert_Request__c/aAuKf000000tK1JKAU/view"", ""ER-381616"")",Corporate,MCO CORP NORTE,,,,4.3: Migrated/Implemented,2025-03-10,2025-03-14,"10,000.00",🔴 Capacity Gap (0 DRP Profiles),,
"=HYPERLINK(""https://vector.lightning.force.com/lightning/r/Account/0014M00002M7lcJQAR/view"", ""UCLOUD STORE COLOMBIA S A S"")","=HYPERLINK(""https://vector.lightning.force.com/lightning/r/Account/0014M00001rezstQAA/view"", ""Lucro App"")",2,"=HYPERLINK(""https://vector.lightning.force.com/lightning/r/Workload__c/aBJKf000006MYEJOA4/view"", ""Lucro App - DBMod"")","=HYPERLINK(""https://vector.lightning.force.com/lightning/r/Opportunity/006Kf00000KZCgcIAH/view"", ""Lucro App - Google Cloud Platform #M25 #DBMod"")","=HYPERLINK(""https://vector.lightning.force.com/lightning/r/Expert_Request__c/aAuKf000000kN3zKAE/view"", ""ER-394156"")",Corporate,MCO CORP NORTE,Migrate and Modernize Databases,"Migrate, Modernize, and Build with Data Cloud (Apigee)","Modernize Legacy Databases (Heterogeneous - SQL Server, Oracle etc.)",4.3: Migrated/Implemented,2025-08-04,2025-09-05,"138,687.84",🔴 Capacity Gap (0 DRP Profiles),,
"=HYPERLINK(""https://vector.lightning.force.com/lightning/r/Account/0014M00002M7lcJQAR/view"", ""UCLOUD STORE COLOMBIA S A S"")","=HYPERLINK(""https://vector.lightning.force.com/lightning/r/Account/0014M00001jPo0HQAS/view"", ""foodology.com.co"")",2,"=HYPERLINK(""https://vector.lightning.force.com/lightning/r/Workload__c/aBJKf000009oRJVOA2/view"", ""Foodology - Analytics expansion"")","=HYPERLINK(""https://vector.lightning.force.com/lightning/r/Opportunity/006Kf00000Jf3J3IAJ/view"", ""Foodology - Analitycs expansion"")","=HYPERLINK(""https://vector.lightning.force.com/lightning/r/Expert_Request__c/aAuKf000000kMiDKAU/view"", ""ER-392729"")",Corporate,MCO CORP NORTE,Analytics,,,4.3: Migrated/Implemented,2025-05-23,2025-07-10,"24,000.00",🔴 Capacity Gap (0 DRP Profiles),,
"=HYPERLINK(""https://vector.lightning.force.com/lightning/r/Account/0014M00002M7lcJQAR/view"", ""UCLOUD STORE COLOMBIA S A S"")","=HYPERLINK(""https://vector.lightning.force.com/lightning/r/Account/0014M00001h6qv8QAA/view"", ""Analítica SAS"")",2,"=HYPERLINK(""https://vector.lightning.force.com/lightning/r/Workload__c/aBJKf000000GpJvOAK/view"", ""Analitica SAS - Cortex"")","=HYPERLINK(""https://vector.lightning.force.com/lightning/r/Opportunity/006Kf00000JC01QIAT/view"", ""Analitica SAS - Hardening seguridad"")",,Corporate,MCO CORP NORTE,Analytics,,,4.3: Migrated/Implemented,2025-02-24,2025-05-19,"28,800.00",🔴 Capacity Gap (0 DRP Profiles),,
"=HYPERLINK(""https://vector.lightning.force.com/lightning/r/Account/0014M00002M7lcJQAR/view"", ""UCLOUD STORE COLOMBIA S A S"")","=HYPERLINK(""https://vector.lightning.force.com/lightning/r/Account/0014M00001hd7hzQAA/view"", ""DOMINA ENTREGA TOTAL S A S"")",2,"=HYPERLINK(""https://vector.lightning.force.com/lightning/r/Workload__c/aBJKf000006AC0xOAG/view"", ""Domina Entrega - Data Analytics"")","=HYPERLINK(""https://vector.lightning.force.com/lightning/r/Opportunity/006Kf00000KYfYHIA1/view"", ""DOMINA ENTREGA TOTAL S A S - Google Cloud Platform - #M25"")",,Corporate,MCO CORP NORTE,Analytics,"Migrate, Modernize, and Build with Data Cloud (Analytics)",Not a Solution,4.3: Migrated/Implemented,2025-03-24,2026-03-01,"12,790.00",🔴 Capacity Gap (0 DRP Profiles),,
"=HYPERLINK(""https://vector.lightning.force.com/lightning/r/Account/0014M00001kxZPMQA2/view"", ""Tivit Chile Tercerizacion De Procesos, Servicios Y Tecnologia Spa"")","=HYPERLINK(""https://vector.lightning.force.com/lightning/r/Account/0014M00001hgtNQQAY/view"", ""Masisa S.A"")",2,"=HYPERLINK(""https://vector.lightning.force.com/lightning/r/Workload__c/aBJKf000009oTvHOAU/view"", ""[Masisa] - DM - SQL Server, MySQL, PostgreSQL Modernization to PaaS"")","=HYPERLINK(""https://vector.lightning.force.com/lightning/r/Opportunity/006Kf00000KZPh1IAH/view"", ""[Masisa] - DM - SQL Server, MySQL, PostgreSQL Modernization to PaaS"")","ER-387963, ER-467909",MCO,Chile,Migrate and Modernize Databases,"Migrate, Modernize, and Build with Data Cloud (Databases)","Move to Managed Databases (Homogeneous - Cloud SQL, AlloyDB, Firestore)",3:  Proposal / Negotiation,2027-01-28,2027-06-30,"80,000.00",🔴 Capacity Gap (0 DRP Profiles),,
"=HYPERLINK(""https://vector.lightning.force.com/lightning/r/Account/0014M00001uFlbSQAS/view"", ""VPN Soluçoes em TI LTDA"")","=HYPERLINK(""https://vector.lightning.force.com/lightning/r/Account/0014M00001hie7AQAQ/view"", ""Reifen Investimentos e Participacoes Empresariais Ltda"")",2,"=HYPERLINK(""https://vector.lightning.force.com/lightning/r/Workload__c/aBJKf000009eRSBOA2/view"", ""Magnum - GE"")","=HYPERLINK(""https://vector.lightning.force.com/lightning/r/Opportunity/006Kf00000Of8fgIAB/view"", ""Magnum #GCP #GE #CS"")",,Corporate,BR CORP,Build with AI,Lead the Agentic Workplace Transformation (Gemini Enterprise),Gemini Enterprise,0-2: Tech Eval/Solution Dev,2026-08-19,2026-09-29,"80,000.00",🟡 Constrained (1 DRP Profile),,
"=HYPERLINK(""https://vector.lightning.force.com/lightning/r/Account/0014M00001uFlbSQAS/view"", ""VPN Soluçoes em TI LTDA"")","=HYPERLINK(""https://vector.lightning.force.com/lightning/r/Account/0014M00001hvUAvQAM/view"", ""Grupo Poly"")",2,"=HYPERLINK(""https://vector.lightning.force.com/lightning/r/Workload__c/aBJKf000009kLLrOAM/view"", ""Novas Frentes VPN - Infra"")","=HYPERLINK(""https://vector.lightning.force.com/lightning/r/Opportunity/006Kf00000OYmvKIAT/view"", ""Grupo Poly - Infra AI"")",,Corporate,BR CORP,Infra AI,AI Infrastructure,AI Infra - Other,0-2: Tech Eval/Solution Dev,2026-09-07,2026-09-29,"250,000.00",🟢 Ready (6 DRP Profiles),,
"=HYPERLINK(""https://vector.lightning.force.com/lightning/r/Account/0014M00001uFlbSQAS/view"", ""VPN Soluçoes em TI LTDA"")","=HYPERLINK(""https://vector.lightning.force.com/lightning/r/Account/0014M00001hvUAvQAM/view"", ""Grupo Poly"")",2,"=HYPERLINK(""https://vector.lightning.force.com/lightning/r/Workload__c/aBJKf000009eQyVOAU/view"", ""Grupo Poly - BQ"")","=HYPERLINK(""https://vector.lightning.force.com/lightning/r/Opportunity/006Kf00000Of7gOIAR/view"", ""Grupo Poly #GCP #BQ"")",,Corporate,BR CORP,Migrate and Modernize Databases,"Migrate, Modernize, and Build with Data Cloud (Databases)",,0-2: Tech Eval/Solution Dev,2026-09-16,2026-09-29,"80,000.00",🔴 Capacity Gap (0 DRP Profiles),,
"=HYPERLINK(""https://vector.lightning.force.com/lightning/r/Account/0014M00001uFlbSQAS/view"", ""VPN Soluçoes em TI LTDA"")","=HYPERLINK(""https://vector.lightning.force.com/lightning/r/Account/0014M00001higWwQAI/view"", ""FAST2 MINE TECNOLOGIA E DESENVOLVIMENTO DE SISTEMAS LTDA"")",2,"=HYPERLINK(""https://vector.lightning.force.com/lightning/r/Workload__c/aBJKf000009eQyaOAE/view"", ""Fast2Mine - DB"")","=HYPERLINK(""https://vector.lightning.force.com/lightning/r/Opportunity/006Kf00000Of7gdIAB/view"", ""Fast2Mine #GCP #DB"")",,Corporate,BR CORP,Migrate and Modernize Databases,,,0-2: Tech Eval/Solution Dev,2026-09-24,2026-09-29,"80,000.00",🔴 Capacity Gap (0 DRP Profiles),,
"=HYPERLINK(""https://vector.lightning.force.com/lightning/r/Account/0014M00001uFlbSQAS/view"", ""VPN Soluçoes em TI LTDA"")","=HYPERLINK(""https://vector.lightning.force.com/lightning/r/Account/0014M00001hY61hQAC/view"", ""Ancar Administradora de Shopping Centers"")",2,"=HYPERLINK(""https://vector.lightning.force.com/lightning/r/Workload__c/aBJKf000009kLGhOAM/view"", ""Ancar | Apigee"")","=HYPERLINK(""https://vector.lightning.force.com/lightning/r/Opportunity/006Kf00000OC0LGIA1/view"", ""Ancar | Agent Platform"")",,Corporate,BR CORP,Migrate Modernize and Build,,,3:  Proposal / Negotiation,2026-09-21,2026-10-26,"48,000.00",🔴 Capacity Gap (0 DRP Profiles),,
"=HYPERLINK(""https://vector.lightning.force.com/lightning/r/Account/0014M00001uFlbSQAS/view"", ""VPN Soluçoes em TI LTDA"")","=HYPERLINK(""https://vector.lightning.force.com/lightning/r/Account/0014M00001hie7AQAQ/view"", ""Reifen Investimentos e Participacoes Empresariais Ltda"")",2,"=HYPERLINK(""https://vector.lightning.force.com/lightning/r/Workload__c/aBJKf000009eQ27OAE/view"", ""Magnum - SCC"")","=HYPERLINK(""https://vector.lightning.force.com/lightning/r/Opportunity/006Kf00000Of5AaIAJ/view"", ""Magnum #GCP #SCC #Outbound"")",,Corporate,BR CORP,Security,Secure Innovation with Google Cloud,Security Workload,0-2: Tech Eval/Solution Dev,2026-08-19,2026-09-29,"75,000.00",🟡 Constrained (1 DRP Profile),,
"=HYPERLINK(""https://vector.lightning.force.com/lightning/r/Account/0014M00001uFlbSQAS/view"", ""VPN Soluçoes em TI LTDA"")","=HYPERLINK(""https://vector.lightning.force.com/lightning/r/Account/0014M00001hie7AQAQ/view"", ""Reifen Investimentos e Participacoes Empresariais Ltda"")",2,"=HYPERLINK(""https://vector.lightning.force.com/lightning/r/Workload__c/aBJKf000009eQ22OAE/view"", ""Magnum - CloudIdentity"")","=HYPERLINK(""https://vector.lightning.force.com/lightning/r/Opportunity/006Kf00000Of5A1IAJ/view"", ""Magnum #GCP #CloudArmor #Outbound"")",,Corporate,BR CORP,Migrate Modernize and Build,,,0-2: Tech Eval/Solution Dev,2026-08-26,2026-09-23,"60,000.00",🔴 Capacity Gap (0 DRP Profiles),,
"=HYPERLINK(""https://vector.lightning.force.com/lightning/r/Account/0014M00001uFlbSQAS/view"", ""VPN Soluçoes em TI LTDA"")","=HYPERLINK(""https://vector.lightning.force.com/lightning/r/Account/0014M00001hie7AQAQ/view"", ""Reifen Investimentos e Participacoes Empresariais Ltda"")",2,"=HYPERLINK(""https://vector.lightning.force.com/lightning/r/Workload__c/aBJKf000009eQ1nOAE/view"", ""Magnum - GeminiPlatform"")","=HYPERLINK(""https://vector.lightning.force.com/lightning/r/Opportunity/006Kf00000Of3BMIAZ/view"", ""Magnum #GCP #GeminiPlatform #Outbound"")",,Corporate,BR CORP,Build with AI,Scale AI Apps and Agents,,0-2: Tech Eval/Solution Dev,2026-09-08,2026-09-29,"60,000.00",🔴 Capacity Gap (0 DRP Profiles),,
"=HYPERLINK(""https://vector.lightning.force.com/lightning/r/Account/0014M00001uFlbSQAS/view"", ""VPN Soluçoes em TI LTDA"")","=HYPERLINK(""https://vector.lightning.force.com/lightning/r/Account/0014M00001hvUAvQAM/view"", ""Grupo Poly"")",2,"=HYPERLINK(""https://vector.lightning.force.com/lightning/r/Workload__c/aBJKf000009ePXTOA2/view"", ""Grupo Poly - Gemini Platform"")","=HYPERLINK(""https://vector.lightning.force.com/lightning/r/Opportunity/006Kf00000Of38wIAB/view"", ""Grupo Poly #GCP #GeminiPlatform"")",,Corporate,BR CORP,Build with AI,Gemini Enterprise for Customer Experience (Build with AI),,3:  Proposal / Negotiation,2026-08-27,2026-09-23,"60,000.00",🔴 Capacity Gap (0 DRP Profiles),,
"=HYPERLINK(""https://vector.lightning.force.com/lightning/r/Account/0014M00001uFlbSQAS/view"", ""VPN Soluçoes em TI LTDA"")","=HYPERLINK(""https://vector.lightning.force.com/lightning/r/Account/0014M00001higWwQAI/view"", ""FAST2 MINE TECNOLOGIA E DESENVOLVIMENTO DE SISTEMAS LTDA"")",2,"=HYPERLINK(""https://vector.lightning.force.com/lightning/r/Workload__c/aBJKf000009ePJHOA2/view"", ""Fast2Mine - GeminiPlatform (VertexAI)"")","=HYPERLINK(""https://vector.lightning.force.com/lightning/r/Opportunity/006Kf00000Of2viIAB/view"", ""Fast2Mine #GCP #GeminiPlatform"")",,Corporate,BR CORP,Build with AI,Scale AI Apps and Agents,,0-2: Tech Eval/Solution Dev,2026-08-26,2026-09-22,"60,000.00",🔴 Capacity Gap (0 DRP Profiles),,
"=HYPERLINK(""https://vector.lightning.force.com/lightning/r/Account/0014M00001uFlbSQAS/view"", ""VPN Soluçoes em TI LTDA"")","=HYPERLINK(""https://vector.lightning.force.com/lightning/r/Account/0014M00001h5VPNQA2/view"", ""Innovaro"")",2,"=HYPERLINK(""https://vector.lightning.force.com/lightning/r/Workload__c/aBJKf000009ePIiOAM/view"", ""Innovaro - Gemini Platform (VertexAI)"")","=HYPERLINK(""https://vector.lightning.force.com/lightning/r/Opportunity/006Kf00000Of3A4IAJ/view"", ""Innovaro #GCP #GeminiPlatform"")",,Corporate,BR CORP,Build with AI,Scale AI Apps and Agents,,0-2: Tech Eval/Solution Dev,2026-09-16,2026-09-23,"60,000.00",🔴 Capacity Gap (0 DRP Profiles),,
"=HYPERLINK(""https://vector.lightning.force.com/lightning/r/Account/0014M00001uFlbSQAS/view"", ""VPN Soluçoes em TI LTDA"")","=HYPERLINK(""https://vector.lightning.force.com/lightning/r/Account/0014M000022FwpHQAS/view"", ""Vela LATAM"")",2,"=HYPERLINK(""https://vector.lightning.force.com/lightning/r/Workload__c/aBJKf000009ePJqOAM/view"", ""Escriba - Antigravity"")","=HYPERLINK(""https://vector.lightning.force.com/lightning/r/Opportunity/006Kf00000Of2k1IAB/view"", ""Escriba #GCP #Antigravity"")",,Corporate,BR CORP,Build with AI,Scale AI Apps and Agents,,0-2: Tech Eval/Solution Dev,2026-08-19,2026-09-29,"60,000.00",🔴 Capacity Gap (0 DRP Profiles),,
"=HYPERLINK(""https://vector.lightning.force.com/lightning/r/Account/0014M00001uFlbSQAS/view"", ""VPN Soluçoes em TI LTDA"")","=HYPERLINK(""https://vector.lightning.force.com/lightning/r/Account/0014M00001k1kWnQAI/view"", ""SUDOESTE INFORMATICA E CONSULTORIA EIRELI"")",2,"=HYPERLINK(""https://vector.lightning.force.com/lightning/r/Workload__c/aBJKf000009ePJ7OAM/view"", ""Sudoeste Informatica - Antigravity"")","=HYPERLINK(""https://vector.lightning.force.com/lightning/r/Opportunity/006Kf00000Of3C5IAJ/view"", ""Sudoeste Informatica #GCP #Antigravity"")",,Corporate,BR CORP,Build with AI,Scale AI Apps and Agents,,0-2: Tech Eval/Solution Dev,2026-08-26,2026-09-30,"60,000.00",🔴 Capacity Gap (0 DRP Profiles),,
"=HYPERLINK(""https://vector.lightning.force.com/lightning/r/Account/0014M00001uFlbSQAS/view"", ""VPN Soluçoes em TI LTDA"")","=HYPERLINK(""https://vector.lightning.force.com/lightning/r/Account/0014M00001k1kWnQAI/view"", ""SUDOESTE INFORMATICA E CONSULTORIA EIRELI"")",2,"=HYPERLINK(""https://vector.lightning.force.com/lightning/r/Workload__c/aBJKf000009ePJIOA2/view"", ""Sudoeste - GeminiEnterprise"")","=HYPERLINK(""https://vector.lightning.force.com/lightning/r/Opportunity/006Kf00000Of3IXIAZ/view"", ""Sudoeste #GCP #GeminiEnterprise"")",,Corporate,BR CORP,Build with AI,Scale AI Apps and Agents,,0-2: Tech Eval/Solution Dev,2026-08-20,2026-09-24,"30,000.00",🔴 Capacity Gap (0 DRP Profiles),,
"=HYPERLINK(""https://vector.lightning.force.com/lightning/r/Account/0014M00001uFlbSQAS/view"", ""VPN Soluçoes em TI LTDA"")","=HYPERLINK(""https://vector.lightning.force.com/lightning/r/Account/0014M00001hMvJ8QAK/view"", ""MARAJO REDE DE SERVICOS S/A"")",2,"=HYPERLINK(""https://vector.lightning.force.com/lightning/r/Workload__c/aBJKf000004ZMZEOA4/view"", ""MARAJO REDE DE SERVICOS S/A-Renewal-Gemini Enterprise Linear-2027"")","=HYPERLINK(""https://vector.lightning.force.com/lightning/r/Opportunity/006Kf00000Ops3mIAB/view"", ""MARAJO REDE DE SERVICOS S/A-Renewal-Gemini Enterprise Linear-2027"")",,Corporate,BR CORP,Build with AI,Gemini Enterprise for Customer Experience (Build with AI),AI Search & Specialized AI,4.2: Ramping / Deliver,2026-08-30,2026-08-30,"31,680.00",🔴 Capacity Gap (0 DRP Profiles),,
"=HYPERLINK(""https://vector.lightning.force.com/lightning/r/Account/0014M00001uFlbSQAS/view"", ""VPN Soluçoes em TI LTDA"")","=HYPERLINK(""https://vector.lightning.force.com/lightning/r/Account/0014M00001hPmpKQAS/view"", ""ValeCard"")",2,"=HYPERLINK(""https://vector.lightning.force.com/lightning/r/Workload__c/aBJKf000004ZLw1OAG/view"", ""Infra - Vale Card (Winback OCI)"")","=HYPERLINK(""https://vector.lightning.force.com/lightning/r/Opportunity/006Kf00000PHPlfIAH/view"", ""VALECARD-BQ-DAF"")",,Corporate,BR CORP,Migrate Modernize and Build,Enterprise Platform of Choice: Oracle,Oracle on Compute,0-2: Tech Eval/Solution Dev,2026-10-16,2026-11-20,"250,000.00",🔴 Capacity Gap (0 DRP Profiles),,
"=HYPERLINK(""https://vector.lightning.force.com/lightning/r/Account/0014M00001uFlbSQAS/view"", ""VPN Soluçoes em TI LTDA"")","=HYPERLINK(""https://vector.lightning.force.com/lightning/r/Account/0014M00001hXy84QAC/view"", ""CALLINK SERVICOS DE CALL CENTER LTDA"")",2,"=HYPERLINK(""https://vector.lightning.force.com/lightning/r/Workload__c/aBJKf000004ZLo7OAG/view"", ""Callink - Projeto de Dados"")","=HYPERLINK(""https://vector.lightning.force.com/lightning/r/Opportunity/006Kf00000PWewDIAT/view"", ""Callink - Projeto de Dados"")",,Corporate,BR CORP,Analytics,"Migrate, Modernize, and Build with Data Cloud (Analytics)",Migrate Data Warehouses to BigQuery,3:  Proposal / Negotiation,2026-09-16,2026-09-16,"30,000.00",🟡 Constrained (1 DRP Profile),,
"=HYPERLINK(""https://vector.lightning.force.com/lightning/r/Account/0014M00001uFlbSQAS/view"", ""VPN Soluçoes em TI LTDA"")","=HYPERLINK(""https://vector.lightning.force.com/lightning/r/Account/0014M00001hjoZMQAY/view"", ""CIBRAFERTIL - COMPANHIA BRASILEIRA DE FERTILIZANTES"")",2,"=HYPERLINK(""https://vector.lightning.force.com/lightning/r/Workload__c/aBJKf000009eMfyOAE/view"", ""Infratakeover_CIBRA"")","=HYPERLINK(""https://vector.lightning.force.com/lightning/r/Opportunity/006Kf00000OqYj7IAF/view"", ""Infra_Data&AI_Cibrafertil"")",,Corporate,BR CORP,Migrate Modernize and Build,,,0-2: Tech Eval/Solution Dev,2026-10-15,2026-11-13,"380,000.00",🔴 Capacity Gap (0 DRP Profiles),,
"=HYPERLINK(""https://vector.lightning.force.com/lightning/r/Account/0014M00001uFlbSQAS/view"", ""VPN Soluçoes em TI LTDA"")","=HYPERLINK(""https://vector.lightning.force.com/lightning/r/Account/0014M00001hjoZMQAY/view"", ""CIBRAFERTIL - COMPANHIA BRASILEIRA DE FERTILIZANTES"")",2,"=HYPERLINK(""https://vector.lightning.force.com/lightning/r/Workload__c/aBJKf000009eMKMOA2/view"", ""Cibra_GE"")","=HYPERLINK(""https://vector.lightning.force.com/lightning/r/Opportunity/006Kf00000OqKnFIAV/view"", ""Cibra_GE"")",,Corporate,BR CORP,Build with AI,Lead the Agentic Workplace Transformation (Gemini Enterprise),,3:  Proposal / Negotiation,2026-07-30,2026-08-13,"54,000.00",🟡 Constrained (1 DRP Profile),,
"=HYPERLINK(""https://vector.lightning.force.com/lightning/r/Account/0014M00001uFlbSQAS/view"", ""VPN Soluçoes em TI LTDA"")","=HYPERLINK(""https://vector.lightning.force.com/lightning/r/Account/001Kf0000180IPxIAM/view"", ""Baasic"")",3,"=HYPERLINK(""https://vector.lightning.force.com/lightning/r/Workload__c/aBJKf000009eLshOAE/view"", ""DataWorkload for Baasic"")","=HYPERLINK(""https://vector.lightning.force.com/lightning/r/Opportunity/006Kf00000NSNdIIAX/view"", ""Baasic  #Acc_Latam #Aprovada25k  #SST #IA #Migration #AWSInfra  #AEListQ126 #Escala  #UnCamino"")",,Brazil,Brazil DN,Analytics,"Migrate, Modernize, and Build with Data Cloud (Analytics)",Multi-Modal Data Processing & Multi-Cloud (Lakehouse),4.3: Migrated/Implemented,2026-07-31,2026-08-31,"85,000.00",🟡 Constrained (1 DRP Profile),,
"=HYPERLINK(""https://vector.lightning.force.com/lightning/r/Account/0014M00001uFlbSQAS/view"", ""VPN Soluçoes em TI LTDA"")","=HYPERLINK(""https://vector.lightning.force.com/lightning/r/Account/0014M00001huFSVQA2/view"", ""Banco Fibra"")",2,"=HYPERLINK(""https://vector.lightning.force.com/lightning/r/Workload__c/aBJKf000009eLfYOAU/view"", ""[Banco Fibra] #Gemini Enterprise | 200 Seats"")","=HYPERLINK(""https://vector.lightning.force.com/lightning/r/Opportunity/006Kf00000OqKwMIAV/view"", ""[Banco Fibra] #Gemini Enterprise | 200 Seats"")",,Corporate,BR CORP,Build with AI,Lead the Agentic Workplace Transformation (Gemini Enterprise),Gemini Enterprise,3:  Proposal / Negotiation,2026-09-04,2026-09-30,"83,160.00",🟡 Constrained (1 DRP Profile),,
"=HYPERLINK(""https://vector.lightning.force.com/lightning/r/Account/0014M00001uFlbSQAS/view"", ""VPN Soluçoes em TI LTDA"")","=HYPERLINK(""https://vector.lightning.force.com/lightning/r/Account/0014M00001mGNQxQAO/view"", ""EQI Investimentos"")",2,"=HYPERLINK(""https://vector.lightning.force.com/lightning/r/Workload__c/aBJKf000009WAoyOAG/view"", ""EQI INVESTIMENTOS #GE #GCP #OUT"")","=HYPERLINK(""https://vector.lightning.force.com/lightning/r/Opportunity/006Kf00000OpYE8IAN/view"", ""[EQI INVESTIMENTOS]  #Gemini Enterprise | 260 seats"")",,Corporate,BR CORP,Build with AI,Gemini Enterprise for Customer Experience (Build with AI),Not a Solution,0-2: Tech Eval/Solution Dev,2026-11-30,2026-12-18,"72,000.00",🟡 Constrained (1 DRP Profile),,
"=HYPERLINK(""https://vector.lightning.force.com/lightning/r/Account/0014M00001uFlbSQAS/view"", ""VPN Soluçoes em TI LTDA"")","=HYPERLINK(""https://vector.lightning.force.com/lightning/r/Account/0014M00001hPmpKQAS/view"", ""ValeCard"")",2,"=HYPERLINK(""https://vector.lightning.force.com/lightning/r/Workload__c/aBJKf000004ZGCtOAO/view"", ""ValeCard #Dados #GCP #OUT"")","=HYPERLINK(""https://vector.lightning.force.com/lightning/r/Opportunity/006Kf00000OpbleIAB/view"", ""ValeCard #Dados #GCP #OUT"")",,Corporate,BR CORP,Analytics,"Migrate, Modernize, and Build with Data Cloud (Analytics)",Migrate Data Warehouses to BigQuery,0-2: Tech Eval/Solution Dev,2026-07-31,2026-08-12,"93,000.00",🟡 Constrained (1 DRP Profile),,
"=HYPERLINK(""https://vector.lightning.force.com/lightning/r/Account/0014M00001uFlbSQAS/view"", ""VPN Soluçoes em TI LTDA"")","=HYPERLINK(""https://vector.lightning.force.com/lightning/r/Account/0014M00001hPmpKQAS/view"", ""ValeCard"")",2,"=HYPERLINK(""https://vector.lightning.force.com/lightning/r/Workload__c/aBJKf000004ZGCoOAO/view"", ""ValeCard #GeminiEnterprise #GCP #OUT"")","=HYPERLINK(""https://vector.lightning.force.com/lightning/r/Opportunity/006Kf00000OpblAIAR/view"", ""ValeCard #GeminiEnterprise #GCP #OUT"")",,Corporate,BR CORP,Build with AI,,,0-2: Tech Eval/Solution Dev,2026-08-28,2026-09-28,"50,000.00",🔴 Capacity Gap (0 DRP Profiles),,
"=HYPERLINK(""https://vector.lightning.force.com/lightning/r/Account/0014M00001uFlbSQAS/view"", ""VPN Soluçoes em TI LTDA"")","=HYPERLINK(""https://vector.lightning.force.com/lightning/r/Account/0014M00001hY61hQAC/view"", ""Ancar Administradora de Shopping Centers"")",2,"=HYPERLINK(""https://vector.lightning.force.com/lightning/r/Workload__c/aBJKf000004ZEviOAG/view"", ""Ancar - Gemini Enterprise (term Reset GWS / AWT)"")","=HYPERLINK(""https://vector.lightning.force.com/lightning/r/Opportunity/006Kf00000OJFjNIAX/view"", ""Ancar Term Reset GWS + GE #AWT - GEMINI ENTERPRISE #GCP #OUT https://vector.lightning.force.com/lightning/r/Opportunity/"")",,Corporate,BR CORP,Build with AI,Gemini Enterprise for Customer Experience (Build with AI),Not a Solution,0-2: Tech Eval/Solution Dev,2026-09-28,2026-10-26,"30,000.00",🟡 Constrained (1 DRP Profile),,
"=HYPERLINK(""https://vector.lightning.force.com/lightning/r/Account/0014M00001uFlbSQAS/view"", ""VPN Soluçoes em TI LTDA"")","=HYPERLINK(""https://vector.lightning.force.com/lightning/r/Account/001Kf00001BDSQkIAP/view"", ""Learn to Fly"")",3,"=HYPERLINK(""https://vector.lightning.force.com/lightning/r/Workload__c/aBJKf000004ZBUROA4/view"", ""Bootcamp MVP"")","=HYPERLINK(""https://vector.lightning.force.com/lightning/r/Opportunity/006Kf00000OJHkhIAH/view"", ""#VCBD - DOMO #AI Bootcamp -  Learn to Fly"")",,Brazil,Brazil DN,Migrate Modernize and Build,"Migrate, Modernize and Build",Not a Solution,4.3: Migrated/Implemented,2026-04-28,2026-04-29,"26,400.00",🔴 Capacity Gap (0 DRP Profiles),,
"=HYPERLINK(""https://vector.lightning.force.com/lightning/r/Account/0014M00001uFlbSQAS/view"", ""VPN Soluçoes em TI LTDA"")","=HYPERLINK(""https://vector.lightning.force.com/lightning/r/Account/0014M00001hUd6JQAS/view"", ""SINAGRO PRODUTOS AGROPECUARIOS SA"")",2,"=HYPERLINK(""https://vector.lightning.force.com/lightning/r/Workload__c/aBJKf000004ZAgkOAG/view"", ""SINAGRO #LOOKER #GCP #OUT"")","=HYPERLINK(""https://vector.lightning.force.com/lightning/r/Opportunity/006Kf00000Op1iIIAR/view"", ""SINAGRO #LOOKER #GCP #OUT"")",,Corporate,BR CORP,Analytics,"Migrate, Modernize, and Build with Data Cloud (Analytics)",Multi-Modal Data Processing & Multi-Cloud (Lakehouse),4.1: Pre Ramp / Mobilize,2026-09-18,2026-11-27,"30,000.00",🟡 Constrained (1 DRP Profile),,
"=HYPERLINK(""https://vector.lightning.force.com/lightning/r/Account/0014M00001uFlbSQAS/view"", ""VPN Soluçoes em TI LTDA"")","=HYPERLINK(""https://vector.lightning.force.com/lightning/r/Account/001Kf000011Y8QkIAK/view"", ""UJJI LTD"")",3,"=HYPERLINK(""https://vector.lightning.force.com/lightning/r/Workload__c/aBJKf000009eDbJOAU/view"", ""Ujji # GCP #GenAI #Vertex"")","=HYPERLINK(""https://vector.lightning.force.com/lightning/r/Opportunity/006Kf00000LjY1tIAF/view"", ""Ujji #GCP #GenAi #Vertex"")",,Brazil,Brazil DN,Build with AI,Scale AI Apps and Agents,Partner Packaged AI Solutions,4.2: Ramping / Deliver,2026-04-27,2026-08-28,"172,439.00",🔴 Capacity Gap (0 DRP Profiles),,
"=HYPERLINK(""https://vector.lightning.force.com/lightning/r/Account/0014M00001uFlbSQAS/view"", ""VPN Soluçoes em TI LTDA"")","=HYPERLINK(""https://vector.lightning.force.com/lightning/r/Account/0014M00001hkBIfQAM/view"", ""Casa Granado Laboratorios Farmacias e Drogarias S A"")",2,"=HYPERLINK(""https://vector.lightning.force.com/lightning/r/Workload__c/aBJKf000009kEMxOAM/view"", ""Granado | ML"")","=HYPERLINK(""https://vector.lightning.force.com/lightning/r/Opportunity/006Kf00000ORPWqIAP/view"", ""Granado | P&D [Previsão de Teste de Estabilidade]"")",,Corporate,BR CORP,Build with AI,"Your Business, Your Models",Not a Solution,4.2: Ramping / Deliver,2026-08-03,2026-10-19,"55,000.00",🔴 Capacity Gap (0 DRP Profiles),,
"=HYPERLINK(""https://vector.lightning.force.com/lightning/r/Account/0014M00001uFlbSQAS/view"", ""VPN Soluçoes em TI LTDA"")","=HYPERLINK(""https://vector.lightning.force.com/lightning/r/Account/0014M00001hiesLQAQ/view"", ""Atlântica Hotels International (Brasil) Ltda."")",2,"=HYPERLINK(""https://vector.lightning.force.com/lightning/r/Workload__c/aBJKf000004Z9qdOAC/view"", ""AHI - API"")","=HYPERLINK(""https://vector.lightning.force.com/lightning/r/Opportunity/006Kf00000NSVm1IAH/view"", ""Atlântica Hotels International #GCP #OUT #Integration #API"")",,Corporate,BR CORP,Customer Engagement,,,0-2: Tech Eval/Solution Dev,2026-08-26,2026-09-29,"30,000.00",🔴 Capacity Gap (0 DRP Profiles),,
"=HYPERLINK(""https://vector.lightning.force.com/lightning/r/Account/0014M00001uFlbSQAS/view"", ""VPN Soluçoes em TI LTDA"")","=HYPERLINK(""https://vector.lightning.force.com/lightning/r/Account/0014M00001hkBIfQAM/view"", ""Casa Granado Laboratorios Farmacias e Drogarias S A"")",2,"=HYPERLINK(""https://vector.lightning.force.com/lightning/r/Workload__c/aBJKf000009kEOAOA2/view"", ""Granado | ML Precificacao Ecommerce"")","=HYPERLINK(""https://vector.lightning.force.com/lightning/r/Opportunity/006Kf00000OIr9zIAD/view"", ""CASA GRANADO - ML PRECIFICAÇAO E-COMMERCE"")",,Corporate,BR CORP,Build with AI,,,0-2: Tech Eval/Solution Dev,2026-09-27,2026-11-30,"20,000.00",🔴 Capacity Gap (0 DRP Profiles),,
"=HYPERLINK(""https://vector.lightning.force.com/lightning/r/Account/0014M00001uFlbSQAS/view"", ""VPN Soluçoes em TI LTDA"")","=HYPERLINK(""https://vector.lightning.force.com/lightning/r/Account/0014M00001hMvJ8QAK/view"", ""MARAJO REDE DE SERVICOS S/A"")",2,"=HYPERLINK(""https://vector.lightning.force.com/lightning/r/Workload__c/aBJKf000009eCeNOAU/view"", ""Grupo Marajó #MIGRAÇÃO #GCP #OUT"")","=HYPERLINK(""https://vector.lightning.force.com/lightning/r/Opportunity/006Kf00000NSk2VIAT/view"", ""Grupo Marajó #MIGRAÇÃO #GCP #OUT(Azure / AWS)"")",,Corporate,BR CORP,Migrate and Modernize Databases,"Migrate, Modernize, and Build with Data Cloud (Databases)",Multi-Modal Activation (Spanner),4.2: Ramping / Deliver,2026-07-31,2026-09-30,"60,000.00",🔴 Capacity Gap (0 DRP Profiles),,
"=HYPERLINK(""https://vector.lightning.force.com/lightning/r/Account/0014M00001uFlbSQAS/view"", ""VPN Soluçoes em TI LTDA"")","=HYPERLINK(""https://vector.lightning.force.com/lightning/r/Account/0014M00001hrXliQAE/view"", ""Reifen Investimentos e Participacoes Empresariais Ltda"")",2,"=HYPERLINK(""https://vector.lightning.force.com/lightning/r/Workload__c/aBJKf000009onjNOAQ/view"", ""Gemini Enterprise"")","=HYPERLINK(""https://vector.lightning.force.com/lightning/r/Opportunity/006Kf00000OYmvoIAD/view"", ""Gemini Enterprise"")",,Corporate,BR CORP,Build with AI,Lead the Agentic Workplace Transformation (Gemini Enterprise),Gemini Enterprise,0-2: Tech Eval/Solution Dev,2026-08-03,2026-09-07,"120,000.00",🟡 Constrained (1 DRP Profile),,
"=HYPERLINK(""https://vector.lightning.force.com/lightning/r/Account/0014M00001uFlbSQAS/view"", ""VPN Soluçoes em TI LTDA"")","=HYPERLINK(""https://vector.lightning.force.com/lightning/r/Account/0014M00001hrXliQAE/view"", ""Reifen Investimentos e Participacoes Empresariais Ltda"")",2,"=HYPERLINK(""https://vector.lightning.force.com/lightning/r/Workload__c/aBJKf000009onjSOAQ/view"", ""Infra Modernization"")","=HYPERLINK(""https://vector.lightning.force.com/lightning/r/Opportunity/006Kf00000OYmvjIAD/view"", ""Infra Modernization"")",,Corporate,BR CORP,Build with AI,"Your Business, Your Models",Agent and Model Platform,0-2: Tech Eval/Solution Dev,2026-08-03,2026-08-28,"85,000.00",🔴 Capacity Gap (0 DRP Profiles),,
"=HYPERLINK(""https://vector.lightning.force.com/lightning/r/Account/0014M00001uFlbSQAS/view"", ""VPN Soluçoes em TI LTDA"")","=HYPERLINK(""https://vector.lightning.force.com/lightning/r/Account/0014M00001higWwQAI/view"", ""FAST2 MINE TECNOLOGIA E DESENVOLVIMENTO DE SISTEMAS LTDA"")",2,"=HYPERLINK(""https://vector.lightning.force.com/lightning/r/Workload__c/aBJKf000009onjXOAQ/view"", ""Gemini Enterprise"")","=HYPERLINK(""https://vector.lightning.force.com/lightning/r/Opportunity/006Kf00000OYmwjIAD/view"", ""Fast2mine - Gemini Enterprise"")",,Corporate,BR CORP,Build with AI,Gemini Enterprise for Customer Experience (Build with AI),AI Search & Specialized AI,0-2: Tech Eval/Solution Dev,2026-09-22,2026-11-16,"85,000.00",🔴 Capacity Gap (0 DRP Profiles),,
"=HYPERLINK(""https://vector.lightning.force.com/lightning/r/Account/0014M00001uFlbSQAS/view"", ""VPN Soluçoes em TI LTDA"")","=HYPERLINK(""https://vector.lightning.force.com/lightning/r/Account/0014M00001hvUAvQAM/view"", ""Grupo Poly"")",2,"=HYPERLINK(""https://vector.lightning.force.com/lightning/r/Workload__c/aBJKf000009onjIOAQ/view"", ""Grupo Poly - Infra Modernization"")","=HYPERLINK(""https://vector.lightning.force.com/lightning/r/Opportunity/006Kf00000OYmvKIAT/view"", ""Grupo Poly - Infra AI"")",,Corporate,BR CORP,Build with AI,"Your Business, Your Models",Agent and Model Platform,3:  Proposal / Negotiation,2026-08-12,2026-09-24,"75,000.00",🔴 Capacity Gap (0 DRP Profiles),,
"=HYPERLINK(""https://vector.lightning.force.com/lightning/r/Account/0014M00001uFlbSQAS/view"", ""VPN Soluçoes em TI LTDA"")","=HYPERLINK(""https://vector.lightning.force.com/lightning/r/Account/0014M00001hvUAvQAM/view"", ""Grupo Poly"")",2,"=HYPERLINK(""https://vector.lightning.force.com/lightning/r/Workload__c/aBJKf000009onjDOAQ/view"", ""Gemini Enterprise"")","=HYPERLINK(""https://vector.lightning.force.com/lightning/r/Opportunity/006Kf00000OYmvUIAT/view"", ""Grupo Poly - Gemini Enterprise"")",,Corporate,BR CORP,Build with AI,Lead the Agentic Workplace Transformation (Gemini Enterprise),Gemini Enterprise,0-2: Tech Eval/Solution Dev,2026-09-07,2026-10-13,"40,000.00",🟡 Constrained (1 DRP Profile),,
"=HYPERLINK(""https://vector.lightning.force.com/lightning/r/Account/0014M00001uFlbSQAS/view"", ""VPN Soluçoes em TI LTDA"")","=HYPERLINK(""https://vector.lightning.force.com/lightning/r/Account/0014M00001hisUPQAY/view"", ""REDE FROTA SOLUTIONS LTDA"")",2,"=HYPERLINK(""https://vector.lightning.force.com/lightning/r/Workload__c/aBJKf000009e9oIOAQ/view"", ""Workload - Producão - Rede Frota"")","=HYPERLINK(""https://vector.lightning.force.com/lightning/r/Opportunity/006Kf00000Om6rfIAB/view"", ""Rede Frota - Workload infra"")",,Corporate,BR CORP,Migrate Modernize and Build,"Migrate, Modernize and Build",Linux,4.3: Migrated/Implemented,2026-08-28,2026-08-28,"70,000.00",🟢 Ready (6 DRP Profiles),,
"=HYPERLINK(""https://vector.lightning.force.com/lightning/r/Account/0014M00001uFlbSQAS/view"", ""VPN Soluçoes em TI LTDA"")","=HYPERLINK(""https://vector.lightning.force.com/lightning/r/Account/0014M00001hMvJ8QAK/view"", ""MARAJO REDE DE SERVICOS S/A"")",2,"=HYPERLINK(""https://vector.lightning.force.com/lightning/r/Workload__c/aBJKf000009e9neOAA/view"", ""Gemini Enterprise - Rede Marajó"")","=HYPERLINK(""https://vector.lightning.force.com/lightning/r/Opportunity/006Kf00000OTaOVIA1/view"", ""Gemini Enterprise - Rede Marajó"")","=HYPERLINK(""https://vector.lightning.force.com/lightning/r/Expert_Request__c/aAuKf000000TYiQKAW/view"", ""ER-497832"")",Corporate,BR CORP,Build with AI,Gemini Enterprise for Customer Experience (Build with AI),AI Search & Specialized AI,4.2: Ramping / Deliver,2026-07-30,2026-08-28,"63,000.00",🔴 Capacity Gap (0 DRP Profiles),,
"=HYPERLINK(""https://vector.lightning.force.com/lightning/r/Account/0014M00001uFlbSQAS/view"", ""VPN Soluçoes em TI LTDA"")","=HYPERLINK(""https://vector.lightning.force.com/lightning/r/Account/0014M00001hY61hQAC/view"", ""Ancar Administradora de Shopping Centers"")",2,"=HYPERLINK(""https://vector.lightning.force.com/lightning/r/Workload__c/aBJKf000009olm8OAA/view"", ""Ancar | Vertex AI"")","=HYPERLINK(""https://vector.lightning.force.com/lightning/r/Opportunity/006Kf00000ORQbdIAH/view"", ""Ancar | Agentes de IA"")",,Corporate,BR CORP,,,,0-2: Tech Eval/Solution Dev,,,"10,000.00",🔴 Capacity Gap (0 DRP Profiles),,
"=HYPERLINK(""https://vector.lightning.force.com/lightning/r/Account/0014M00001uFlbSQAS/view"", ""VPN Soluçoes em TI LTDA"")","=HYPERLINK(""https://vector.lightning.force.com/lightning/r/Account/0014M00001hiesLQAQ/view"", ""Atlântica Hotels International (Brasil) Ltda."")",2,"=HYPERLINK(""https://vector.lightning.force.com/lightning/r/Workload__c/aBJKf000009e6kNOAQ/view"", ""AHI - AgentOps"")","=HYPERLINK(""https://vector.lightning.force.com/lightning/r/Opportunity/006Kf00000NSPanIAH/view"", ""Atlântica Hotels International (Brasil) Ltda. #GCP #AgentOps"")",,Corporate,BR CORP,Build with AI,Scale AI Apps and Agents,Partner Packaged AI Solutions,0-2: Tech Eval/Solution Dev,2026-08-28,2026-09-25,"30,000.00",🔴 Capacity Gap (0 DRP Profiles),,
"=HYPERLINK(""https://vector.lightning.force.com/lightning/r/Account/0014M00001uFlbSQAS/view"", ""VPN Soluçoes em TI LTDA"")","=HYPERLINK(""https://vector.lightning.force.com/lightning/r/Account/0014M00001h5VPNQA2/view"", ""Innovaro"")",2,"=HYPERLINK(""https://vector.lightning.force.com/lightning/r/Workload__c/aBJKf000009e5ivOAA/view"", ""Innovaro - BQ"")","=HYPERLINK(""https://vector.lightning.force.com/lightning/r/Opportunity/006Kf00000NSLKGIA5/view"", ""Innovaro #GCP #BigQuery #DATA"")",,Corporate,BR CORP,Analytics,"Migrate, Modernize, and Build with Data Cloud (Analytics)",Migrate Data Warehouses to BigQuery,0-2: Tech Eval/Solution Dev,2026-08-31,2026-09-25,"85,000.00",🟡 Constrained (1 DRP Profile),,
"=HYPERLINK(""https://vector.lightning.force.com/lightning/r/Account/0014M00001uFlbSQAS/view"", ""VPN Soluçoes em TI LTDA"")","=HYPERLINK(""https://vector.lightning.force.com/lightning/r/Account/0014M00001h5VPNQA2/view"", ""Innovaro"")",2,"=HYPERLINK(""https://vector.lightning.force.com/lightning/r/Workload__c/aBJKf000009e5XgOAI/view"", ""Innovaro - Gemini Enterprise"")","=HYPERLINK(""https://vector.lightning.force.com/lightning/r/Opportunity/006Kf00000NSLJ8IAP/view"", ""Innovaro #GCP #GEMINIENT #AI"")","=HYPERLINK(""https://vector.lightning.force.com/lightning/r/Expert_Request__c/aAuKf000000TX3HKAW/view"", ""ER-489973"")",Corporate,BR CORP,Build with AI,Lead the Agentic Workplace Transformation (Gemini Enterprise),Gemini Enterprise,3:  Proposal / Negotiation,2026-09-16,2026-11-02,"35,000.00",🟡 Constrained (1 DRP Profile),,
"=HYPERLINK(""https://vector.lightning.force.com/lightning/r/Account/0014M00001uFlbSQAS/view"", ""VPN Soluçoes em TI LTDA"")","=HYPERLINK(""https://vector.lightning.force.com/lightning/r/Account/0014M00001h5kT9QAI/view"", ""Banco Rendimento"")",2,"=HYPERLINK(""https://vector.lightning.force.com/lightning/r/Workload__c/aBJKf000009e5Y0OAI/view"", ""Banco Rendimento - Marketing Analytics (Prospecção VPN)"")","=HYPERLINK(""https://vector.lightning.force.com/lightning/r/Opportunity/006Kf00000ORR0tIAH/view"", ""Banco Rendimento - Mkt Analytics"")",,Corporate,BR CORP,Analytics,"Migrate, Modernize, and Build with Data Cloud (Analytics)",Migrate Data Lakes to BigQuery,0-2: Tech Eval/Solution Dev,2027-01-25,2027-04-02,"20,000.00",🟡 Constrained (1 DRP Profile),,
"=HYPERLINK(""https://vector.lightning.force.com/lightning/r/Account/0014M00001uFlbSQAS/view"", ""VPN Soluçoes em TI LTDA"")","=HYPERLINK(""https://vector.lightning.force.com/lightning/r/Account/0014M00001hMvJ8QAK/view"", ""MARAJO REDE DE SERVICOS S/A"")",2,"=HYPERLINK(""https://vector.lightning.force.com/lightning/r/Workload__c/aBJKf000009e41jOAA/view"", ""Pegapontos | Move2GCP (Azure / Algar)"")","=HYPERLINK(""https://vector.lightning.force.com/lightning/r/Opportunity/006Kf00000NzWvfIAF/view"", ""Pegapontos ( G, Marajó) | Move2GCP"")",,Corporate,BR CORP,Migrate and Modernize Databases,"Migrate, Modernize, and Build with Data Cloud (Databases)","Move to Managed Databases (Homogeneous - Cloud SQL, AlloyDB, Firestore)",3:  Proposal / Negotiation,2026-09-25,2026-10-26,"48,000.00",🔴 Capacity Gap (0 DRP Profiles),,
"=HYPERLINK(""https://vector.lightning.force.com/lightning/r/Account/0014M00001uFlbSQAS/view"", ""VPN Soluçoes em TI LTDA"")","=HYPERLINK(""https://vector.lightning.force.com/lightning/r/Account/001Kf000012k1R0IAI/view"", ""BANLEK SERVICOS AUDIOVISUAIS LTDA"")",3,"=HYPERLINK(""https://vector.lightning.force.com/lightning/r/Workload__c/aBJKf000009tTpyOAE/view"", ""Recognition for Banlek"")","=HYPERLINK(""https://vector.lightning.force.com/lightning/r/Opportunity/006Kf00000NS6jaIAD/view"", ""Banlek - #VertexAI #GPU #Recognition #SalesCreditPOC"")","=HYPERLINK(""https://vector.lightning.force.com/lightning/r/Expert_Request__c/aAuKf000000tvb4KAA/view"", ""ER-469596"")",Brazil,Brazil DN,Infra AI,AI Infrastructure,AI Infra - Training and Fine Tuning,4.2: Ramping / Deliver,2026-08-03,2026-10-02,"300,000.00",🟢 Ready (6 DRP Profiles),,
"=HYPERLINK(""https://vector.lightning.force.com/lightning/r/Account/0014M00001uFlbSQAS/view"", ""VPN Soluçoes em TI LTDA"")","=HYPERLINK(""https://vector.lightning.force.com/lightning/r/Account/0014M00001huFSVQA2/view"", ""Banco Fibra"")",2,"=HYPERLINK(""https://vector.lightning.force.com/lightning/r/Workload__c/aBJKf000009tSm0OAE/view"", ""[Banco Fibra] #Gemini Enterprise | 100 seats"")","=HYPERLINK(""https://vector.lightning.force.com/lightning/r/Opportunity/006Kf00000OF82OIAT/view"", ""[Banco Fibra] #Gemini Enterprise | 100 seats"")","=HYPERLINK(""https://vector.lightning.force.com/lightning/r/Expert_Request__c/aAuKf000000trYkKAI/view"", ""ER-459708"")",Corporate,BR CORP,Developer AI Assistance,Developer AI Assistance,Developer AI Assistance,3:  Proposal / Negotiation,2026-07-10,2026-07-17,"41,580.00",🔴 Capacity Gap (0 DRP Profiles),,
"=HYPERLINK(""https://vector.lightning.force.com/lightning/r/Account/0014M00001uFlbSQAS/view"", ""VPN Soluçoes em TI LTDA"")","=HYPERLINK(""https://vector.lightning.force.com/lightning/r/Account/0014M00001hkBIfQAM/view"", ""Casa Granado Laboratorios Farmacias e Drogarias S A"")",2,"=HYPERLINK(""https://vector.lightning.force.com/lightning/r/Workload__c/aBJKf000009ogalOAA/view"", ""Granado | Looker"")","=HYPERLINK(""https://vector.lightning.force.com/lightning/r/Opportunity/006Kf00000N5eQoIAJ/view"", ""Granado - Looker"")","=HYPERLINK(""https://vector.lightning.force.com/lightning/r/Expert_Request__c/aAuKf000000HQskKAG/view"", ""ER-457333"")",Corporate,BR CORP,Analytics,"Migrate, Modernize, and Build with Data Cloud (Analytics)",Not a Solution,3:  Proposal / Negotiation,2026-09-04,2026-10-02,"60,000.00",🟡 Constrained (1 DRP Profile),,
"=HYPERLINK(""https://vector.lightning.force.com/lightning/r/Account/0014M00001uFlbSQAS/view"", ""VPN Soluçoes em TI LTDA"")","=HYPERLINK(""https://vector.lightning.force.com/lightning/r/Account/0014M00001hq793QAA/view"", ""Apex Partners"")",3,"=HYPERLINK(""https://vector.lightning.force.com/lightning/r/Workload__c/aBJKf000006AEJ8OAO/view"", ""#Dados #GE"")","=HYPERLINK(""https://vector.lightning.force.com/lightning/r/Opportunity/006Kf00000KrCxsIAF/view"", ""#Apex #Data #Gemini Enterprise"")",,Brazil,Brazil DN,Analytics,The Agentic Data Cloud,Data Sharing & Monetization,4.3: Migrated/Implemented,2026-02-02,2026-04-20,"48,518.40",🟡 Constrained (1 DRP Profile),,
"=HYPERLINK(""https://vector.lightning.force.com/lightning/r/Account/0014M00001uFlbSQAS/view"", ""VPN Soluçoes em TI LTDA"")","=HYPERLINK(""https://vector.lightning.force.com/lightning/r/Account/0014M00001hXy8VQAS/view"", ""Vulcabrás Azaléia S/A."")",2,"=HYPERLINK(""https://vector.lightning.force.com/lightning/r/Workload__c/aBJKf000009dv9lOAA/view"", ""Vulcabras - Vertex AI"")","=HYPERLINK(""https://vector.lightning.force.com/lightning/r/Opportunity/006Kf00000NQuBpIAL/view"", ""#Vulcabrás Azaléia #Gemini #Outbound"")","=HYPERLINK(""https://vector.lightning.force.com/lightning/r/Expert_Request__c/aAuKf000000PEMbKAO/view"", ""ER-444320"")",Corporate,BR CORP,Build with AI,Scale AI Apps and Agents,Drive Business Impact with Agents,3:  Proposal / Negotiation,2026-06-30,2026-07-29,"120,000.00",🔴 Capacity Gap (0 DRP Profiles),,
"=HYPERLINK(""https://vector.lightning.force.com/lightning/r/Account/0014M00001uFlbSQAS/view"", ""VPN Soluçoes em TI LTDA"")","=HYPERLINK(""https://vector.lightning.force.com/lightning/r/Account/0014M00001hlw95QAA/view"", ""FINANZERO BRASIL SERVICOS ONLINE LTDA"")",3,"=HYPERLINK(""https://vector.lightning.force.com/lightning/r/Workload__c/aBJKf000009odcPOAQ/view"", ""FINANZERO - Gemini"")","=HYPERLINK(""https://vector.lightning.force.com/lightning/r/Opportunity/006Kf00000LjcJmIAJ/view"", ""Flex - Finanzero - 2026"")",,Brazil,Brazil DN,Migrate Modernize and Build,"Migrate, Modernize and Build",GKE/CloudRun,4.3: Migrated/Implemented,2026-01-11,2026-02-22,"30,000.00",🟢 Ready (5 DRP Profiles),,
"=HYPERLINK(""https://vector.lightning.force.com/lightning/r/Account/0014M00001uFlbSQAS/view"", ""VPN Soluçoes em TI LTDA"")","=HYPERLINK(""https://vector.lightning.force.com/lightning/r/Account/0014M00001hlw95QAA/view"", ""FINANZERO BRASIL SERVICOS ONLINE LTDA"")",3,"=HYPERLINK(""https://vector.lightning.force.com/lightning/r/Workload__c/aBJKf000009od35OAA/view"", ""FINANZERO - Flex"")","=HYPERLINK(""https://vector.lightning.force.com/lightning/r/Opportunity/006Kf00000LjcJmIAJ/view"", ""Flex - Finanzero - 2026"")",,Brazil,Brazil DN,Migrate Modernize and Build,"Migrate, Modernize and Build",GKE/CloudRun,4.3: Migrated/Implemented,2026-01-04,2026-01-25,"25,000.00",🟢 Ready (5 DRP Profiles),,
"=HYPERLINK(""https://vector.lightning.force.com/lightning/r/Account/0014M00001uFlbSQAS/view"", ""VPN Soluçoes em TI LTDA"")","=HYPERLINK(""https://vector.lightning.force.com/lightning/r/Account/0014M00001hff4DQAQ/view"", ""Blu Licenciamentos e Participacoes S/A"")",2,"=HYPERLINK(""https://vector.lightning.force.com/lightning/r/Workload__c/aBJKf000009obKsOAI/view"", ""Grupo Dass #Azure to GCP"")","=HYPERLINK(""https://vector.lightning.force.com/lightning/r/Opportunity/006Kf00000Op5clIAB/view"", ""[Grupo Dass] #Azure to GCP Q4"")",,Corporate,BR CORP,Migrate Modernize and Build,"Migrate, Modernize and Build",GKE/CloudRun,0-2: Tech Eval/Solution Dev,2026-11-06,2026-11-30,"120,000.00",🟢 Ready (5 DRP Profiles),,
"=HYPERLINK(""https://vector.lightning.force.com/lightning/r/Account/0014M00001uFlbSQAS/view"", ""VPN Soluçoes em TI LTDA"")","=HYPERLINK(""https://vector.lightning.force.com/lightning/r/Account/0014M00001hkBIfQAM/view"", ""Casa Granado Laboratorios Farmacias e Drogarias S A"")",2,"=HYPERLINK(""https://vector.lightning.force.com/lightning/r/Workload__c/aBJKf0000082FKAOA2/view"", ""Granado I Data Normalization AI"")","=HYPERLINK(""https://vector.lightning.force.com/lightning/r/Opportunity/006Kf00000L5g8aIAB/view"", ""Granado | Datalake"")",,Corporate,BR CORP,Build with AI,,Not a Solution,4.3: Migrated/Implemented,2025-09-15,2025-10-10,"61,128.00",🔴 Capacity Gap (0 DRP Profiles),,
"=HYPERLINK(""https://vector.lightning.force.com/lightning/r/Account/0014M00001uFlbSQAS/view"", ""VPN Soluçoes em TI LTDA"")","=HYPERLINK(""https://vector.lightning.force.com/lightning/r/Account/0014M00001hkBIfQAM/view"", ""Casa Granado Laboratorios Farmacias e Drogarias S A"")",2,"=HYPERLINK(""https://vector.lightning.force.com/lightning/r/Workload__c/aBJKf0000082FK5OAM/view"", ""Granado I Bigquery"")","=HYPERLINK(""https://vector.lightning.force.com/lightning/r/Opportunity/006Kf00000L5g8aIAB/view"", ""Granado | Datalake"")",,Corporate,BR CORP,Analytics,,Not a Solution,4.3: Migrated/Implemented,2025-09-15,2025-11-03,"11,604.00",🟡 Constrained (1 DRP Profile),,
"=HYPERLINK(""https://vector.lightning.force.com/lightning/r/Account/0014M00001uFlbSQAS/view"", ""VPN Soluçoes em TI LTDA"")","=HYPERLINK(""https://vector.lightning.force.com/lightning/r/Account/0014M00001hrbt9QAA/view"", ""SWAP INSTITUICAO DE PAGAMENTO S.A."")",3,"=HYPERLINK(""https://vector.lightning.force.com/lightning/r/Workload__c/aBJKf000009oUddOAE/view"", ""SWAP | Flex (Agentspace)"")","=HYPERLINK(""https://vector.lightning.force.com/lightning/r/Opportunity/006Kf00000Jfj0WIAR/view"", ""SWAP - Flex Agreement"")",,Brazil,Brazil DN,Build with AI,,Not a Solution,4.3: Migrated/Implemented,2025-06-23,2025-08-15,"70,000.00",🔴 Capacity Gap (0 DRP Profiles),,
"=HYPERLINK(""https://vector.lightning.force.com/lightning/r/Account/0014M00001uFlbSQAS/view"", ""VPN Soluçoes em TI LTDA"")","=HYPERLINK(""https://vector.lightning.force.com/lightning/r/Account/0014M00001hULydQAG/view"", ""Blu Licenciamentos e Participacoes S/A"")",2,"=HYPERLINK(""https://vector.lightning.force.com/lightning/r/Workload__c/aBJKf000006A8hOOAS/view"", ""Osklen_VDI"")","=HYPERLINK(""https://vector.lightning.force.com/lightning/r/Opportunity/0064M00000bRKMvQAO/view"", ""Terras de Aventura (Osklen) #Inframode_GCP_Geo New Logo"")",,Corporate,BR CORP,Migrate Modernize and Build,"Migrate, Modernize and Build",GKE/CloudRun,4.3: Migrated/Implemented,2025-02-21,2025-02-28,"30,000.00",🟢 Ready (5 DRP Profiles),,
"=HYPERLINK(""https://vector.lightning.force.com/lightning/r/Account/0014M00002GGNRCQA5/view"", ""MADEINWEB S/A"")","=HYPERLINK(""https://vector.lightning.force.com/lightning/r/Account/0014M00001hUEKQQA4/view"", ""PATRUS TRANSPORTES LTDA"")",2,"=HYPERLINK(""https://vector.lightning.force.com/lightning/r/Workload__c/aBJKf000004ZOMLOA4/view"", ""Projeto de Inovação - Patrus (tier1) #AIMBH26"")","=HYPERLINK(""https://vector.lightning.force.com/lightning/r/Opportunity/006Kf00000ORNg5IAH/view"", ""Projeto de Inovação - Patrus (tier1) #AIMBH26"")",,Corporate,BR CORP,Build with AI,Gemini Enterprise for Customer Experience (Build with AI),AI Search & Specialized AI,0-2: Tech Eval/Solution Dev,2026-09-30,2026-09-30,"80,000.00",🟢 Ready (4 DRP Profiles),,
"=HYPERLINK(""https://vector.lightning.force.com/lightning/r/Account/0014M00002GGNRCQA5/view"", ""MADEINWEB S/A"")","=HYPERLINK(""https://vector.lightning.force.com/lightning/r/Account/0014M00001htWqyQAE/view"", ""Valgroup"")",2,"=HYPERLINK(""https://vector.lightning.force.com/lightning/r/Workload__c/aBJKf000009eQoLOAU/view"", ""Valgroup - GE"")","=HYPERLINK(""https://vector.lightning.force.com/lightning/r/Opportunity/006Kf00000Of71uIAB/view"", ""Valgroup #GCP #GeminiEnterprise #MQL"")",,Corporate,BR CORP,Build with AI,Gemini Enterprise for Customer Experience (Build with AI),,3:  Proposal / Negotiation,2026-09-16,2026-09-29,"80,000.00",🟢 Ready (4 DRP Profiles),,
"=HYPERLINK(""https://vector.lightning.force.com/lightning/r/Account/0014M00002GGNRCQA5/view"", ""MADEINWEB S/A"")","=HYPERLINK(""https://vector.lightning.force.com/lightning/r/Account/0014M00001htVWHQA2/view"", ""CLIMATEMPO ASSESSORIA E CONSULTORIA METEOROLOGICA LTDA."")",2,"=HYPERLINK(""https://vector.lightning.force.com/lightning/r/Workload__c/aBJKf000009eQONOA2/view"", ""Climatempo - CDP"")","=HYPERLINK(""https://vector.lightning.force.com/lightning/r/Opportunity/006Kf00000Of5zsIAB/view"", ""CLIMATEMPO #GCP #CDP"")",,Corporate,BR CORP,Build with AI,,,3:  Proposal / Negotiation,2026-09-16,2026-09-24,"60,000.00",🔴 Capacity Gap (0 DRP Profiles),,
"=HYPERLINK(""https://vector.lightning.force.com/lightning/r/Account/0014M00002GGNRCQA5/view"", ""MADEINWEB S/A"")","=HYPERLINK(""https://vector.lightning.force.com/lightning/r/Account/0014M00001htVnnQAE/view"", ""AeC Centro de Contatos S/A"")",2,"=HYPERLINK(""https://vector.lightning.force.com/lightning/r/Workload__c/aBJKf000009ePrEOAU/view"", ""Fabrica de Agentes"")","=HYPERLINK(""https://vector.lightning.force.com/lightning/r/Opportunity/006Kf00000OJSEUIA5/view"", ""Revisão da arquitetura para utilização de  Vertex AI e do Cloud Run"")",,Corporate,BR CORP,Build with AI,Lead the Agentic Workplace Transformation (Gemini Enterprise),Not a Solution,4.1: Pre Ramp / Mobilize,2026-08-06,2026-10-05,"95,000.00",🟡 Constrained (1 DRP Profile),,
"=HYPERLINK(""https://vector.lightning.force.com/lightning/r/Account/0014M00002GGNRCQA5/view"", ""MADEINWEB S/A"")","=HYPERLINK(""https://vector.lightning.force.com/lightning/r/Account/0014M00001hWlDEQA0/view"", ""Embraco"")",2,"=HYPERLINK(""https://vector.lightning.force.com/lightning/r/Workload__c/aBJKf000009ePVcOAM/view"", ""[Nidec] #Gemini Enterprise | 1000 seats"")","=HYPERLINK(""https://vector.lightning.force.com/lightning/r/Opportunity/006Kf00000PWQjdIAH/view"", ""[Embraco/Nidec] #Gemini Enterprise | 1000 seats"")",,Corporate,BR CORP,Build with AI,Lead the Agentic Workplace Transformation (Gemini Enterprise),Gemini Enterprise,0-2: Tech Eval/Solution Dev,2026-09-30,2026-10-16,"188,000.00",🟡 Constrained (1 DRP Profile),,
"=HYPERLINK(""https://vector.lightning.force.com/lightning/r/Account/0014M00002GGNRCQA5/view"", ""MADEINWEB S/A"")","=HYPERLINK(""https://vector.lightning.force.com/lightning/r/Account/0014M00001yS2OXQA0/view"", ""Redrive"")",2,"=HYPERLINK(""https://vector.lightning.force.com/lightning/r/Workload__c/aBJKf000009WCjbOAG/view"", ""Redrive #IA #GCP #OUT"")","=HYPERLINK(""https://vector.lightning.force.com/lightning/r/Opportunity/006Kf00000OpVupIAF/view"", ""Redrive  #IA #GCP #OUT"")",,Corporate,BR CORP,Build with AI,Scale AI Apps and Agents,Not a Solution,0-2: Tech Eval/Solution Dev,2026-11-30,2026-12-30,"15,000.00",🟢 Ready (4 DRP Profiles),,
"=HYPERLINK(""https://vector.lightning.force.com/lightning/r/Account/0014M00002GGNRCQA5/view"", ""MADEINWEB S/A"")","=HYPERLINK(""https://vector.lightning.force.com/lightning/r/Account/0014M00001htVnnQAE/view"", ""AeC Centro de Contatos S/A"")",2,"=HYPERLINK(""https://vector.lightning.force.com/lightning/r/Workload__c/aBJKf000004ZLhwOAG/view"", ""Assessment de Banco de dados - Mongo para Firestone #TDSYNNEX_NY_EXPEDITION_26"")","=HYPERLINK(""https://vector.lightning.force.com/lightning/r/Opportunity/006Kf00000OFZXkIAP/view"", ""Assessment de Banco de dados - Mongo para Firestone #TDSYNNEX_NY_EXPEDITION_26"")",,Corporate,BR CORP,Migrate and Modernize Databases,"Migrate, Modernize, and Build with Data Cloud (Databases)","Move to Managed Databases (Homogeneous - Cloud SQL, AlloyDB, Firestore)",3:  Proposal / Negotiation,2026-09-16,2026-09-16,"120,000.00",🔴 Capacity Gap (0 DRP Profiles),,
"=HYPERLINK(""https://vector.lightning.force.com/lightning/r/Account/0014M00002GGNRCQA5/view"", ""MADEINWEB S/A"")","=HYPERLINK(""https://vector.lightning.force.com/lightning/r/Account/0014M00001hUEKQQA4/view"", ""PATRUS TRANSPORTES LTDA"")",2,"=HYPERLINK(""https://vector.lightning.force.com/lightning/r/Workload__c/aBJKf000004ZLXBOA4/view"", ""Patrus: Looker"")","=HYPERLINK(""https://vector.lightning.force.com/lightning/r/Opportunity/006Kf00000OeyZdIAJ/view"", ""Patrus: Looker"")",,Corporate,BR CORP,Migrate Modernize and Build,"Migrate, Modernize and Build",,0-2: Tech Eval/Solution Dev,2026-09-07,2026-09-18,"50,000.00",🔴 Capacity Gap (0 DRP Profiles),,
"=HYPERLINK(""https://vector.lightning.force.com/lightning/r/Account/0014M00002GGNRCQA5/view"", ""MADEINWEB S/A"")","=HYPERLINK(""https://vector.lightning.force.com/lightning/r/Account/0014M00001htVnnQAE/view"", ""AeC Centro de Contatos S/A"")",2,"=HYPERLINK(""https://vector.lightning.force.com/lightning/r/Workload__c/aBJKf000004ZL8rOAG/view"", ""Fabrica de Agentes : Consumo Gemini Plataform"")","=HYPERLINK(""https://vector.lightning.force.com/lightning/r/Opportunity/006Kf00000OJSEUIA5/view"", ""Revisão da arquitetura para utilização de  Vertex AI e do Cloud Run"")",,Corporate,BR CORP,Build with AI,Gemini Enterprise for Customer Experience (Build with AI),AI Search & Specialized AI,0-2: Tech Eval/Solution Dev,2026-09-18,2026-11-06,"200,000.00",🟢 Ready (4 DRP Profiles),,
"=HYPERLINK(""https://vector.lightning.force.com/lightning/r/Account/0014M00002GGNRCQA5/view"", ""MADEINWEB S/A"")","=HYPERLINK(""https://vector.lightning.force.com/lightning/r/Account/0014M00001htWqyQAE/view"", ""Valgroup"")",2,"=HYPERLINK(""https://vector.lightning.force.com/lightning/r/Workload__c/aBJKf000009kJ6aOAE/view"", ""Plantas - Rollout"")","=HYPERLINK(""https://vector.lightning.force.com/lightning/r/Opportunity/006Kf00000OAakHIAT/view"", ""Modernizacao Industria - Valgroup"")",,Corporate,BR CORP,Migrate Modernize and Build,"Migrate, Modernize and Build",Not a Solution,0-2: Tech Eval/Solution Dev,2026-10-30,2026-11-18,"700,000.00",🔴 Capacity Gap (0 DRP Profiles),,
"=HYPERLINK(""https://vector.lightning.force.com/lightning/r/Account/0014M00002GGNRCQA5/view"", ""MADEINWEB S/A"")","=HYPERLINK(""https://vector.lightning.force.com/lightning/r/Account/0014M00001htWqyQAE/view"", ""Valgroup"")",2,"=HYPERLINK(""https://vector.lightning.force.com/lightning/r/Workload__c/aBJKf000009kJ6VOAU/view"", ""Plantas - Lorena e Itamonte"")","=HYPERLINK(""https://vector.lightning.force.com/lightning/r/Opportunity/006Kf00000OAakHIAT/view"", ""Modernizacao Industria - Valgroup"")",,Corporate,BR CORP,Migrate Modernize and Build,"Migrate, Modernize and Build",Not a Solution,0-2: Tech Eval/Solution Dev,2026-09-22,2026-11-02,"500,000.00",🔴 Capacity Gap (0 DRP Profiles),,
"=HYPERLINK(""https://vector.lightning.force.com/lightning/r/Account/0014M00002GGNRCQA5/view"", ""MADEINWEB S/A"")","=HYPERLINK(""https://vector.lightning.force.com/lightning/r/Account/0014M00001hKIowQAG/view"", ""Intelbrás S/A Indústria de Telecomunicações Eletrônica Brasileira"")",2,"=HYPERLINK(""https://vector.lightning.force.com/lightning/r/Workload__c/aBJKf000009kJ6LOAU/view"", ""Agent - Atendimento"")","=HYPERLINK(""https://vector.lightning.force.com/lightning/r/Opportunity/006Kf00000OAajlIAD/view"", ""Intelbras - Modernizacao (Negocios / Comercial)"")",,Corporate,BR CORP,Developer AI Assistance,Developer AI Assistance,Developer AI Assistance,0-2: Tech Eval/Solution Dev,2026-10-06,2026-10-29,"400,000.00",🔴 Capacity Gap (0 DRP Profiles),,
"=HYPERLINK(""https://vector.lightning.force.com/lightning/r/Account/0014M00002GGNRCQA5/view"", ""MADEINWEB S/A"")","=HYPERLINK(""https://vector.lightning.force.com/lightning/r/Account/0014M00001hKIowQAG/view"", ""Intelbrás S/A Indústria de Telecomunicações Eletrônica Brasileira"")",2,"=HYPERLINK(""https://vector.lightning.force.com/lightning/r/Workload__c/aBJKf000009kJ5XOAU/view"", ""Jornada Comercial / Atendimento"")","=HYPERLINK(""https://vector.lightning.force.com/lightning/r/Opportunity/006Kf00000OAajlIAD/view"", ""Intelbras - Modernizacao (Negocios / Comercial)"")",,Corporate,BR CORP,Migrate Modernize and Build,"Migrate, Modernize and Build",GKE/CloudRun,0-2: Tech Eval/Solution Dev,2026-08-24,2026-10-20,"300,000.00",🔴 Capacity Gap (0 DRP Profiles),,
"=HYPERLINK(""https://vector.lightning.force.com/lightning/r/Account/0014M00002GGNRCQA5/view"", ""MADEINWEB S/A"")","=HYPERLINK(""https://vector.lightning.force.com/lightning/r/Account/0014M00001hW5IBQA0/view"", ""AutoGlass"")",2,"=HYPERLINK(""https://vector.lightning.force.com/lightning/r/Workload__c/aBJKf000009kIu0OAE/view"", ""AutoGlass - Abertura Sinistro"")","=HYPERLINK(""https://vector.lightning.force.com/lightning/r/Opportunity/006Kf00000PFFJjIAP/view"", ""AutoGlass -  Abertura de Sinistro"")",,Corporate,BR CORP,Customer Engagement,Gemini Enterprise for Customer Experience (Customer Engagement),Customer Experience Agent Studio,3:  Proposal / Negotiation,2026-08-18,2026-09-08,"82,000.00",🟢 Ready (4 DRP Profiles),,
"=HYPERLINK(""https://vector.lightning.force.com/lightning/r/Account/0014M00002GGNRCQA5/view"", ""MADEINWEB S/A"")","=HYPERLINK(""https://vector.lightning.force.com/lightning/r/Account/0014M00001hUEKQQA4/view"", ""PATRUS TRANSPORTES LTDA"")",2,"=HYPERLINK(""https://vector.lightning.force.com/lightning/r/Workload__c/aBJKf000004ZIkAOAW/view"", ""Projeto de Inovação - Patrus (tier1)"")",,,Corporate,BR CORP,Build with AI,,,0-2: Tech Eval/Solution Dev,2026-08-28,2026-10-28,"80,000.00",🔴 Capacity Gap (0 DRP Profiles),,
"=HYPERLINK(""https://vector.lightning.force.com/lightning/r/Account/0014M00002GGNRCQA5/view"", ""MADEINWEB S/A"")","=HYPERLINK(""https://vector.lightning.force.com/lightning/r/Account/0014M00001hKIowQAG/view"", ""Intelbrás S/A Indústria de Telecomunicações Eletrônica Brasileira"")",2,"=HYPERLINK(""https://vector.lightning.force.com/lightning/r/Workload__c/aBJKf000009eLB4OAM/view"", ""Intelbrás - GenBI - GECX"")","=HYPERLINK(""https://vector.lightning.force.com/lightning/r/Opportunity/006Kf00000PFFOPIA5/view"", ""Intelbrás - GenBI"")","=HYPERLINK(""https://vector.lightning.force.com/lightning/r/Expert_Request__c/aAuKf000000TaApKAK/view"", ""ER-504118"")",Corporate,BR CORP,Build with AI,Gemini Enterprise for Customer Experience (Build with AI),,3:  Proposal / Negotiation,2026-08-26,2026-09-16,"108,000.00",🟢 Ready (4 DRP Profiles),,
"=HYPERLINK(""https://vector.lightning.force.com/lightning/r/Account/0014M00002GGNRCQA5/view"", ""MADEINWEB S/A"")","=HYPERLINK(""https://vector.lightning.force.com/lightning/r/Account/0014M00001htWqyQAE/view"", ""Valgroup"")",2,"=HYPERLINK(""https://vector.lightning.force.com/lightning/r/Workload__c/aBJKf000009kIK2OAM/view"", ""Modernizacao Industria"")","=HYPERLINK(""https://vector.lightning.force.com/lightning/r/Opportunity/006Kf00000OAakHIAT/view"", ""Modernizacao Industria - Valgroup"")",,Corporate,BR CORP,Build with AI,Lead the Agentic Workplace Transformation (Gemini Enterprise),,3:  Proposal / Negotiation,2026-09-25,2026-10-29,"350,000.00",🟡 Constrained (1 DRP Profile),,
"=HYPERLINK(""https://vector.lightning.force.com/lightning/r/Account/0014M00002GGNRCQA5/view"", ""MADEINWEB S/A"")","=HYPERLINK(""https://vector.lightning.force.com/lightning/r/Account/0014M00001hKIowQAG/view"", ""Intelbrás S/A Indústria de Telecomunicações Eletrônica Brasileira"")",2,"=HYPERLINK(""https://vector.lightning.force.com/lightning/r/Workload__c/aBJKf000009kIJxOAM/view"", ""Intelbras - Modernizacao Industria - Negocios"")","=HYPERLINK(""https://vector.lightning.force.com/lightning/r/Opportunity/006Kf00000OAajlIAD/view"", ""Intelbras - Modernizacao (Negocios / Comercial)"")",,Corporate,BR CORP,Migrate Modernize and Build,"Migrate, Modernize and Build",,0-2: Tech Eval/Solution Dev,2026-09-24,2026-10-28,"250,000.00",🔴 Capacity Gap (0 DRP Profiles),,
"=HYPERLINK(""https://vector.lightning.force.com/lightning/r/Account/0014M00002GGNRCQA5/view"", ""MADEINWEB S/A"")","=HYPERLINK(""https://vector.lightning.force.com/lightning/r/Account/0014M00001hW5IBQA0/view"", ""AutoGlass"")",2,"=HYPERLINK(""https://vector.lightning.force.com/lightning/r/Workload__c/aBJKf000009eKa8OAE/view"", ""AutoGlass - Gemini Platform (VertexAI) - Marketing Digital"")","=HYPERLINK(""https://vector.lightning.force.com/lightning/r/Opportunity/006Kf00000PFFHKIA5/view"", ""AutoGlass - Marketing Digital - VertexAI"")",,Corporate,BR CORP,Migrate Modernize and Build,"Migrate, Modernize and Build",,3:  Proposal / Negotiation,2026-09-30,2026-10-15,"49,605.00",🔴 Capacity Gap (0 DRP Profiles),,
"=HYPERLINK(""https://vector.lightning.force.com/lightning/r/Account/0014M00002GGNRCQA5/view"", ""MADEINWEB S/A"")","=HYPERLINK(""https://vector.lightning.force.com/lightning/r/Account/0014M00001hanH8QAI/view"", ""Omnibees Marketing e Distribuição Hotelaria EIRELI"")",2,"=HYPERLINK(""https://vector.lightning.force.com/lightning/r/Workload__c/aBJKf000004ZFnjOAG/view"", ""OMNIBEES - GEMINI ENTERPRISE"")","=HYPERLINK(""https://vector.lightning.force.com/lightning/r/Opportunity/006Kf00000PFTfpIAH/view"", ""OMNIBEES #GEMINI ENTERPRISE #GCP #OUT"")",,Corporate,BR CORP,Build with AI,,,0-2: Tech Eval/Solution Dev,2026-07-31,2026-08-31,"15,000.00",🔴 Capacity Gap (0 DRP Profiles),,
"=HYPERLINK(""https://vector.lightning.force.com/lightning/r/Account/0014M00002GGNRCQA5/view"", ""MADEINWEB S/A"")","=HYPERLINK(""https://vector.lightning.force.com/lightning/r/Account/0014M00001hKIowQAG/view"", ""Intelbrás S/A Indústria de Telecomunicações Eletrônica Brasileira"")",2,"=HYPERLINK(""https://vector.lightning.force.com/lightning/r/Workload__c/aBJKf000004ZEMcOAO/view"", ""Intelbras - GEGX"")","=HYPERLINK(""https://vector.lightning.force.com/lightning/r/Opportunity/006Kf00000Op9pYIAR/view"", ""Intelbrás S/A #GCP #GECX"")",,Corporate,BR CORP,Build with AI,Lead the Agentic Workplace Transformation (Gemini Enterprise),Gemini Enterprise,3:  Proposal / Negotiation,2026-08-31,2026-09-30,"110,000.00",🟡 Constrained (1 DRP Profile),,
"=HYPERLINK(""https://vector.lightning.force.com/lightning/r/Account/0014M00002GGNRCQA5/view"", ""MADEINWEB S/A"")","=HYPERLINK(""https://vector.lightning.force.com/lightning/r/Account/0014M00001qqD1qQAE/view"", ""OPERADOR NACIONAL DO SISTEMA DE REGISTRO ELETRONICO DE IMOVEIS - ONR"")",2,"=HYPERLINK(""https://vector.lightning.force.com/lightning/r/Workload__c/aBJKf000009eD5cOAE/view"", ""GE_ONR"")","=HYPERLINK(""https://vector.lightning.force.com/lightning/r/Opportunity/006Kf00000Oow08IAB/view"", ""Gemini Ent_ONR #TDSYNNEX_NY_EXPEDITION_26"")",,Corporate,BR CORP,Build with AI,Scale AI Apps and Agents,Not a Solution,3:  Proposal / Negotiation,2026-10-01,2026-12-31,"50,000.00",🟢 Ready (4 DRP Profiles),,
"=HYPERLINK(""https://vector.lightning.force.com/lightning/r/Account/0014M00002GGNRCQA5/view"", ""MADEINWEB S/A"")","=HYPERLINK(""https://vector.lightning.force.com/lightning/r/Account/0014M00001hWlDEQA0/view"", ""Embraco"")",2,"=HYPERLINK(""https://vector.lightning.force.com/lightning/r/Workload__c/aBJKf000009tdCmOAI/view"", ""[Embraco | Nidec] #Projetos de IA"")","=HYPERLINK(""https://vector.lightning.force.com/lightning/r/Opportunity/006Kf00000OElBMIA1/view"", ""[Embraco | Nidec] #Data & Analytics TDSYNNEX_NY_EXPEDITION_26"")",,Corporate,BR CORP,Build with AI,"Your Business, Your Models",Agent and Model Platform,3:  Proposal / Negotiation,2026-08-15,2026-08-28,"90,000.00",🟢 Ready (4 DRP Profiles),,
"=HYPERLINK(""https://vector.lightning.force.com/lightning/r/Account/0014M00002GGNRCQA5/view"", ""MADEINWEB S/A"")","=HYPERLINK(""https://vector.lightning.force.com/lightning/r/Account/0014M00001hc6D8QAI/view"", ""Protege S/A Serviços Especiais"")",2,"=HYPERLINK(""https://vector.lightning.force.com/lightning/r/Workload__c/aBJKf000009e82bOAA/view"", ""Protege - Gemini Enterprise"")","=HYPERLINK(""https://vector.lightning.force.com/lightning/r/Opportunity/006Kf00000OTFaHIAX/view"", ""Protege - Gemini Enterprise"")","=HYPERLINK(""https://vector.lightning.force.com/lightning/r/Expert_Request__c/aAuKf000000TYi6KAG/view"", ""ER-497825"")",Corporate,BR CORP,Build with AI,Lead the Agentic Workplace Transformation (Gemini Enterprise),Gemini Enterprise,3:  Proposal / Negotiation,2026-08-27,2026-09-30,"150,000.00",🟡 Constrained (1 DRP Profile),,
"=HYPERLINK(""https://vector.lightning.force.com/lightning/r/Account/0014M00002GGNRCQA5/view"", ""MADEINWEB S/A"")","=HYPERLINK(""https://vector.lightning.force.com/lightning/r/Account/0014M00001hKEpfQAG/view"", ""Tegma Gestão Logística S/A"")",2,"=HYPERLINK(""https://vector.lightning.force.com/lightning/r/Workload__c/aBJKf000009e89NOAQ/view"", ""tegma - Gemini Enterprise"")","=HYPERLINK(""https://vector.lightning.force.com/lightning/r/Opportunity/006Kf00000NSWQ6IAP/view"", ""Tegma Gestão Logística S/A #GCP #OUT #GeminiEnterprise"")",,Corporate,BR CORP,Customer Engagement,Gemini Enterprise for Customer Experience (Customer Engagement),Customer Experience Insights,0-2: Tech Eval/Solution Dev,2026-10-23,2026-12-11,"18,000.00",🟢 Ready (4 DRP Profiles),,
"=HYPERLINK(""https://vector.lightning.force.com/lightning/r/Account/0014M00002GGNRCQA5/view"", ""MADEINWEB S/A"")","=HYPERLINK(""https://vector.lightning.force.com/lightning/r/Account/0014M00001hfmrYQAQ/view"", ""Banco Bocom BBM"")",2,"=HYPERLINK(""https://vector.lightning.force.com/lightning/r/Workload__c/aBJKf000009e7OEOAY/view"", ""Banco Bocom BBM - Gemini Enterprise"")","=HYPERLINK(""https://vector.lightning.force.com/lightning/r/Opportunity/006Kf00000OTe2OIAT/view"", ""BANCO BOCOM # GEMINI ENTERPRISE"")",,Corporate,BR CORP,Build with AI,,,0-2: Tech Eval/Solution Dev,2026-08-31,2026-09-30,"20,000.00",🔴 Capacity Gap (0 DRP Profiles),,
"=HYPERLINK(""https://vector.lightning.force.com/lightning/r/Account/0014M00002GGNRCQA5/view"", ""MADEINWEB S/A"")","=HYPERLINK(""https://vector.lightning.force.com/lightning/r/Account/0014M00001qK4FJQA0/view"", ""AUTOPASS S.A."")",2,"=HYPERLINK(""https://vector.lightning.force.com/lightning/r/Workload__c/aBJKf000009e5aDOAQ/view"", ""OCI Migration_Autopass"")","=HYPERLINK(""https://vector.lightning.force.com/lightning/r/Opportunity/006Kf00000NQLnMIAX/view"", ""OCI Migration_Autopass"")",,Corporate,BR CORP,Migrate Modernize and Build,"Migrate, Modernize and Build",Not a Solution,0-2: Tech Eval/Solution Dev,2026-11-30,2026-12-28,"300,000.00",🔴 Capacity Gap (0 DRP Profiles),,
"=HYPERLINK(""https://vector.lightning.force.com/lightning/r/Account/0014M00002GGNRCQA5/view"", ""MADEINWEB S/A"")","=HYPERLINK(""https://vector.lightning.force.com/lightning/r/Account/0014M00001n6QxmQAE/view"", ""Construtora Tenda S/A."")",2,"=HYPERLINK(""https://vector.lightning.force.com/lightning/r/Workload__c/aBJKf000009e58zOAA/view"", ""Inteligencia Terrenos_Tenda"")","=HYPERLINK(""https://vector.lightning.force.com/lightning/r/Opportunity/006Kf00000NysG8IAJ/view"", ""Inteligencia Terrenos_Tenda"")",,Corporate,BR CORP,Migrate Modernize and Build,"Migrate, Modernize and Build",Not a Solution,3:  Proposal / Negotiation,2026-08-27,2026-09-28,"40,000.00",🔴 Capacity Gap (0 DRP Profiles),,
"=HYPERLINK(""https://vector.lightning.force.com/lightning/r/Account/0014M00002GGNRCQA5/view"", ""MADEINWEB S/A"")","=HYPERLINK(""https://vector.lightning.force.com/lightning/r/Account/0014M00001htVnnQAE/view"", ""AeC Centro de Contatos S/A"")",2,"=HYPERLINK(""https://vector.lightning.force.com/lightning/r/Workload__c/aBJKf000009dx5YOAQ/view"", ""Bot de Automacao Tecnica"")","=HYPERLINK(""https://vector.lightning.force.com/lightning/r/Opportunity/006Kf00000NPZDpIAP/view"", ""AeC - Projeto de Bot Inteligente #AIMBH26"")","=HYPERLINK(""https://vector.lightning.force.com/lightning/r/Expert_Request__c/aAuKf000000PJIPKA4/view"", ""ER-455812"")",Corporate,BR CORP,Build with AI,Gemini Enterprise for Customer Experience (Build with AI),AI Search & Specialized AI,0-2: Tech Eval/Solution Dev,2026-07-31,2026-08-20,"60,000.00",🟢 Ready (4 DRP Profiles),,
"=HYPERLINK(""https://vector.lightning.force.com/lightning/r/Account/0014M00002GGNRCQA5/view"", ""MADEINWEB S/A"")","=HYPERLINK(""https://vector.lightning.force.com/lightning/r/Account/0014M00001h5kT9QAI/view"", ""Banco Rendimento"")",2,"=HYPERLINK(""https://vector.lightning.force.com/lightning/r/Workload__c/aBJKf0000082I3qOAE/view"", ""Rendimento | Software Developer"")","=HYPERLINK(""https://vector.lightning.force.com/lightning/r/Opportunity/006Kf00000M1BmZIAV/view"", ""Banco Rendimento | Esteira de AI"")",,Corporate,BR CORP,Build with AI,Scale AI Apps and Agents,Not a Solution,4.3: Migrated/Implemented,2025-11-24,2026-02-23,"65,973.36",🟢 Ready (4 DRP Profiles),,
"=HYPERLINK(""https://vector.lightning.force.com/lightning/r/Account/0014M00002M7ryLQAR/view"", ""CU2 CLOUD TEC STORE CHILE SPA"")","=HYPERLINK(""https://vector.lightning.force.com/lightning/r/Account/0014M00001hVM3ZQAW/view"", ""Redinterclinica S.A."")",2,"=HYPERLINK(""https://vector.lightning.force.com/lightning/r/Workload__c/aBJKf000004ZNiLOAW/view"", ""Secops Redinterclinica"")","=HYPERLINK(""https://vector.lightning.force.com/lightning/r/Opportunity/006Kf00000Pi0hdIAB/view"", ""Secops Redinterclinica"")",,Corporate,MCO CORP SUR,Security,Agentic Defense with Google Security,Security Workload,0-2: Tech Eval/Solution Dev,2026-11-16,2026-12-15,"50,000.00",🟢 Ready (13 DRP Profiles),,
"=HYPERLINK(""https://vector.lightning.force.com/lightning/r/Account/0014M00002M7ryLQAR/view"", ""CU2 CLOUD TEC STORE CHILE SPA"")","=HYPERLINK(""https://vector.lightning.force.com/lightning/r/Account/001Kf000013iOmRIAU/view"", ""Camara Chilena de la Construccion A.G."")",2,"=HYPERLINK(""https://vector.lightning.force.com/lightning/r/Workload__c/aBJKf000009WBo6OAG/view"", ""Otic CCC - WL M2C - uCloud"")","=HYPERLINK(""https://vector.lightning.force.com/lightning/r/Opportunity/006Kf00000OexRTIAZ/view"", ""Otic CCC - GCP M2C - Ucloud"")",,Corporate,MCO CORP SUR,Analytics,"Migrate, Modernize, and Build with Data Cloud (Analytics)",Migrate Data Lakes to BigQuery,0-2: Tech Eval/Solution Dev,2026-11-04,2027-01-19,"75,000.00",🟢 Ready (12 DRP Profiles),,
"=HYPERLINK(""https://vector.lightning.force.com/lightning/r/Account/0014M00002M7ryLQAR/view"", ""CU2 CLOUD TEC STORE CHILE SPA"")","=HYPERLINK(""https://vector.lightning.force.com/lightning/r/Account/0014M00001hiEOSQA2/view"", ""GREENVIC S.A"")",2,"=HYPERLINK(""https://vector.lightning.force.com/lightning/r/Workload__c/aBJKf000009eKs2OAE/view"", ""GREENVIC S.A OUT GEMINIENTERPRISE"")","=HYPERLINK(""https://vector.lightning.force.com/lightning/r/Opportunity/006Kf00000OerUHIAZ/view"", ""GREENVIC S.A OUT GEMINIENTERPRISE"")",,Corporate,MCO CORP SUR,Build with AI,Lead the Agentic Workplace Transformation (Gemini Enterprise),Gemini Enterprise,3:  Proposal / Negotiation,2026-08-14,2026-09-30,"87,852.00",🔴 Capacity Gap (0 DRP Profiles),,
"=HYPERLINK(""https://vector.lightning.force.com/lightning/r/Account/0014M00002M7ryLQAR/view"", ""CU2 CLOUD TEC STORE CHILE SPA"")","=HYPERLINK(""https://vector.lightning.force.com/lightning/r/Account/0014M00001hVM3ZQAW/view"", ""Redinterclinica S.A."")",2,"=HYPERLINK(""https://vector.lightning.force.com/lightning/r/Workload__c/aBJKf000009dumpOAA/view"", ""Proyecto infra & analitycs AI"")","=HYPERLINK(""https://vector.lightning.force.com/lightning/r/Opportunity/006Kf00000NfsAFIAZ/view"", ""Infra & Analitycs proyecto uCloud"")",,Corporate,MCO CORP SUR,Analytics,The Agentic Data Cloud,BigQuery EPE,4.2: Ramping / Deliver,2026-04-27,2026-09-10,"200,000.00",🟢 Ready (12 DRP Profiles),,
"=HYPERLINK(""https://vector.lightning.force.com/lightning/r/Account/0014M00002M7ryLQAR/view"", ""CU2 CLOUD TEC STORE CHILE SPA"")","=HYPERLINK(""https://vector.lightning.force.com/lightning/r/Account/0014M00001hVM3ZQAW/view"", ""Redinterclinica S.A."")",2,"=HYPERLINK(""https://vector.lightning.force.com/lightning/r/Workload__c/aBJKf000009duoROAQ/view"", ""Vertex AI for Health"")","=HYPERLINK(""https://vector.lightning.force.com/lightning/r/Opportunity/006Kf00000NftnOIAR/view"", ""Redinterclinica Iniciativas AI Vertex"")",,Corporate,MCO CORP SUR,Build with AI,"Your Business, Your Models",Agent and Model Platform,0-2: Tech Eval/Solution Dev,2026-09-28,2026-12-28,"85,000.00",🟢 Ready (8 DRP Profiles),,
"=HYPERLINK(""https://vector.lightning.force.com/lightning/r/Account/0014M00002N5mLOQAZ/view"", ""UCLOUD STORE BRASIL TECNOLOGIA DA INFORMACAO LTDA"")","=HYPERLINK(""https://vector.lightning.force.com/lightning/r/Account/0014M00001hPos0QAC/view"", ""DUX COMERCIO DE COMPLEMENTOS E SUPLEMENTOS ALIMENTICIOS LTDA EPP"")",2,"=HYPERLINK(""https://vector.lightning.force.com/lightning/r/Workload__c/aBJKf000009tE7yOAE/view"", ""Dux - Analytics"")","=HYPERLINK(""https://vector.lightning.force.com/lightning/r/Opportunity/006Kf00000M0PEXIA3/view"", ""DUX COMERCIO DE COMPLEMENTOS - #GCP - #Analytics"")",,Corporate,BR CORP,Analytics,"Migrate, Modernize, and Build with Data Cloud (Analytics)",Migrate Data Warehouses to BigQuery,4.3: Migrated/Implemented,2025-11-04,2025-11-28,"30,000.00",🟢 Ready (12 DRP Profiles),,
"=HYPERLINK(""https://vector.lightning.force.com/lightning/r/Account/0014M00001h35nAQAQ/view"", ""CU2 CLOUD TEC STORE SL"")","=HYPERLINK(""https://vector.lightning.force.com/lightning/r/Account/0014M00002LSyLJQA1/view"", ""Celes Technologies INC"")",2,"=HYPERLINK(""https://vector.lightning.force.com/lightning/r/Workload__c/aBJKf000006MbhTOAS/view"", ""GTM Celes WL"")","=HYPERLINK(""https://vector.lightning.force.com/lightning/r/Opportunity/006Kf00000KhCD4IAN/view"", ""Celes: Joint GTM 360k"")",,Corporate,MCO CORP NORTE,Migrate and Modernize Databases,"Migrate, Modernize, and Build with Data Cloud (Databases)","Move to Managed Databases (Homogeneous - Cloud SQL, AlloyDB, Firestore)",4.3: Migrated/Implemented,2025-07-23,2025-08-01,"80,000.00",🟢 Ready (2 DRP Profiles),,
"=HYPERLINK(""https://vector.lightning.force.com/lightning/r/Account/0014M00002M7ryLQAR/view"", ""CU2 CLOUD TEC STORE CHILE SPA"")","=HYPERLINK(""https://vector.lightning.force.com/lightning/r/Account/0014M00001hhVdxQAE/view"", ""TOTH ltda"")",2,"=HYPERLINK(""https://vector.lightning.force.com/lightning/r/Workload__c/aBJKf000006MabeOAC/view"", ""TOTH  - SCC - Act"")","=HYPERLINK(""https://vector.lightning.force.com/lightning/r/Opportunity/006Kf00000JBujsIAD/view"", ""TOTH #GTI #Security #Outbound #CL #SDR #SalesCreditPOC"")",,Corporate,MCO CORP SUR,Security,Security,Security Workload,4.3: Migrated/Implemented,2025-08-29,2025-10-30,"6,000.00",🟢 Ready (13 DRP Profiles),,
"=HYPERLINK(""https://vector.lightning.force.com/lightning/r/Account/0014M00002M7ryLQAR/view"", ""CU2 CLOUD TEC STORE CHILE SPA"")","=HYPERLINK(""https://vector.lightning.force.com/lightning/r/Account/0014M00001hVM3ZQAW/view"", ""Redinterclinica S.A."")",2,"=HYPERLINK(""https://vector.lightning.force.com/lightning/r/Workload__c/aBJKf000009t7tROAQ/view"", ""Cortex Sap"")","=HYPERLINK(""https://vector.lightning.force.com/lightning/r/Opportunity/006Kf00000LYTp5IAH/view"", ""Interclinica proyecto cortex"")","ER-394016, ER-441904",Corporate,MCO CORP SUR,Analytics,The Agentic Data Cloud,Cortex Framework,4.3: Migrated/Implemented,2025-10-20,2025-10-28,"20,000.00",🟢 Ready (12 DRP Profiles),,
"=HYPERLINK(""https://vector.lightning.force.com/lightning/r/Account/0014M00002N5mLOQAZ/view"", ""UCLOUD STORE BRASIL TECNOLOGIA DA INFORMACAO LTDA"")","=HYPERLINK(""https://vector.lightning.force.com/lightning/r/Account/0014M00001xjZm7QAE/view"", ""Positivo Tecnologia"")",2,"=HYPERLINK(""https://vector.lightning.force.com/lightning/r/Workload__c/aBJKf000006MZEyOAO/view"", ""Positivo - VM"")","=HYPERLINK(""https://vector.lightning.force.com/lightning/r/Opportunity/006Kf00000JBwViIAL/view"", ""Positivo Educacional_CUD 1Y"")",,Corporate,BR CORP,Migrate Modernize and Build,"Migrate, Modernize and Build",Mainframe,4.3: Migrated/Implemented,2025-08-11,2025-09-05,"64,000.00",🟢 Ready (12 DRP Profiles),,
"=HYPERLINK(""https://vector.lightning.force.com/lightning/r/Account/001Kf000010ctuwIAA/view"", ""CU2 CLOUD TEC STORE, S.A. DE C.V."")","=HYPERLINK(""https://vector.lightning.force.com/lightning/r/Account/0014M00001howgxQAA/view"", ""Grupo Tova"")",2,"=HYPERLINK(""https://vector.lightning.force.com/lightning/r/Workload__c/aBJKf000006MZ6BOAW/view"", ""Tova-AgentSpace"")","=HYPERLINK(""https://vector.lightning.force.com/lightning/r/Opportunity/006Kf00000JfhvBIAR/view"", ""GRUPO TOVA #GCP #AGENTSPACE"")",,Corporate,MCO CORP CCA,,,,0-2: Tech Eval/Solution Dev,2025-07-25,2025-08-15,0.00,🔴 Capacity Gap (0 DRP Profiles),,
"=HYPERLINK(""https://vector.lightning.force.com/lightning/r/Account/0014M00002N5mLOQAZ/view"", ""UCLOUD STORE BRASIL TECNOLOGIA DA INFORMACAO LTDA"")","=HYPERLINK(""https://vector.lightning.force.com/lightning/r/Account/0014M00001lyFlxQAE/view"", ""G4 Solutions in Information Management"")",2,"=HYPERLINK(""https://vector.lightning.force.com/lightning/r/Workload__c/aBJKf000009stjAOAQ/view"", ""G4 Solutions - Modernizacao Infra"")","=HYPERLINK(""https://vector.lightning.force.com/lightning/r/Opportunity/006Kf00000JNReJIAX/view"", ""G4 Solutions in Information Management - Google Cloud Platform"")","=HYPERLINK(""https://vector.lightning.force.com/lightning/r/Expert_Request__c/aAuKf000000kE6pKAE/view"", ""ER-354807"")",Corporate,BR CORP,Migrate Modernize and Build,,Not a Solution,4.3: Migrated/Implemented,2024-11-18,2024-12-27,"300,000.00",🔴 Capacity Gap (0 DRP Profiles),,
