Partner:,INFORMACIÓN LOCALIZADA SAS (Servinformación),,,Last Update:,18 - Sep 2026,,,,,,,,,,,,,,,,,,,,,
,,,,,,,,,,,,,,,,,,,,,,,,,,
Estados Q3:,🔴 High risk: Prog 3 en Q3 (acelerar),,🟡 Validate Commit: Validar prod y fechas,,🟡 Pull-in: Adelantar consumo a Q3,,🟣 Critical Path: Prog 0-2 en Q3 (fechas inviables),,,,,,,,,,,,,,,,,,,
Estados Q3:,🟠 Medium risk: Algo para adelantar,,⚪ Hygiene Review: Falta higiene en fechas,,⚪ Low Priority: Deals Q4+ (Baja prioridad),,,,,,,,,,,,,,,,,,,,,
Customer Account Name,Account Tier,Workload Name,Workload Owner,Primary CE Technical Owner,Annual Gross Revenue (ARR USD),Workload Progress,Capacity Status (DRP Readiness),Opportunity Name,Next Steps,Expert Requests,Customer Sub Region,Customer Micro Region,Primary Workload Pillar,Sales Play,Workload Solution,Implementation Date,Days Until Implementation,Production Date,Days Until Production,Workload Owner Email,Primary CE Technical Owner Email,Notes / Tasks,Cual es el bloqueo?,Como se soluciona,Last Update,Business Priority
"=HYPERLINK(""https://vector.lightning.force.com/lightning/r/Account/0014M00001hpDnIQAU/view"", ""COPSERVIR"")",Tier 2,"=HYPERLINK(""https://vector.lightning.force.com/lightning/r/Workload__c/aBJKf000009eTJ6OAM/view"", ""Copservir GE"")",Dario Palma Villarreal,,"$63,000.00",3:  Proposal / Negotiation,🟢 Ready (3 in Gemini Enterprise · 95%),"=HYPERLINK(""https://vector.lightning.force.com/lightning/r/Opportunity/006Kf00000OsDBsIAN/view"", ""Copservir - Gemini Enterprise"")",,,Corporate,MCO CORP NORTE,Build with AI,Lead the Agentic Workplace Transformation (Gemini Enterprise),Gemini Enterprise,2026-10-14,"=IF(Q6<>"""", Q6-TODAY(), """")",2026-10-14,"=IF(S6<>"""", S6-TODAY(), """")",dariopalma@google.com,,,,,08 - Sep,Low Priority
"=HYPERLINK(""https://vector.lightning.force.com/lightning/r/Account/0014M00001pp2aaQAA/view"", ""KREDIYA S.A."")",Tier 2,"=HYPERLINK(""https://vector.lightning.force.com/lightning/r/Workload__c/aBJKf000009WEXXOA4/view"", ""KREDIYA S.A. - Google Cloud - IA"")",Christiane Amorosino,Leonardo Paioli Carrazza,"$50,000.00",0-2: Tech Eval/Solution Dev,🟢 Ready (3 in Gemini Enterprise · 95%),"=HYPERLINK(""https://vector.lightning.force.com/lightning/r/Opportunity/006Kf00000PYBukIAH/view"", ""KREDIYA S.A. - Google Cloud - IA"")",Alineamiento partner 25/8 - Pendiente nueva sesión cliente Brenda,,Corporate,MCO CORP CCA,Build with AI,Lead the Agentic Workplace Transformation (Gemini Enterprise),Gemini Enterprise,2026-11-30,"=IF(Q7<>"""", Q7-TODAY(), """")",2026-12-31,"=IF(S7<>"""", S7-TODAY(), """")",christianea@google.com,paiolicarrazza@google.com,,,,25 - Aug,Low Priority
"=HYPERLINK(""https://vector.lightning.force.com/lightning/r/Account/0014M00001oifygQAA/view"", ""Farmacias Arrocha"")",Tier 2,"=HYPERLINK(""https://vector.lightning.force.com/lightning/r/Workload__c/aBJKf000009WEU4OAO/view"", ""Farmacias Arrocha - Google Cloud - Analytics"")",Christiane Amorosino,,"$10,000.00",0-2: Tech Eval/Solution Dev,🟢 Ready (33 in BigQuery · 90%),"=HYPERLINK(""https://vector.lightning.force.com/lightning/r/Opportunity/006Kf00000P796bIAB/view"", ""Farmacias Arrocha - Google Cloud - Analytics"")",,,Corporate,MCO CORP CCA,Analytics,"Migrate, Modernize, and Build with Data Cloud (Analytics)",Not a Solution,2026-11-30,"=IF(Q8<>"""", Q8-TODAY(), """")",2026-12-31,"=IF(S8<>"""", S8-TODAY(), """")",christianea@google.com,,,,,24 - Aug,Low Priority
"=HYPERLINK(""https://vector.lightning.force.com/lightning/r/Account/0014M000026qNYRQA2/view"", ""Cooperativa Capel"")",Tier 2,"=HYPERLINK(""https://vector.lightning.force.com/lightning/r/Workload__c/aBJKf000009eRktOAE/view"", ""COOPERATIVACAPEL  DISASTER RECOVERY"")",Jilver Tyson Fuentes,Ricardo Boniek Mendez,"$30,000.00",0-2: Tech Eval/Solution Dev,🟢 Ready (19 in GKE · 80%),"=HYPERLINK(""https://vector.lightning.force.com/lightning/r/Opportunity/006Kf00000PiJCyIAN/view"", ""COOPERATIVACAPEL OUT DISASTER RECOVERY GCP"")",El proceso se encuentra a la espera de que el área legal de Capel revise el NDA que fue enviado por el partner.,,Corporate,MCO CORP SUR,Migrate Modernize and Build,"Migrate, Modernize and Build",Not a Solution,2026-09-30,"=IF(Q9<>"""", Q9-TODAY(), """")",2026-10-31,"=IF(S9<>"""", S9-TODAY(), """")",jilvertyson@google.com,mendezricardo@google.com,,,,11 - Sep,Critical Path
"=HYPERLINK(""https://vector.lightning.force.com/lightning/r/Account/0014M00001hRoTJQA0/view"", ""Vistony Compañía Industrial del Perú S.A.C."")",Tier 3,"=HYPERLINK(""https://vector.lightning.force.com/lightning/r/Workload__c/aBJKf000009eRYTOA2/view"", ""Vistony | 50 Licencias Gemini Enterprise"")",Arianne Mahuad Escardo,Leonardo Paioli Carrazza,"$15,000.00",0-2: Tech Eval/Solution Dev,🟢 Ready (3 in Gemini Enterprise · 95%),"=HYPERLINK(""https://vector.lightning.force.com/lightning/r/Opportunity/006Kf00000OromyIAB/view"", ""Vistony | 50 Licencias Gemini Enterprise"")",,,Corporate,MCO CORP CCA,Build with AI,Lead the Agentic Workplace Transformation (Gemini Enterprise),Gemini Enterprise,2026-11-01,"=IF(Q10<>"""", Q10-TODAY(), """")",2026-12-15,"=IF(S10<>"""", S10-TODAY(), """")",ariannemahuad@google.com,paiolicarrazza@google.com,,,,04 - Sep,Low Priority
"=HYPERLINK(""https://vector.lightning.force.com/lightning/r/Account/0014M00001hr9X7QAI/view"", ""Asociacion Mutual SanCor Salud"")",Tier 2,"=HYPERLINK(""https://vector.lightning.force.com/lightning/r/Workload__c/aBJKf000009WE3cOAG/view"", ""SanCor Salud Gemini Enterprise"")",Agustina Maria Cano,Ricardo Boniek Mendez,"$5,040.00",0-2: Tech Eval/Solution Dev,🟢 Ready (3 in Gemini Enterprise · 95%),"=HYPERLINK(""https://vector.lightning.force.com/lightning/r/Opportunity/006Kf00000Pil3MIAR/view"", ""SanCor Salud #INB #Gemini Enterprise"")",10/09 tuvimos reunión el 27/08 Pero Cliente no responde más ni siquiera para la Fase 0 (asentar bases y consola),,Corporate,MCO CORP SUR,Build with AI,Lead the Agentic Workplace Transformation (Gemini Enterprise),Gemini Enterprise,2026-11-16,"=IF(Q11<>"""", Q11-TODAY(), """")",2026-12-28,"=IF(S11<>"""", S11-TODAY(), """")",agustinamaria@google.com,mendezricardo@google.com,,,,10 - Sep,Low Priority
"=HYPERLINK(""https://vector.lightning.force.com/lightning/r/Account/0014M00001hYAcjQAG/view"", ""Corporacion Vega"")",Tier 2,"=HYPERLINK(""https://vector.lightning.force.com/lightning/r/Workload__c/aBJKf000009eRLjOAM/view"", ""Corporacion Vega | 50 Licencias Gemini Enterprise"")",Christiane Amorosino,Leonardo Paioli Carrazza,"$15,000.00",0-2: Tech Eval/Solution Dev,🟢 Ready (3 in Gemini Enterprise · 95%),"=HYPERLINK(""https://vector.lightning.force.com/lightning/r/Opportunity/006Kf00000OrlHHIAZ/view"", ""Corporacion Vega | 50 Licencias Gemini Enterprise"")",Están en revisión de servidores. Nueva sesión será en noviembre,,Corporate,MCO CORP CCA,Build with AI,Lead the Agentic Workplace Transformation (Gemini Enterprise),Gemini Enterprise,2026-11-01,"=IF(Q12<>"""", Q12-TODAY(), """")",2026-11-30,"=IF(S12<>"""", S12-TODAY(), """")",christianea@google.com,paiolicarrazza@google.com,,,,14 - Sep,Low Priority
"=HYPERLINK(""https://vector.lightning.force.com/lightning/r/Account/0014M00001hp5OiQAI/view"", ""LA CORPORACION COLOMBIANA DE INVESTIGACION AGROPECUARIA AGROSAVIA"")",Tier 3,"=HYPERLINK(""https://vector.lightning.force.com/lightning/r/Workload__c/aBJKf000009kLFjOAM/view"", ""Agrosavia_GE"")",Oswaldo Sanabria Rodriguez,,"$108,000.00",0-2: Tech Eval/Solution Dev,🟢 Ready (3 in Gemini Enterprise · 95%),"=HYPERLINK(""https://vector.lightning.force.com/lightning/r/Opportunity/006Kf00000PMzHqIAL/view"", ""#AWT_playcompete_Servi Agrosavia - GWS"")",,,Corporate,MCO CORP NORTE,Build with AI,Lead the Agentic Workplace Transformation (Gemini Enterprise),Gemini Enterprise,2026-10-12,"=IF(Q13<>"""", Q13-TODAY(), """")",2026-10-26,"=IF(S13<>"""", S13-TODAY(), """")",oswaldosr@google.com,,,,,06 - Aug,Low Priority
"=HYPERLINK(""https://vector.lightning.force.com/lightning/r/Account/0014M00001hWkGCQA0/view"", ""Grupo Diveco"")",Tier 3,"=HYPERLINK(""https://vector.lightning.force.com/lightning/r/Workload__c/aBJKf000009WDYyOAO/view"", ""DIVECO GE for CX"")",Christiane Amorosino,Leonardo Paioli Carrazza,"$30,000.00",0-2: Tech Eval/Solution Dev,🟢 Ready (35 in Gemini Enterprise Agent Platform · 85%),"=HYPERLINK(""https://vector.lightning.force.com/lightning/r/Opportunity/006Kf00000PFtq9IAD/view"", ""DIVECO GE for CX"")",Dimensionando infraestructura para el uso de Customer Experience,,Corporate,MCO CORP CCA,Build with AI,Gemini Enterprise for Customer Experience (Build with AI),AI Search & Specialized AI,2026-11-30,"=IF(Q14<>"""", Q14-TODAY(), """")",2026-12-31,"=IF(S14<>"""", S14-TODAY(), """")",christianea@google.com,paiolicarrazza@google.com,,,,02 - Sep,Low Priority
"=HYPERLINK(""https://vector.lightning.force.com/lightning/r/Account/0014M00001h3l72QAA/view"", ""S.A. SAN MIGUEL A.G.I.C.I. y F."")",Tier 2,"=HYPERLINK(""https://vector.lightning.force.com/lightning/r/Workload__c/aBJKf000009WDPSOA4/view"", ""San Miguel Global infra fuera grow"")",Agustina Maria Cano,Ricardo Boniek Mendez,"$60,000.00",0-2: Tech Eval/Solution Dev,🟢 Ready (19 in GKE · 80%),"=HYPERLINK(""https://vector.lightning.force.com/lightning/r/Opportunity/006Kf00000PYlkvIAD/view"", ""San Miguel Global #OUT #infra fuera lo de Grow"")","10/09 hablé con Gabriel me dijo que habló con Marcelo Gte TI que van a querer una reunión pero me dijo que todavía hay tiempo, más de un año para migrar lo que quedará como histórico para consultas que no descartan ni Google no AWS ni Azure,",,Corporate,MCO CORP SUR,Migrate Modernize and Build,Enterprise Platform of Choice: SAP,SAP Direct,2027-04-12,"=IF(Q15<>"""", Q15-TODAY(), """")",2027-05-10,"=IF(S15<>"""", S15-TODAY(), """")",agustinamaria@google.com,mendezricardo@google.com,,,,14 - Sep,Hygiene Review
"=HYPERLINK(""https://vector.lightning.force.com/lightning/r/Account/0014M000022FwpHQAS/view"", ""Vela LATAM"")",Tier 2,"=HYPERLINK(""https://vector.lightning.force.com/lightning/r/Workload__c/aBJKf000009ePJqOAM/view"", ""Escriba - Antigravity (Governança)"")",Victor Pimentel,,"$60,000.00",0-2: Tech Eval/Solution Dev,🟢 Ready (11 in AI Applications · 85%),"=HYPERLINK(""https://vector.lightning.force.com/lightning/r/Opportunity/006Kf00000Of2k1IAB/view"", ""Escriba #GCP #Antigravity"")",Marcar reunião técnica para aprofundar projeto,,Corporate,BR CORP,Build with AI,Scale AI Apps and Agents,,2026-09-16,"=IF(Q16<>"""", Q16-TODAY(), """")",2026-11-25,"=IF(S16<>"""", S16-TODAY(), """")",vpimentel@google.com,,,,,08 - Sep,Critical Path
"=HYPERLINK(""https://vector.lightning.force.com/lightning/r/Account/0014M00001hjFVIQA2/view"", ""ASOPAGOS S.A."")",Tier 2,"=HYPERLINK(""https://vector.lightning.force.com/lightning/r/Workload__c/aBJKf000009eOhIOAU/view"", ""Asopagos - Nuevos desarrollos + Deteccion amenazas"")",Dario Palma Villarreal,,"$170,000.00",0-2: Tech Eval/Solution Dev,🟢 Ready (19 in GKE · 80%),"=HYPERLINK(""https://vector.lightning.force.com/lightning/r/Opportunity/006Kf00000P83xUIAR/view"", ""#AWT_playcompete_Servi ASOPAGOS S A"")","Proyecto para noviembre, 120 licencias.",,Corporate,MCO CORP NORTE,Migrate Modernize and Build,,,2026-11-24,"=IF(Q17<>"""", Q17-TODAY(), """")",2026-12-24,"=IF(S17<>"""", S17-TODAY(), """")",dariopalma@google.com,,,,,17 - Sep,Critical Path
"=HYPERLINK(""https://vector.lightning.force.com/lightning/r/Account/0014M00001sdcy5QAA/view"", ""Grupo Altum"")",Tier 2,"=HYPERLINK(""https://vector.lightning.force.com/lightning/r/Workload__c/aBJKf000009eOhcOAE/view"", ""Altum - Infra"")",Dario Palma Villarreal,,"$110,000.00",4.3: Migrated/Implemented,🟢 Ready (19 in GKE · 80%),"=HYPERLINK(""https://vector.lightning.force.com/lightning/r/Opportunity/006Kf00000P5n5PIAR/view"", ""Grupo Altum - LABORATORIO IA (SOW) - GE - GWS- #AWT_playcompete_Servi"")",,,Corporate,MCO CORP NORTE,Migrate Modernize and Build,"Migrate, Modernize and Build",Not a Solution,2026-08-28,"=IF(Q18<>"""", Q18-TODAY(), """")",2026-08-28,"=IF(S18<>"""", S18-TODAY(), """")",dariopalma@google.com,,,,,10 - Aug,
"=HYPERLINK(""https://vector.lightning.force.com/lightning/r/Account/0014M00001uF0qJQAS/view"", ""INDUSTRIAL CONCONCRETO S A S"")",Tier 2,"=HYPERLINK(""https://vector.lightning.force.com/lightning/r/Workload__c/aBJKf000009eOh8OAE/view"", ""Conconcreto - Davinci - Migration"")",Dario Palma Villarreal,,"$70,000.00",3:  Proposal / Negotiation,🟢 Ready (19 in GKE · 80%),"=HYPERLINK(""https://vector.lightning.force.com/lightning/r/Opportunity/006Kf00000P5ZhIIAV/view"", ""Constructora Conconcreto S.A - #AWT_playcompete_Servi"")",,,Corporate,MCO CORP NORTE,Migrate Modernize and Build,,,2026-09-09,"=IF(Q19<>"""", Q19-TODAY(), """")",2026-09-09,"=IF(S19<>"""", S19-TODAY(), """")",dariopalma@google.com,,,,,08 - Sep,High risk
"=HYPERLINK(""https://vector.lightning.force.com/lightning/r/Account/0014M00001hWsgwQAC/view"", ""FUNDACION VALLE DEL LILI"")",Tier 2,"=HYPERLINK(""https://vector.lightning.force.com/lightning/r/Workload__c/aBJKf000004ZLR8OAO/view"", ""WL_SoW DAF_fvl"")",Jorge Armando Barrios,,"$291,084.00",4.1: Pre Ramp / Mobilize,🟢 Ready (19 in GKE · 80%),"=HYPERLINK(""https://vector.lightning.force.com/lightning/r/Opportunity/006Kf00000POyFSIA1/view"", ""SoW DAF Fundación Valle del Lili Ensayos clínicos con IA"")","Empresa afectada por el terremoto, solicitan un margen de tiempo para mitigar la emergencia y luego avanzar.","=HYPERLINK(""https://vector.lightning.force.com/lightning/r/Expert_Request__c/aAuKf000000TaDoKAK/view"", ""ER-504239"")",Corporate,MCO CORP NORTE,Migrate Modernize and Build,"Migrate, Modernize and Build",Not a Solution,2026-09-01,"=IF(Q20<>"""", Q20-TODAY(), """")",2026-10-29,"=IF(S20<>"""", S20-TODAY(), """")",jorgearmandob@google.com,,,,,27 - Aug,Pull-in
"=HYPERLINK(""https://vector.lightning.force.com/lightning/r/Account/0014M00001hcEHaQAM/view"", ""Ecuasal"")",Tier 3,"=HYPERLINK(""https://vector.lightning.force.com/lightning/r/Workload__c/aBJKf000009WBsNOAW/view"", ""FY26 Tier3 - Ecuasal #OUT #GCP # Infra #MV"")",Jorge Armando Barrios,Ricardo Boniek Mendez,"$42,289.08",0-2: Tech Eval/Solution Dev,🟢 Ready (19 in GKE · 80%),"=HYPERLINK(""https://vector.lightning.force.com/lightning/r/Opportunity/006Kf00000PHyWwIAL/view"", ""FY26 Tier3 - Ecuasal #OUT #GCP # Infra #MV"")",Aguardando respuesta de la segunda propuesta.,,Corporate,MCO CORP NORTE,Migrate Modernize and Build,"Migrate, Modernize and Build",Linux,2027-02-26,"=IF(Q21<>"""", Q21-TODAY(), """")",2027-03-26,"=IF(S21<>"""", S21-TODAY(), """")",jorgearmandob@google.com,mendezricardo@google.com,,,,17 - Sep,Low Priority
"=HYPERLINK(""https://vector.lightning.force.com/lightning/r/Account/0014M00001hRYo9QAG/view"", ""Laive S.A."")",Tier 2,"=HYPERLINK(""https://vector.lightning.force.com/lightning/r/Workload__c/aBJKf000009eMkPOAU/view"", ""Laive | 100 Licencias Gemini Enterprise"")",Arianne Mahuad Escardo,Leonardo Paioli Carrazza,"$30,000.00",0-2: Tech Eval/Solution Dev,🟢 Ready (3 in Gemini Enterprise · 95%),"=HYPERLINK(""https://vector.lightning.force.com/lightning/r/Opportunity/006Kf00000OqZY0IAN/view"", ""Laive | 100 Licencias Gemini Enterprise"")",FSR actuando directamente,"=HYPERLINK(""https://vector.lightning.force.com/lightning/r/Expert_Request__c/aAuKf000000PaLzKAK/view"", ""ER-495115"")",Corporate,MCO CORP CCA,Build with AI,Lead the Agentic Workplace Transformation (Gemini Enterprise),,2026-12-01,"=IF(Q22<>"""", Q22-TODAY(), """")",2026-12-31,"=IF(S22<>"""", S22-TODAY(), """")",ariannemahuad@google.com,paiolicarrazza@google.com,,,,26 - Aug,Low Priority
"=HYPERLINK(""https://vector.lightning.force.com/lightning/r/Account/0014M00001mYWnxQAG/view"", ""Bóticas y Salud S.A.C."")",Tier 2,"=HYPERLINK(""https://vector.lightning.force.com/lightning/r/Workload__c/aBJKf000009WBGiOAO/view"", ""Bóticas y Salud | S.A.C GECX"")",Christiane Amorosino,Leonardo Paioli Carrazza,"$20,000.00",0-2: Tech Eval/Solution Dev,🟢 Ready (35 in Gemini Enterprise Agent Platform · 85%),"=HYPERLINK(""https://vector.lightning.force.com/lightning/r/Opportunity/006Kf00000POSB4IAP/view"", ""Bóticas y Salud | S.A.C GECX"")",14/9 - están en revisión de presupuesto. Aguardando fecha para prox sesión,,Corporate,MCO CORP CCA,Build with AI,Gemini Enterprise for Customer Experience (Build with AI),AI Search & Specialized AI,2026-10-01,"=IF(Q23<>"""", Q23-TODAY(), """")",2026-11-30,"=IF(S23<>"""", S23-TODAY(), """")",christianea@google.com,paiolicarrazza@google.com,,,,14 - Sep,Low Priority
"=HYPERLINK(""https://vector.lightning.force.com/lightning/r/Account/0014M00001jvIYmQAM/view"", ""Grupo Pellas"")",Tier 3,"=HYPERLINK(""https://vector.lightning.force.com/lightning/r/Workload__c/aBJKf000009kHeGOAU/view"", ""Nicaragua Sugar - Gemini Ent - 100 Seats"")",Daniel Cornejo,Leonardo Paioli Carrazza,"$25,000.00",0-2: Tech Eval/Solution Dev,🟢 Ready (3 in Gemini Enterprise · 95%),"=HYPERLINK(""https://vector.lightning.force.com/lightning/r/Opportunity/006Kf00000LlTLuIAN/view"", ""Nicaragua Sugar - Gem Ent - 30 Seats"")",Pendiente dimensionar propuesta por el partner,,Corporate,MCO CORP CCA,Build with AI,Lead the Agentic Workplace Transformation (Gemini Enterprise),Gemini Enterprise,2026-11-12,"=IF(Q24<>"""", Q24-TODAY(), """")",2026-12-17,"=IF(S24<>"""", S24-TODAY(), """")",dcornejo@google.com,paiolicarrazza@google.com,,,,08 - Sep,Low Priority
"=HYPERLINK(""https://vector.lightning.force.com/lightning/r/Account/0014M00001hf8yJQAQ/view"", ""FARMAENLACE CIA. LTDA."")",Tier 2,"=HYPERLINK(""https://vector.lightning.force.com/lightning/r/Workload__c/aBJKf000009eFPKOA2/view"", ""Revenue Incrementales nuevas empresas"")",Jorge Armando Barrios,Ricardo Boniek Mendez,"$100,000.00",3:  Proposal / Negotiation,🟢 Ready (19 in GKE · 80%),"=HYPERLINK(""https://vector.lightning.force.com/lightning/r/Opportunity/006Kf00000Op6PsIAJ/view"", ""Nuevas Empresas Farmaenlace"")",So solicitará información al partner en la cadencia del 26/08.,"=HYPERLINK(""https://vector.lightning.force.com/lightning/r/Expert_Request__c/aAuKf000000oRN2KAM/view"", ""ER-487768"")",Corporate,MCO CORP NORTE,Migrate Modernize and Build,Enterprise Platform of Choice: SAP,Not a Solution,2026-11-09,"=IF(Q25<>"""", Q25-TODAY(), """")",2026-12-07,"=IF(S25<>"""", S25-TODAY(), """")",jorgearmandob@google.com,mendezricardo@google.com,,,,08 - Sep,Low Priority
"=HYPERLINK(""https://vector.lightning.force.com/lightning/r/Account/0014M00001h5VPNQA2/view"", ""Innovaro"")",Tier 2,"=HYPERLINK(""https://vector.lightning.force.com/lightning/r/Workload__c/aBJKf000009e5XgOAI/view"", ""Innovaro - Gemini Enterprise"")",Victor Pimentel,Renan Teixeira Felix,"$35,000.00",3:  Proposal / Negotiation,🟢 Ready (3 in Gemini Enterprise · 95%),"=HYPERLINK(""https://vector.lightning.force.com/lightning/r/Opportunity/006Kf00000NSLJ8IAP/view"", ""Innovaro #GCP #GEMINIENT #AI"")","Estamos em reuniões com o cliente, e o cliente ira para o EBC com o parceiro","=HYPERLINK(""https://vector.lightning.force.com/lightning/r/Expert_Request__c/aAuKf000000TX3HKAW/view"", ""ER-489973"")",Corporate,BR CORP,Build with AI,Lead the Agentic Workplace Transformation (Gemini Enterprise),Gemini Enterprise,2026-09-16,"=IF(Q26<>"""", Q26-TODAY(), """")",2026-11-02,"=IF(S26<>"""", S26-TODAY(), """")",vpimentel@google.com,renant@google.com,,,,15 - Sep,High risk
"=HYPERLINK(""https://vector.lightning.force.com/lightning/r/Account/0014M00001sBaq9QAC/view"", ""Grupo VILASECA"")",Tier 2,"=HYPERLINK(""https://vector.lightning.force.com/lightning/r/Workload__c/aBJKf000009tVIwOAM/view"", ""Cortex & Looker & Historicos SAP"")",Jorge Armando Barrios,Ricardo Boniek Mendez,"$120,000.00",0-2: Tech Eval/Solution Dev,🟢 Ready (21 in Looker · 90%),"=HYPERLINK(""https://vector.lightning.force.com/lightning/r/Opportunity/006Kf00000NSLa4IAH/view"", ""SAP Cortex e Historicos"")","Se presento el nuevo agente de analytics, el cliente estará probando el agente para tomar una desición","ER-494840, ER-500324, ER-509803, ER-490427",Corporate,MCO CORP NORTE,Analytics,"Migrate, Modernize, and Build with Data Cloud (Analytics)",Migrate Data Warehouses to BigQuery,2026-11-27,"=IF(Q27<>"""", Q27-TODAY(), """")",2026-12-25,"=IF(S27<>"""", S27-TODAY(), """")",jorgearmandob@google.com,mendezricardo@google.com,,,,08 - Sep,Low Priority
"=HYPERLINK(""https://vector.lightning.force.com/lightning/r/Account/0014M00002RRYcjQAH/view"", ""Grupo Financiero Cuscatlan S.A. de C.V."")",Tier 2,"=HYPERLINK(""https://vector.lightning.force.com/lightning/r/Workload__c/aBJKf0000082KEqOAM/view"", ""[GECX] Banco Cuscatlan - #CXAgentStudio - Case Credi YA - Whatapp - WL"")",Christiane Amorosino,Carla Blanco,"$29,445.00",3:  Proposal / Negotiation,🟡 Constrained (1 in GECX - CX Agent Studio · 90%),"=HYPERLINK(""https://vector.lightning.force.com/lightning/r/Opportunity/006Kf00000N5EzEIAV/view"", ""[GECX] Banco Cuscatlan - #CXAgentStudio - CREDIYA POC - #SalesCreditPOC"")",piloto en retraso debido al proceso de homologación partner,"=HYPERLINK(""https://vector.lightning.force.com/lightning/r/Expert_Request__c/aAuKf000000oR32KAE/view"", ""ER-486042"")",Corporate,MCO CORP CCA,Customer Engagement,Gemini Enterprise for Customer Experience (Customer Engagement),Customer Experience Agent Studio,2026-12-31,"=IF(Q28<>"""", Q28-TODAY(), """")",2027-01-29,"=IF(S28<>"""", S28-TODAY(), """")",christianea@google.com,carlablanco@google.com,,,,08 - Sep,Low Priority
"=HYPERLINK(""https://vector.lightning.force.com/lightning/r/Account/0014M00002OCtLgQAL/view"", ""Licores de Guatemala"")",Tier 2,"=HYPERLINK(""https://vector.lightning.force.com/lightning/r/Workload__c/aBJKf000006MdyROAS/view"", ""Rones de Guatemala - Migración SAP IAAS"")",Christiane Amorosino,Leonardo Paioli Carrazza,"$80,000.00",3:  Proposal / Negotiation,🟢 Ready (19 in GKE · 80%),"=HYPERLINK(""https://vector.lightning.force.com/lightning/r/Opportunity/006Kf00000MwXW8IAN/view"", ""Rones de Guatemala - Migración SAP IAAS"")",Retomada del proyecto Q4,"=HYPERLINK(""https://vector.lightning.force.com/lightning/r/Expert_Request__c/aAuKf000000TYiBKAW/view"", ""ER-497826"")",Corporate,MCO CORP CCA,Migrate Modernize and Build,Enterprise Platform of Choice: SAP,SAP Direct,2027-01-29,"=IF(Q29<>"""", Q29-TODAY(), """")",2027-02-26,"=IF(S29<>"""", S29-TODAY(), """")",christianea@google.com,paiolicarrazza@google.com,,,,03 - Oct,Hygiene Review
"=HYPERLINK(""https://vector.lightning.force.com/lightning/r/Account/0014M00001hlaVZQAY/view"", ""Compania Azucarera Salvadorena SA de CV"")",Tier 2,"=HYPERLINK(""https://vector.lightning.force.com/lightning/r/Workload__c/aBJKf00000826NAOAY/view"", ""Grupo Cassa - SAP on GCP"")",Daniel Cornejo,Anita Quevedo,"$80,000.00",3:  Proposal / Negotiation,🟢 Ready (19 in GKE · 80%),"=HYPERLINK(""https://vector.lightning.force.com/lightning/r/Opportunity/006Kf00000MvW9hIAF/view"", ""Grupo CASSA - SAP Hana / Cortex"")","Se estuvo ayudando a solucionar su conexion de GE con cloud identity (conectado con su directorio activo), mientras estan en conversaciones, se esta en reuniones y conversacion.","=HYPERLINK(""https://vector.lightning.force.com/lightning/r/Expert_Request__c/aAuKf00000113QhKAI/view"", ""ER-383794"")",Corporate,MCO CORP CCA,Migrate Modernize and Build,Enterprise Platform of Choice: SAP,SAP Direct,2026-11-30,"=IF(Q30<>"""", Q30-TODAY(), """")",2027-01-15,"=IF(S30<>"""", S30-TODAY(), """")",dcornejo@google.com,anitaquevedo@google.com,,,,02 - Oct,
"=HYPERLINK(""https://vector.lightning.force.com/lightning/r/Account/0014M00001hux5dQAA/view"", ""Beneficio Facil Servicos Ltda"")",Tier 2,"=HYPERLINK(""https://vector.lightning.force.com/lightning/r/Workload__c/aBJKf000004ZSNNOA4/view"", ""WL_BeneficioFacil_NewOperation_Servi"")",Saulo Pereira,,"$600,000.00",0-2: Tech Eval/Solution Dev,🟢 Ready (19 in GKE · 80%),"=HYPERLINK(""https://vector.lightning.force.com/lightning/r/Opportunity/006Kf00000OQzqbIAD/view"", ""#Revenue_BeneficioFacil_Direct"")",,,Corporate,BR CORP,Migrate Modernize and Build,"Migrate, Modernize and Build",Not a Solution,2026-10-23,"=IF(Q31<>"""", Q31-TODAY(), """")",2026-10-30,"=IF(S31<>"""", S31-TODAY(), """")",saulopereira@google.com,,,,,17 - Sep,
"=HYPERLINK(""https://vector.lightning.force.com/lightning/r/Account/0014M00001hKImvQAG/view"", ""Biolab Farmaceutica"")",Tier 2,"=HYPERLINK(""https://vector.lightning.force.com/lightning/r/Workload__c/aBJKf000004ZSNSOA4/view"", ""WL_Biolab_EBC_Servinformacion"")",Saulo Pereira,,"$450,000.00",0-2: Tech Eval/Solution Dev,🟢 Ready (19 in GKE · 80%),"=HYPERLINK(""https://vector.lightning.force.com/lightning/r/Opportunity/006Kf00000OIzXsIAL/view"", ""#RevGCP_Biolab_Growth"")",,,Corporate,BR CORP,Migrate Modernize and Build,"Migrate, Modernize and Build",Not a Solution,2026-10-30,"=IF(Q32<>"""", Q32-TODAY(), """")",2026-11-06,"=IF(S32<>"""", S32-TODAY(), """")",saulopereira@google.com,,,,,17 - Sep,
"=HYPERLINK(""https://vector.lightning.force.com/lightning/r/Account/0014M00001mYWnxQAG/view"", ""Bóticas y Salud S.A.C."")",Tier 2,"=HYPERLINK(""https://vector.lightning.force.com/lightning/r/Workload__c/aBJKf000009WFlGOAW/view"", ""BOTICAS Y SALUD S.A.C. - Chatbot IA"")",Christiane Amorosino,,"$96,600.00",0-2: Tech Eval/Solution Dev,🟢 Ready (89 in Compute Engine · 60%),"=HYPERLINK(""https://vector.lightning.force.com/lightning/r/Opportunity/006Kf00000PPD7lIAH/view"", ""BOTICAS Y SALUD S.A.C. - Chatbot IA"")",,,Corporate,MCO CORP CCA,Build with AI,,,2026-11-27,"=IF(Q33<>"""", Q33-TODAY(), """")",2026-12-31,"=IF(S33<>"""", S33-TODAY(), """")",christianea@google.com,,,,,15 - Sep,Low Priority
"=HYPERLINK(""https://vector.lightning.force.com/lightning/r/Account/0014M00001zAGVRQA4/view"", ""NATURISA S. A."")",Tier 2,"=HYPERLINK(""https://vector.lightning.force.com/lightning/r/Workload__c/aBJKf000009eV1TOAU/view"", ""#Naturisa #Compute Engine #Ecuador"")",Jorge Armando Barrios,Ricardo Boniek Mendez,"$20,000.00",0-2: Tech Eval/Solution Dev,🟢 Ready (19 in GKE · 80%),"=HYPERLINK(""https://vector.lightning.force.com/lightning/r/Opportunity/006Kf00000PjQH0IAN/view"", ""#Naturisa  #Compute Engine #Ecuador"")",,,Corporate,MCO CORP NORTE,Migrate Modernize and Build,Modern Compute (ARM),ARM,2027-03-26,"=IF(Q34<>"""", Q34-TODAY(), """")",2027-04-27,"=IF(S34<>"""", S34-TODAY(), """")",jorgearmandob@google.com,mendezricardo@google.com,,,,14 - Sep,Hygiene Review
"=HYPERLINK(""https://vector.lightning.force.com/lightning/r/Account/0014M00001zAGVRQA4/view"", ""NATURISA S. A."")",Tier 2,"=HYPERLINK(""https://vector.lightning.force.com/lightning/r/Workload__c/aBJKf000009eV1OOAU/view"", ""Opportunity Naturisa #Vertex AI #Gemini Enterprise #Ecuador"")",Jorge Armando Barrios,Ricardo Boniek Mendez,"$15,000.00",0-2: Tech Eval/Solution Dev,🟢 Ready (3 in Gemini Enterprise · 95%),"=HYPERLINK(""https://vector.lightning.force.com/lightning/r/Opportunity/006Kf00000PjQIwIAN/view"", ""Naturisa  #Vertex AI #Gemini Enterprise #Ecuador"")",,,Corporate,MCO CORP NORTE,Build with AI,Lead the Agentic Workplace Transformation (Gemini Enterprise),Gemini Enterprise,2027-02-26,"=IF(Q35<>"""", Q35-TODAY(), """")",2027-03-12,"=IF(S35<>"""", S35-TODAY(), """")",jorgearmandob@google.com,mendezricardo@google.com,,,,15 - Sep,Hygiene Review
"=HYPERLINK(""https://vector.lightning.force.com/lightning/r/Account/0014M00001k1PrvQAE/view"", ""Bionexo Internacional Empreendimentos e Participacoes Ltda"")",Tier 2,"=HYPERLINK(""https://vector.lightning.force.com/lightning/r/Workload__c/aBJKf000009eUguOAE/view"", ""Bionexo - Database"")",Victor Pimentel,,"$45,000.00",0-2: Tech Eval/Solution Dev,🟢 Ready (4 in Cloud SQL · 75%),"=HYPERLINK(""https://vector.lightning.force.com/lightning/r/Opportunity/006Kf00000OfIYuIAN/view"", ""Bionexo #GCP #DB"")",FSR está em contato com CTO e terá reunião semana que vem,,Corporate,BR CORP,Migrate and Modernize Databases,"Migrate, Modernize, and Build with Data Cloud (Databases)",,2026-10-22,"=IF(Q36<>"""", Q36-TODAY(), """")",2026-11-04,"=IF(S36<>"""", S36-TODAY(), """")",vpimentel@google.com,,,,,10 - Sep,Low Priority
"=HYPERLINK(""https://vector.lightning.force.com/lightning/r/Account/0014M00001hSLPIQA4/view"", ""Grupo Cinemex, S.A. de C.V."")",Tier 1,"=HYPERLINK(""https://vector.lightning.force.com/lightning/r/Workload__c/aBJKf000009kMvbOAE/view"", ""Apigee Servinformacion"")",Santiago Meza,,"$283,000.00",3:  Proposal / Negotiation,🟢 Ready (4 in Cloud SQL · 75%),"=HYPERLINK(""https://vector.lightning.force.com/lightning/r/Opportunity/006Kf00000NMiJBIA1/view"", ""Cinemex - Flex Datalake & Apigee"")",,,Mexico,MX Multi-industry & Monterrey,Migrate and Modernize Databases,"Migrate, Modernize, and Build with Data Cloud (Apigee)",API Management (Apigee),2026-09-14,"=IF(Q37<>"""", Q37-TODAY(), """")",2026-09-28,"=IF(S37<>"""", S37-TODAY(), """")",santiagomeza@google.com,,,,,14 - Sep,
"=HYPERLINK(""https://vector.lightning.force.com/lightning/r/Account/0014M00001wtYbxQAE/view"", ""MUNICIPIO DE ARMENIA"")",Tier 1,"=HYPERLINK(""https://vector.lightning.force.com/lightning/r/Workload__c/aBJKf000004ZRTyOAO/view"", ""#AWT_playcompete"")",Juanita Perico Londoño,,"$60,000.00",0-2: Tech Eval/Solution Dev,🟢 Ready (3 in Gemini Enterprise · 80%),"=HYPERLINK(""https://vector.lightning.force.com/lightning/r/Opportunity/006Kf00000Pifu3IAB/view"", ""#AWT_playcompete_Servi Alcaldía de Armenia Quindio / Gemini Enterprise plus"")",,,PS,Streamline PS,Infra AI,,,2026-11-02,"=IF(Q38<>"""", Q38-TODAY(), """")",2026-11-16,"=IF(S38<>"""", S38-TODAY(), """")",juanitaperico@google.com,,,,,14 - Sep,
"=HYPERLINK(""https://vector.lightning.force.com/lightning/r/Account/0014M00001hmcVGQAY/view"", ""Salauno"")",Tier 2,"=HYPERLINK(""https://vector.lightning.force.com/lightning/r/Workload__c/aBJKf000004ZQxdOAG/view"", ""Workload - SALAUNO - GCP #Contact_Center_AI #CCaaS"")",Jose Perez Medina,,"$60,000.00",0-2: Tech Eval/Solution Dev,🔴 Capacity Gap (0 in GECX - CCaaS · 90%),"=HYPERLINK(""https://vector.lightning.force.com/lightning/r/Opportunity/006Kf00000Os8KzIAJ/view"", ""#SALAUNO #OUT_BOUND #GCP #Contact_Center_AI #CCaaS"")",03/09 Reunion con cliente donde con el Partner y especialista se profundizara mas de la herramienta con cliente,,Corporate,MX CORP,Build with AI,Gemini Enterprise for Customer Experience (Build with AI),,2026-12-10,"=IF(Q39<>"""", Q39-TODAY(), """")",2026-12-21,"=IF(S39<>"""", S39-TODAY(), """")",josealfredom@google.com,,,,,03 - Sep,Low Priority
"=HYPERLINK(""https://vector.lightning.force.com/lightning/r/Account/0014M00001qLm9bQAC/view"", ""Devintex - SalonLine"")",Tier 2,"=HYPERLINK(""https://vector.lightning.force.com/lightning/r/Workload__c/aBJKf000004ZQvwOAG/view"", ""[Salon Line] Gemini Enterprise"")",Ana Luiza Gama,Victor Hugo Ferreira,"$36,000.00",0-2: Tech Eval/Solution Dev,🟢 Ready (3 in Gemini Enterprise · 95%),"=HYPERLINK(""https://vector.lightning.force.com/lightning/r/Opportunity/006Kf00000PjByzIAF/view"", ""Salon Line - GE #M26"")",,,Corporate,BR CORP,Build with AI,Lead the Agentic Workplace Transformation (Gemini Enterprise),Gemini Enterprise,2026-11-01,"=IF(Q40<>"""", Q40-TODAY(), """")",2026-12-01,"=IF(S40<>"""", S40-TODAY(), """")",anagama@google.com,victor.hugo@google.com,,,,03 - Sep,Low Priority
"=HYPERLINK(""https://vector.lightning.force.com/lightning/r/Account/0014M00001hmcVGQAY/view"", ""Salauno"")",Tier 2,"=HYPERLINK(""https://vector.lightning.force.com/lightning/r/Workload__c/aBJKf000004ZQxsOAG/view"", ""Workload - SALAUNO - GCP - Gemini_Enterprise"")",Jose Perez Medina,,"$8,640.00",0-2: Tech Eval/Solution Dev,🟢 Ready (35 in Gemini Enterprise Agent Platform · 85%),"=HYPERLINK(""https://vector.lightning.force.com/lightning/r/Opportunity/006Kf00000Os8JrIAJ/view"", ""#SALAUNO #OUT_BOUND #GCP #Gemini_Enterprise"")",03/09 Reunion con cliente donde con el Partner y especialista se profundizara mas de la herramienta con cliente,,Corporate,MX CORP,Build with AI,Gemini Enterprise for Customer Experience (Build with AI),,2026-12-07,"=IF(Q41<>"""", Q41-TODAY(), """")",2026-12-21,"=IF(S41<>"""", S41-TODAY(), """")",josealfredom@google.com,,,,,03 - Sep,Low Priority
"=HYPERLINK(""https://vector.lightning.force.com/lightning/r/Account/0014M00001hp5PTQAY/view"", ""INSTITUTO DE DESARROLLO URBANO"")",Tier 1,"=HYPERLINK(""https://vector.lightning.force.com/lightning/r/Workload__c/aBJKf000004ZQTdOAO/view"", ""IDU - GE App - 400 Seats"")",Diana Patricia Gonzalez,Carlos Navarro Añez,"$164,730.00",4.2: Ramping / Deliver,🟢 Ready (3 in Gemini Enterprise · 95%),"=HYPERLINK(""https://vector.lightning.force.com/lightning/r/Opportunity/006Kf00000PFL41IAH/view"", ""GE - NSTITUTO DE DESARROLLO URBANO - idu.gov.co - 2026-Q2"")",We will be contacting the customer for an aggressive ramp plan,,PS,MCO PS,Build with AI,Lead the Agentic Workplace Transformation (Gemini Enterprise),Gemini Enterprise,2026-08-31,"=IF(Q42<>"""", Q42-TODAY(), """")",2027-01-29,"=IF(S42<>"""", S42-TODAY(), """")",bermudezdg@google.com,navarrocarlos@google.com,,,,15 - Sep,
"=HYPERLINK(""https://vector.lightning.force.com/lightning/r/Account/0014M00001huvY4QAI/view"", ""CAJA DE COMPENSACION FAMILIAR COMPENSAR"")",Tier 1,"=HYPERLINK(""https://vector.lightning.force.com/lightning/r/Workload__c/aBJKf000009WEwcOAG/view"", ""Infra Proy Masterbot Compensar"")",Dora Buitrago Daza,Fabian Marquez,"$27,000.00",0-2: Tech Eval/Solution Dev,🟢 Ready (89 in Compute Engine · 80%),"=HYPERLINK(""https://vector.lightning.force.com/lightning/r/Opportunity/006Kf00000PiD5fIAF/view"", ""COMPENSAR - Infraestructura Proyecto Masterbot"")",Definiendo Arquitectura y Propuesta de servicios de Servinformacion,,MCO,Colombia,Build with AI,"Your Business, Your Models",Agent and Model Platform,2026-11-30,"=IF(Q43<>"""", Q43-TODAY(), """")",2027-01-31,"=IF(S43<>"""", S43-TODAY(), """")",dorabuitrago@google.com,fmarquezl@google.com,,,,08 - Sep,
"=HYPERLINK(""https://vector.lightning.force.com/lightning/r/Account/0014M00001hW5IBQA0/view"", ""AutoGlass"")",Tier 2,"=HYPERLINK(""https://vector.lightning.force.com/lightning/r/Workload__c/aBJKf000009kMPaOAM/view"", ""Infra - nova instancia"")",Felipe Pilon,,"$450,000.00",0-2: Tech Eval/Solution Dev,🟢 Ready (89 in Compute Engine · 80%),"=HYPERLINK(""https://vector.lightning.force.com/lightning/r/Opportunity/006Kf00000OC72uIAD/view"", ""maxpar - infra"")",,,Corporate,BR CORP,Infra AI,,,2026-10-12,"=IF(Q44<>"""", Q44-TODAY(), """")",2026-10-28,"=IF(S44<>"""", S44-TODAY(), """")",fpilon@google.com,,,,,10 - Sep,Low Priority
"=HYPERLINK(""https://vector.lightning.force.com/lightning/r/Account/0014M0000202gNwQAI/view"", ""Consejo de la Judicatura"")",Tier 1,"=HYPERLINK(""https://vector.lightning.force.com/lightning/r/Workload__c/aBJKf000004ZQJxOAO/view"", ""Consejo Ecuador - Gemini Enterprise App"")",Alejandro Riveros,Carlos Navarro Añez,"$300,000.00",4.2: Ramping / Deliver,🟢 Ready (3 in Gemini Enterprise · 95%),"=HYPERLINK(""https://vector.lightning.force.com/lightning/r/Opportunity/006Kf00000PQ7imIAD/view"", ""EC - Consejo de la Judicatura - GCP - Gemini Enterprise - Q3 - FY26"")",The project is in the initial phase and we will be on Gemini Enterprise Academy training,,PS,MEXICO & PECS PS,Build with AI,Lead the Agentic Workplace Transformation (Gemini Enterprise),Gemini Enterprise,2026-07-29,"=IF(Q45<>"""", Q45-TODAY(), """")",2026-12-21,"=IF(S45<>"""", S45-TODAY(), """")",arivermo@google.com,navarrocarlos@google.com,,,,03 - Sep,
"=HYPERLINK(""https://vector.lightning.force.com/lightning/r/Account/001Kf000015kisPIAQ/view"", ""Reinvent"")",Tier 3,"=HYPERLINK(""https://vector.lightning.force.com/lightning/r/Workload__c/aBJKf000009WEt9OAG/view"", ""Reinvent- AWS to GCP"")",Richard Bucalem,Ivan Arruda,"$10,000.00",3:  Proposal / Negotiation,🟢 Ready (19 in GKE · 80%),"=HYPERLINK(""https://vector.lightning.force.com/lightning/r/Opportunity/006Kf00000PivO9IAJ/view"", ""Reinvent - Migração AWS para GCP"")","Customer needs partner assistance to migrate, they are aligning service pricing first to decide to migrate",,Brazil,Brazil DN,Migrate Modernize and Build,,,2026-11-26,"=IF(Q46<>"""", Q46-TODAY(), """")",2026-12-14,"=IF(S46<>"""", S46-TODAY(), """")",rbucalem@google.com,ivanarruda@google.com,,,,14 - Sep,
"=HYPERLINK(""https://vector.lightning.force.com/lightning/r/Account/0014M00001h6o9VQAQ/view"", ""Universidad Militar Nueva Granada UMNG"")",Tier 1,"=HYPERLINK(""https://vector.lightning.force.com/lightning/r/Workload__c/aBJKf000009WEljOAG/view"", ""#AWT_playcompete_Servi Universidad Militar Nueva Granada - GEMINI ENTERPRISE - 1"")",Lauro Garcia,,"$15,000.00",0-2: Tech Eval/Solution Dev,🟢 Ready (3 in Gemini Enterprise · 95%),"=HYPERLINK(""https://vector.lightning.force.com/lightning/r/Opportunity/006Kf00000OmRxpIAF/view"", ""#AWT_playcompete_Servi Universidad Militar Nueva Granada - GEMINI ENTERPRISE - 100seats"")",,,PS,EDU PS,Build with AI,Gemini Enterprise for Customer Experience (Build with AI),AI Search & Specialized AI,,"=IF(Q47<>"""", Q47-TODAY(), """")",,"=IF(S47<>"""", S47-TODAY(), """")",laurogar@google.com,,,,,08 - Sep,
"=HYPERLINK(""https://vector.lightning.force.com/lightning/r/Account/0014M00001hfz1IQAQ/view"", ""CYAN AGROANALYTICS - INT CLIMATICA E SENSORIAMENTO REMOTO LTDA"")",Tier 3,"=HYPERLINK(""https://vector.lightning.force.com/lightning/r/Workload__c/aBJKf000009eTEGOA2/view"", ""[Cyan Agroanalytics] Gemini Enterprise App"")",Fernando Batagin Junior,Ivan Arruda,"$3,769.92",4.2: Ramping / Deliver,🟢 Ready (3 in Gemini Enterprise · 95%),"=HYPERLINK(""https://vector.lightning.force.com/lightning/r/Opportunity/006Kf00000NSVLZIA5/view"", ""Cyan Agroanalytics - GCP - Gemini Enterprise - #BR #OUT"")",,,Brazil,Brazil DN,Build with AI,Lead the Agentic Workplace Transformation (Gemini Enterprise),Gemini Enterprise,2026-06-01,"=IF(Q48<>"""", Q48-TODAY(), """")",2027-04-05,"=IF(S48<>"""", S48-TODAY(), """")",fbatagin@google.com,ivanarruda@google.com,,,,08 - Sep,
"=HYPERLINK(""https://vector.lightning.force.com/lightning/r/Account/0014M00001hq6qUQAQ/view"", ""Bom Futuro Agrícola Ltda"")",Tier 2,"=HYPERLINK(""https://vector.lightning.force.com/lightning/r/Workload__c/aBJKf000004ZPTDOA4/view"", ""Bom Futuro Agrícola  #GEMINIENTERPRISE #GCP #OUT"")",Tamires Peres,,"$189,000.00",0-2: Tech Eval/Solution Dev,🟢 Ready (35 in Gemini Enterprise Agent Platform · 85%),"=HYPERLINK(""https://vector.lightning.force.com/lightning/r/Opportunity/006Kf00000Os1hDIAR/view"", ""Bom Futuro Agrícola  #GEMINIENTERPRISE #GCP #OUT"")","TP 10/09 - Tentativa de contato via e-mail, sem resposta.",,Corporate,BR CORP,Build with AI,Gemini Enterprise for Customer Experience (Build with AI),AI Search & Specialized AI,2026-10-21,"=IF(Q49<>"""", Q49-TODAY(), """")",2026-11-21,"=IF(S49<>"""", S49-TODAY(), """")",btamires@google.com,,,,,10 - Sep,Low Priority
"=HYPERLINK(""https://vector.lightning.force.com/lightning/r/Account/0014M00001hSLPIQA4/view"", ""Grupo Cinemex, S.A. de C.V."")",Tier 1,"=HYPERLINK(""https://vector.lightning.force.com/lightning/r/Workload__c/aBJKf000009WEPxOAO/view"", ""BigQuery Casos de uso Adicionales"")",Eduardo Bello,Siahara Alvarez,"$70,000.00",0-2: Tech Eval/Solution Dev,🟢 Ready (33 in BigQuery · 90%),"=HYPERLINK(""https://vector.lightning.force.com/lightning/r/Opportunity/006Kf00000OfCCYIA3/view"", ""Cinemex - Casos de Uso BQ Adicionales"")",en discovery con cliente,"=HYPERLINK(""https://vector.lightning.force.com/lightning/r/Expert_Request__c/aAuKf000000TbRcKAK/view"", ""ER-509572"")",Mexico,MX Multi-industry & Monterrey,Analytics,"Migrate, Modernize, and Build with Data Cloud (Analytics)",Not a Solution,2026-11-16,"=IF(Q50<>"""", Q50-TODAY(), """")",2026-11-27,"=IF(S50<>"""", S50-TODAY(), """")",eduardobello@google.com,siahara@google.com,,,,25 - Aug,
"=HYPERLINK(""https://vector.lightning.force.com/lightning/r/Account/0014M00001hq6qUQAQ/view"", ""Bom Futuro Agrícola Ltda"")",Tier 2,"=HYPERLINK(""https://vector.lightning.force.com/lightning/r/Workload__c/aBJKf000004ZPTNOA4/view"", ""Bom Futuro Agrícola  #GoogleEarthEngine #GCP #OUT"")",Tamires Peres,,"$50,000.00",0-2: Tech Eval/Solution Dev,🟢 Ready (33 in BigQuery · 90%),"=HYPERLINK(""https://vector.lightning.force.com/lightning/r/Opportunity/006Kf00000Os1jxIAB/view"", ""Bom Futuro Agrícola  #GoogleEarthEngine #GCP #OUT"")","TP 10/09  - Tentativa de contato via e-mail, sem resposta.",,Corporate,BR CORP,Analytics,The Agentic Data Cloud,Data Sharing & Monetization,2026-10-21,"=IF(Q51<>"""", Q51-TODAY(), """")",2026-11-21,"=IF(S51<>"""", S51-TODAY(), """")",btamires@google.com,,,,,10 - Sep,Low Priority
"=HYPERLINK(""https://vector.lightning.force.com/lightning/r/Account/0014M00001hVLEVQA4/view"", ""Corporacion de Fomento de la Produccion"")",Tier 1,"=HYPERLINK(""https://vector.lightning.force.com/lightning/r/Workload__c/aBJKf000009kLxWOAU/view"", ""WL CORFO | Azure Exit | 200k | 5Y | SoftwareOne"")",German Muñoz Veloso,Hernan Conosciuto,"$200,000.00",0-2: Tech Eval/Solution Dev,🟢 Ready (19 in GKE · 80%),"=HYPERLINK(""https://vector.lightning.force.com/lightning/r/Opportunity/006Kf00000OC4b3IAD/view"", ""G | WL | CORFO | Azure Exit | 200k | 5Y | SWONE"")",GMV (9/10/2026): Pitch meeting today at 11:30 AM to share key project details and partner with the customer on building the business case for the tech transition.,"ER-516058, ER-516055, ER-512232",PS,MCO PS,Migrate Modernize and Build,"Migrate, Modernize and Build",Microsoft,2027-04-30,"=IF(Q52<>"""", Q52-TODAY(), """")",2027-06-30,"=IF(S52<>"""", S52-TODAY(), """")",germanmunoz@google.com,hernanc@google.com,,,,15 - Sep,
"=HYPERLINK(""https://vector.lightning.force.com/lightning/r/Account/0014M00001h3YBnQAM/view"", ""Corporacion Multi Inversiones S.A"")",Tier 1,"=HYPERLINK(""https://vector.lightning.force.com/lightning/r/Workload__c/aBJKf000009kLz8OAE/view"", ""CMI - Servo - 2da ampliación 30 Lic GE"")",Daniel Cornejo,,"$5,156.00",4.3: Migrated/Implemented,🟢 Ready (3 in Gemini Enterprise · 95%),"=HYPERLINK(""https://vector.lightning.force.com/lightning/r/Opportunity/006Kf00000OC4idIAD/view"", ""CMI - Servi - 2da ampliacion 30 Lic GE"")",,,Corporate,MCO CORP CCA,Build with AI,Lead the Agentic Workplace Transformation (Gemini Enterprise),Gemini Enterprise,2026-09-01,"=IF(Q53<>"""", Q53-TODAY(), """")",2026-09-02,"=IF(S53<>"""", S53-TODAY(), """")",dcornejo@google.com,,,,,11 - Sep,
"=HYPERLINK(""https://vector.lightning.force.com/lightning/r/Account/0014M00001rbPTqQAM/view"", ""MEGA SANTAMARIA S.A."")",Tier 2,"=HYPERLINK(""https://vector.lightning.force.com/lightning/r/Workload__c/aBJKf000009kLu3OAE/view"", ""#GCP #GE"")",Alexandra Rodríguez,,"$100,000.00",0-2: Tech Eval/Solution Dev,🟢 Ready (89 in Compute Engine · 80%),"=HYPERLINK(""https://vector.lightning.force.com/lightning/r/Opportunity/006Kf00000OC4LeIAL/view"", ""Mega Santamaria #GCP #GE #Journeytocloud"")",,,Corporate,MCO CORP NORTE,Infra AI,AI Infrastructure,AI Infra - Other,2027-03-19,"=IF(Q54<>"""", Q54-TODAY(), """")",2027-04-09,"=IF(S54<>"""", S54-TODAY(), """")",alexarodriguez@google.com,,,,,08 - Sep,Hygiene Review
"=HYPERLINK(""https://vector.lightning.force.com/lightning/r/Account/0014M00001hlaVZQAY/view"", ""Compania Azucarera Salvadorena SA de CV"")",Tier 2,"=HYPERLINK(""https://vector.lightning.force.com/lightning/r/Workload__c/aBJKf000009eRkyOAE/view"", ""Cassa - Data Lake"")",Claudia Cermeli,Leonardo Paioli Carrazza,"$60,000.00",0-2: Tech Eval/Solution Dev,🟢 Ready (33 in BigQuery · 90%),"=HYPERLINK(""https://vector.lightning.force.com/lightning/r/Opportunity/006Kf00000Ort5VIAR/view"", ""Cassa - Data Lake"")",Technical workshop,,Corporate,MCO CORP CCA,Analytics,"Migrate, Modernize, and Build with Data Cloud (Analytics)",Migrate Data Warehouses to BigQuery,2026-10-12,"=IF(Q55<>"""", Q55-TODAY(), """")",2027-01-22,"=IF(S55<>"""", S55-TODAY(), """")",ccermeli@google.com,paiolicarrazza@google.com,,,,24 - Aug,Hygiene Review
"=HYPERLINK(""https://vector.lightning.force.com/lightning/r/Account/0014M00001hr9X7QAI/view"", ""Asociacion Mutual SanCor Salud"")",Tier 2,"=HYPERLINK(""https://vector.lightning.force.com/lightning/r/Workload__c/aBJKf000009WE3hOAG/view"", ""SanCor Salud Bigquery Looker"")",Agustina Maria Cano,Ricardo Boniek Mendez,"$113,000.00",0-2: Tech Eval/Solution Dev,🟢 Ready (21 in Looker · 90%),"=HYPERLINK(""https://vector.lightning.force.com/lightning/r/Opportunity/006Kf00000PihOaIAJ/view"", ""SanCor Salud #INB #Bigquery #Looker"")",10/09 tuvimos reunión el 27/08 Pero Cliente no responde más ni siquiera para la Fase 0 (asentar bases y consola),,Corporate,MCO CORP SUR,Analytics,"Migrate, Modernize, and Build with Data Cloud (Analytics)",Migrate Data Warehouses to BigQuery,2026-11-16,"=IF(Q56<>"""", Q56-TODAY(), """")",2026-12-16,"=IF(S56<>"""", S56-TODAY(), """")",agustinamaria@google.com,mendezricardo@google.com,,,,10 - Sep,Low Priority
"=HYPERLINK(""https://vector.lightning.force.com/lightning/r/Account/0014M00001hfx2uQAA/view"", ""CLINICA SAN PABLO S.A.C."")",Tier 2,"=HYPERLINK(""https://vector.lightning.force.com/lightning/r/Workload__c/aBJKf000009WDvTOAW/view"", ""Clinica San Pablo #Data Analitica"")",Christiane Amorosino,Leonardo Paioli Carrazza,"$30,000.00",0-2: Tech Eval/Solution Dev,🟢 Ready (3 in Gemini Enterprise · 95%),"=HYPERLINK(""https://vector.lightning.force.com/lightning/r/Opportunity/006Kf00000PihKTIAZ/view"", ""ClinicaSanPablo #GCP #Data Analitica"")","11/9 - Presentación de arquitectura preliminar por el equipo de Servinformación y Gilmer, Jonathan y Victor (clientes). Next Steps: Nueva sesión profundizando gobierno de datos, con demo del flujo de punta a punta. La POC, sera package pre hecho",,Corporate,MCO CORP CCA,Build with AI,Lead the Agentic Workplace Transformation (Gemini Enterprise),Not a Solution,2026-11-27,"=IF(Q57<>"""", Q57-TODAY(), """")",2026-12-31,"=IF(S57<>"""", S57-TODAY(), """")",christianea@google.com,paiolicarrazza@google.com,,,,11 - Sep,Low Priority
"=HYPERLINK(""https://vector.lightning.force.com/lightning/r/Account/0014M00001lyeBfQAI/view"", ""Banco Mercantil"")",Tier 2,"=HYPERLINK(""https://vector.lightning.force.com/lightning/r/Workload__c/aBJKf000009WDrvOAG/view"", ""Mercantil Banco Duet AI"")",Ricardo Agosto,,"$5,000.00",0-2: Tech Eval/Solution Dev,🟢 Ready (35 in Gemini Enterprise Agent Platform · 85%),"=HYPERLINK(""https://vector.lightning.force.com/lightning/r/Opportunity/006Kf00000PYOrKIAX/view"", ""Mercantil Banco Panamá"")",11/8 -cambio de solución a Gemini,,Corporate,MCO CORP CCA,Build with AI,Gemini Enterprise for Customer Experience (Build with AI),AI Search & Specialized AI,2026-11-27,"=IF(Q58<>"""", Q58-TODAY(), """")",2026-12-31,"=IF(S58<>"""", S58-TODAY(), """")",riagosto@google.com,,,,,11 - Aug,Low Priority
"=HYPERLINK(""https://vector.lightning.force.com/lightning/r/Account/0014M00001h6YIoQAM/view"", ""EFICACIA S A"")",Tier 2,"=HYPERLINK(""https://vector.lightning.force.com/lightning/r/Workload__c/aBJKf000009kLG8OAM/view"", ""Eficacia_GE"")",Oswaldo Sanabria Rodriguez,,"$178,433.00",0-2: Tech Eval/Solution Dev,🟢 Ready (3 in Gemini Enterprise · 95%),"=HYPERLINK(""https://vector.lightning.force.com/lightning/r/Opportunity/006Kf00000Ol1gOIAR/view"", ""EFICACIA - Licencias de GWS (#AWT_playcompete_Servi)"")",,,Corporate,MCO CORP NORTE,Build with AI,Lead the Agentic Workplace Transformation (Gemini Enterprise),Gemini Enterprise,2026-11-23,"=IF(Q59<>"""", Q59-TODAY(), """")",2026-11-30,"=IF(S59<>"""", S59-TODAY(), """")",oswaldosr@google.com,,,,,15 - Sep,Low Priority
"=HYPERLINK(""https://vector.lightning.force.com/lightning/r/Account/0014M00001h3Sj8QAE/view"", ""Banco de Desarrollo Rural SA"")",Tier 1,"=HYPERLINK(""https://vector.lightning.force.com/lightning/r/Workload__c/aBJKf000009WDYeOAO/view"", ""Banco de Desarrollo Rural SA - GE - Servi"")",Daniel Cornejo,,"$75,000.00",0-2: Tech Eval/Solution Dev,🟢 Ready (35 in Gemini Enterprise Agent Platform · 85%),"=HYPERLINK(""https://vector.lightning.force.com/lightning/r/Opportunity/006Kf00000PG1QlIAL/view"", ""Banco de Desarrollo Rural SA - GE - Servi"")",,,Corporate,MCO CORP CCA,Build with AI,Gemini Enterprise for Customer Experience (Build with AI),AI Search & Specialized AI,2026-09-25,"=IF(Q60<>"""", Q60-TODAY(), """")",2026-10-30,"=IF(S60<>"""", S60-TODAY(), """")",dcornejo@google.com,,,,,04 - Aug,Critical Path
"=HYPERLINK(""https://vector.lightning.force.com/lightning/r/Account/0014M00002H5vFjQAJ/view"", ""Segundo Registro de la Propiedad"")",Tier 1,"=HYPERLINK(""https://vector.lightning.force.com/lightning/r/Workload__c/aBJKf000004ZNjOOAW/view"", ""SRP - GE - Reclutamiento y Normas"")",David Eduardo Fernandez,Leonardo Paioli Carrazza,"$5,400.00",3:  Proposal / Negotiation,🟢 Ready (3 in Gemini Enterprise · 95%),"=HYPERLINK(""https://vector.lightning.force.com/lightning/r/Opportunity/006Kf00000OqDGdIAN/view"", ""Segundo Registro de la Propiedad #INB #GCP #GE"")","David F: El cliente presentará el proyecto a la Alta Dirección para aprobación de fondos. En paralelo, Google/Partner redactarán y entregarán los TDRs (Términos de Referencia). Se aguarda respuesta en hasta 2 semanas por parte del cliente.",,PS,Streamline PS,Build with AI,Lead the Agentic Workplace Transformation (Gemini Enterprise),Gemini Enterprise,2026-09-30,"=IF(Q61<>"""", Q61-TODAY(), """")",2026-10-30,"=IF(S61<>"""", S61-TODAY(), """")",davideduardof@google.com,paiolicarrazza@google.com,,,,08 - Sep,
"=HYPERLINK(""https://vector.lightning.force.com/lightning/r/Account/0014M00001htuRKQAY/view"", ""Canal 13 SpA"")",Tier 2,"=HYPERLINK(""https://vector.lightning.force.com/lightning/r/Workload__c/aBJKf000009WDTKOA4/view"", ""CAnal 13 - WL Gemini Enterprise - Servinformacion"")",Mario Alegre,Sebastián Moreno,"$85,000.00",0-2: Tech Eval/Solution Dev,🟢 Ready (3 in Gemini Enterprise · 95%),"=HYPERLINK(""https://vector.lightning.force.com/lightning/r/Opportunity/006Kf00000MwIy0IAF/view"", ""Canal 13 - Chile - Gemini Ent. (Agentes) - Servinformacion"")",Con el inicio del LAB en sept. y la activacion del Billing debieramos avanzar con la compra de GE para los 150 usuarios. Este mes de Sept.,,Corporate,MCO CORP SUR,Build with AI,Gemini Enterprise for Customer Experience (Build with AI),Not a Solution,2026-10-22,"=IF(Q62<>"""", Q62-TODAY(), """")",2026-12-02,"=IF(S62<>"""", S62-TODAY(), """")",marioalegre@google.com,smorenoe@google.com,,,,28 - Aug,Low Priority
"=HYPERLINK(""https://vector.lightning.force.com/lightning/r/Account/0014M00001h5O5GQAU/view"", ""EBCO S.A."")",Tier 2,"=HYPERLINK(""https://vector.lightning.force.com/lightning/r/Workload__c/aBJKf000009WDTFOA4/view"", ""EBCO - WL Gemini Enterprise - Servinformacion"")",Mario Alegre,,"$60,000.00",0-2: Tech Eval/Solution Dev,🟢 Ready (3 in Gemini Enterprise · 95%),"=HYPERLINK(""https://vector.lightning.force.com/lightning/r/Opportunity/006Kf00000Of5wyIAB/view"", ""EBCO - Gemini Enterprise - Servinformacion"")",,,Corporate,MCO CORP SUR,Build with AI,Gemini Enterprise for Customer Experience (Build with AI),Not a Solution,2026-10-23,"=IF(Q63<>"""", Q63-TODAY(), """")",2026-12-21,"=IF(S63<>"""", S63-TODAY(), """")",marioalegre@google.com,,,,,03 - Aug,Low Priority
"=HYPERLINK(""https://vector.lightning.force.com/lightning/r/Account/0014M00001tRnfyQAC/view"", ""Disagro Guatemala"")",Tier 2,"=HYPERLINK(""https://vector.lightning.force.com/lightning/r/Workload__c/aBJKf000009kL3dOAE/view"", ""Disagro - GE - Servi"")",Daniel Cornejo,,"$20,000.00",0-2: Tech Eval/Solution Dev,🟢 Ready (3 in Gemini Enterprise · 95%),"=HYPERLINK(""https://vector.lightning.force.com/lightning/r/Opportunity/006Kf00000PG1DXIA1/view"", ""Disagro Guatemala -  Gemini Enterprise - Servi"")",,,Corporate,MCO CORP CCA,Build with AI,Lead the Agentic Workplace Transformation (Gemini Enterprise),Gemini Enterprise,2026-11-10,"=IF(Q64<>"""", Q64-TODAY(), """")",2026-11-18,"=IF(S64<>"""", S64-TODAY(), """")",dcornejo@google.com,,,,,08 - Sep,Low Priority
"=HYPERLINK(""https://vector.lightning.force.com/lightning/r/Account/0014M00001p6opBQAQ/view"", ""Empresas Adoc"")",Tier 2,"=HYPERLINK(""https://vector.lightning.force.com/lightning/r/Workload__c/aBJKf000009kL3TOAU/view"", ""ADOC - BQ - Crecimiento"")",Daniel Cornejo,,"$14,000.00",4.3: Migrated/Implemented,🟢 Ready (33 in BigQuery · 90%),"=HYPERLINK(""https://vector.lightning.force.com/lightning/r/Opportunity/006Kf00000Ont0kIAB/view"", ""Empresas Adoc - Google Cloud - Analytics"")",,,Corporate,MCO CORP CCA,Analytics,"Migrate, Modernize, and Build with Data Cloud (Analytics)",Migrate Data Warehouses to BigQuery,2026-06-15,"=IF(Q65<>"""", Q65-TODAY(), """")",2026-08-03,"=IF(S65<>"""", S65-TODAY(), """")",dcornejo@google.com,,,,,03 - Aug,
"=HYPERLINK(""https://vector.lightning.force.com/lightning/r/Account/0014M00001hp5OIQAY/view"", ""FARMATODO COLOMBIA S A"")",Tier 1,"=HYPERLINK(""https://vector.lightning.force.com/lightning/r/Workload__c/aBJKf000009WDP8OAO/view"", ""[GECX] Farmatodo - #CXQIA - WL"")",Raphael Laxe,Juancarlos Rojas,"$80,595.00",3:  Proposal / Negotiation,🟡 Constrained (1 in GECX - CX Agent Studio · 90%),"=HYPERLINK(""https://vector.lightning.force.com/lightning/r/Opportunity/006Kf00000OedMHIAZ/view"", ""[GECX] Farmatodo - #CXAgentStudio & #AA &#CXQIA - Servicio al cliente"")","08/26/26(JC)Meeting with the CTO and CEO scheduled for next Friday, 08/28. NA: Finish the commit discussion to start the MVP after customer...",,MCO,Colombia,Customer Engagement,Gemini Enterprise for Customer Experience (Customer Engagement),Customer Experience Insights,2026-10-16,"=IF(Q66<>"""", Q66-TODAY(), """")",2026-12-01,"=IF(S66<>"""", S66-TODAY(), """")",rlaxe@google.com,jcrojasv@google.com,,,,17 - Sep,
"=HYPERLINK(""https://vector.lightning.force.com/lightning/r/Account/0014M00001mt11dQAA/view"", ""METROPOLES MIDIA E COMUNICACAO LTDA"")",Tier 2,"=HYPERLINK(""https://vector.lightning.force.com/lightning/r/Workload__c/aBJKf000004ZNJpOAO/view"", ""METROPOLES  #SECOPS"")",Tamires Peres,,"$15,000.00",0-2: Tech Eval/Solution Dev,🟢 Ready (9 in SecOps · 90%),"=HYPERLINK(""https://vector.lightning.force.com/lightning/r/Opportunity/006Kf00000Opp51IAB/view"", ""METROPOLES  #SECOPS #GCP #OUT"")","TP 25/08 - Parceiro está conduzindo com o FSR, disse que precisa de mais tempo cliente ainda não decidiu.",,Corporate,BR CORP,Security,Secure Innovation with Google Cloud,Security Workload,2026-09-30,"=IF(Q67<>"""", Q67-TODAY(), """")",2026-09-30,"=IF(S67<>"""", S67-TODAY(), """")",btamires@google.com,,,,,25 - Aug,Critical Path
"=HYPERLINK(""https://vector.lightning.force.com/lightning/r/Account/0014M00001hlcrVQAQ/view"", ""La Fabril, S.A."")",Tier 2,"=HYPERLINK(""https://vector.lightning.force.com/lightning/r/Workload__c/aBJKf000009kKWZOA2/view"", ""GE Plus"")",Alexandra Rodríguez,,"$2,160.00",4.2: Ramping / Deliver,🟢 Ready (3 in Gemini Enterprise · 95%),"=HYPERLINK(""https://vector.lightning.force.com/lightning/r/Opportunity/006Kf00000PMyJbIAL/view"", ""CSM-UPGRADE- LA FABRIL"")",,,Corporate,MCO CORP NORTE,Build with AI,Lead the Agentic Workplace Transformation (Gemini Enterprise),Gemini Enterprise,2026-06-20,"=IF(Q68<>"""", Q68-TODAY(), """")",2026-08-31,"=IF(S68<>"""", S68-TODAY(), """")",alexarodriguez@google.com,,,,,08 - Sep,Validate Commit
"=HYPERLINK(""https://vector.lightning.force.com/lightning/r/Account/0014M00001hd6KHQAY/view"", ""GRUPO ARGOS S A"")",Tier 1,"=HYPERLINK(""https://vector.lightning.force.com/lightning/r/Workload__c/aBJKf000009eP4bOAE/view"", ""CELSIA - Google Threat Intel - INFORMACIÓN LOCALIZADA SAS"")",Pedro Diaz Moreno,carlosneva,"$160,000.00",0-2: Tech Eval/Solution Dev,🟢 Ready (3 in Threat Intel · 90%),"=HYPERLINK(""https://vector.lightning.force.com/lightning/r/Opportunity/006Kf00000OEyTUIA1/view"", ""CELSIA - Google Threat Intel - INFORMACIÓN LOCALIZADA SAS"")",,,MCO,Colombia,Security,,,2026-12-24,"=IF(Q69<>"""", Q69-TODAY(), """")",2027-03-11,"=IF(S69<>"""", S69-TODAY(), """")",peadiazmo@google.com,carlosneva@google.com,,,,22 - Jul,
"=HYPERLINK(""https://vector.lightning.force.com/lightning/r/Account/0014M00001h6YxFQAU/view"", ""Fundación Para el futuro de Colombia COLFUTURO"")",Tier 1,"=HYPERLINK(""https://vector.lightning.force.com/lightning/r/Workload__c/aBJKf000009WChkOAG/view"", ""SCC"")",Santiago Guerrero,,$0.00,0-2: Tech Eval/Solution Dev,🟢 Ready (15 in SCC · 90%),"=HYPERLINK(""https://vector.lightning.force.com/lightning/r/Opportunity/006Kf00000NQYS2IAP/view"", ""Fundación Para el futuro de Colombia COLFUTURO-Renewal-SCC Linear-2026"")",,,PS,MCO PS,,,,,"=IF(Q70<>"""", Q70-TODAY(), """")",,"=IF(S70<>"""", S70-TODAY(), """")",santig@google.com,,,,,20 - Jul,
"=HYPERLINK(""https://vector.lightning.force.com/lightning/r/Account/0014M00001yR4HFQA0/view"", ""Sabormex, S.A. de C.V."")",Tier 1,"=HYPERLINK(""https://vector.lightning.force.com/lightning/r/Workload__c/aBJKf000009WCZbOAO/view"", ""Gemini Enterprise 200 lic"")",Eduardo Bello,Yerish Blancarte,"$100,000.00",0-2: Tech Eval/Solution Dev,🟢 Ready (3 in Gemini Enterprise · 95%),"=HYPERLINK(""https://vector.lightning.force.com/lightning/r/Opportunity/006Kf00000Oeys1IAB/view"", ""Sabormex - Gemini Enterprise - Servinformación"")",,"=HYPERLINK(""https://vector.lightning.force.com/lightning/r/Expert_Request__c/aAuKf000000TZB8KAO/view"", ""ER-500026"")",Mexico,MX Multi-industry & Monterrey,Build with AI,Gemini Enterprise for Customer Experience (Build with AI),Not a Solution,2026-09-01,"=IF(Q71<>"""", Q71-TODAY(), """")",2026-09-14,"=IF(S71<>"""", S71-TODAY(), """")",eduardobello@google.com,yerish@google.com,,,,20 - Jul,
"=HYPERLINK(""https://vector.lightning.force.com/lightning/r/Account/0014M00001hNkiUQAS/view"", ""Bahia Specialty Cellulose S/A"")",Tier 2,"=HYPERLINK(""https://vector.lightning.force.com/lightning/r/Workload__c/aBJKf000004ZLpFOAW/view"", ""Bahia Specialty Cellulose (Bracell) #GCP #GoogleEarthEngine"")",Tamires Peres,Bruno De Oliveira,"$7,800.00",0-2: Tech Eval/Solution Dev,🟢 Ready (33 in BigQuery · 90%),"=HYPERLINK(""https://vector.lightning.force.com/lightning/r/Opportunity/006Kf00000OBWNtIAP/view"", ""Bahia Specialty Cellulose (Bracell) #GCP #GoogleEarthEngine"")",TP 10/09 - Cliente enviou NDA e parceiro já deu aceite.,,Corporate,BR CORP,Analytics,"Migrate, Modernize, and Build with Data Cloud (Analytics)",Not a Solution,2026-10-30,"=IF(Q72<>"""", Q72-TODAY(), """")",2026-11-30,"=IF(S72<>"""", S72-TODAY(), """")",btamires@google.com,bruno.deoliveira@google.com,,,,10 - Sep,Low Priority
"=HYPERLINK(""https://vector.lightning.force.com/lightning/r/Account/0014M00001h3YBnQAM/view"", ""Corporacion Multi Inversiones S.A"")",Tier 1,"=HYPERLINK(""https://vector.lightning.force.com/lightning/r/Workload__c/aBJKf000009kK9QOAU/view"", ""CMI - Servi - GE 30 Lic (1ra ampliación)"")",Daniel Cornejo,Paola Ocampo,"$8,100.00",4.3: Migrated/Implemented,🟢 Ready (3 in Gemini Enterprise · 95%),"=HYPERLINK(""https://vector.lightning.force.com/lightning/r/Opportunity/006Kf00000OBzUqIAL/view"", ""CMI - Servi - Crecimiento 30 Lic (Quote Corregido - 3er intento)"")",,,Corporate,MCO CORP CCA,Build with AI,Lead the Agentic Workplace Transformation (Gemini Enterprise),Gemini Enterprise,2026-08-10,"=IF(Q73<>"""", Q73-TODAY(), """")",2026-08-11,"=IF(S73<>"""", S73-TODAY(), """")",dcornejo@google.com,ocampojara@google.com,,,,08 - Sep,
"=HYPERLINK(""https://vector.lightning.force.com/lightning/r/Account/0014M00001hRjMnQAK/view"", ""Pantaleon SA"")",Tier 1,"=HYPERLINK(""https://vector.lightning.force.com/lightning/r/Workload__c/aBJKf000004ZLAdOAO/view"", ""Pantaleon - Agro use cases"")",Leonardo Rusinque,,"$200,000.00",0-2: Tech Eval/Solution Dev,🟢 Ready (33 in BigQuery · 90%),"=HYPERLINK(""https://vector.lightning.force.com/lightning/r/Opportunity/006Kf00000PVzIMIA1/view"", ""Pantaleon - Agro use cases"")",,,Corporate,MCO CORP CCA,Analytics,The Agentic Data Cloud,Data Sharing & Monetization,2026-09-10,"=IF(Q74<>"""", Q74-TODAY(), """")",2026-09-30,"=IF(S74<>"""", S74-TODAY(), """")",lrusinque@google.com,,,,,05 - Sep,Critical Path
"=HYPERLINK(""https://vector.lightning.force.com/lightning/r/Account/0014M00001hSLPIQA4/view"", ""Grupo Cinemex, S.A. de C.V."")",Tier 1,"=HYPERLINK(""https://vector.lightning.force.com/lightning/r/Workload__c/aBJKf000009WCG5OAO/view"", ""Apigee Cinemex"")",Eduardo Bello,Aldo Navarrete,"$180,000.00",0-2: Tech Eval/Solution Dev,🟢 Ready (4 in Cloud SQL · 75%),"=HYPERLINK(""https://vector.lightning.force.com/lightning/r/Opportunity/006Kf00000LhkagIAB/view"", ""GrupoCinemex - Apigee  # Apigee #Out"")",Waiting the customer response to define the sizing.,,Mexico,MX Multi-industry & Monterrey,Migrate and Modernize Databases,"Migrate, Modernize, and Build with Data Cloud (Apigee)",API Management (Apigee),2026-10-05,"=IF(Q75<>"""", Q75-TODAY(), """")",2026-10-30,"=IF(S75<>"""", S75-TODAY(), """")",eduardobello@google.com,aldomeneses@google.com,,,,04 - Sep,
"=HYPERLINK(""https://vector.lightning.force.com/lightning/r/Account/001Kf00001EPSr0IAH/view"", ""Controladoria Geral do Estado de Mato Grosso do Sul"")",Tier 1,"=HYPERLINK(""https://vector.lightning.force.com/lightning/r/Workload__c/aBJKf000004ZKz6OAG/view"", ""Gemini Enterprise Connect Apps"")",Rodrigo Fernandes,,"$30,000.00",0-2: Tech Eval/Solution Dev,🟢 Ready (3 in Gemini Enterprise · 80%),"=HYPERLINK(""https://vector.lightning.force.com/lightning/r/Opportunity/006Kf00000PN94tIAD/view"", ""GOV - CGE-MS (Mato Grosso do Sul) - Gemini Enterpeise 15"")",,,PS,Brazil PS,,,,2026-10-09,"=IF(Q76<>"""", Q76-TODAY(), """")",2026-12-14,"=IF(S76<>"""", S76-TODAY(), """")",rdfernandes@google.com,,,,,08 - Sep,
"=HYPERLINK(""https://vector.lightning.force.com/lightning/r/Account/0014M00001xAw1SQAS/view"", ""SONGA C.A"")",Tier 1,"=HYPERLINK(""https://vector.lightning.force.com/lightning/r/Workload__c/aBJKf000009kJNgOAM/view"", ""Songa #GE"")",Alexandra Rodríguez,Jaquelyn Montañez,"$19,380.00",0-2: Tech Eval/Solution Dev,🟢 Ready (3 in Gemini Enterprise · 95%),"=HYPERLINK(""https://vector.lightning.force.com/lightning/r/Opportunity/006Kf00000OJTnBIAX/view"", ""Songa Sociedad Nacional de Galapagos - Gemini Enterprise #soloGEServi"")",,"=HYPERLINK(""https://vector.lightning.force.com/lightning/r/Expert_Request__c/aAuKf000000TZKtKAO/view"", ""ER-500742"")",Corporate,MCO CORP NORTE,Build with AI,Lead the Agentic Workplace Transformation (Gemini Enterprise),Gemini Enterprise,2026-09-18,"=IF(Q77<>"""", Q77-TODAY(), """")",2026-10-02,"=IF(S77<>"""", S77-TODAY(), """")",alexarodriguez@google.com,jaquelynm@google.com,,,,04 - Aug,Critical Path
"=HYPERLINK(""https://vector.lightning.force.com/lightning/r/Account/0014M00001hjFU7QAM/view"", ""ECOPETROL S A"")",Tier 1,"=HYPERLINK(""https://vector.lightning.force.com/lightning/r/Workload__c/aBJKf000009WBhUOAW/view"", ""Ecopetrol - Proyecto GAIA analítica"")",Juan Carlos Florez,Pablo Andres Bogota Modera,"$200,000.00",4.2: Ramping / Deliver,🟢 Ready (17 in Dataflow · 90%),"=HYPERLINK(""https://vector.lightning.force.com/lightning/r/Opportunity/006Kf00000OGkfdIAD/view"", ""ECOPETROL S A - GCP - Analíticas"")",Check current status and documentation,,MCO,Colombia,Analytics,"Migrate, Modernize, and Build with Data Cloud (Analytics)","Streaming (Dataflow, Pub/Sub, Managed Kafka)",2026-09-04,"=IF(Q78<>"""", Q78-TODAY(), """")",2026-10-30,"=IF(S78<>"""", S78-TODAY(), """")",juanflorez@google.com,modera@google.com,,,,09 - Sep,
"=HYPERLINK(""https://vector.lightning.force.com/lightning/r/Account/0014M00001hqCQ6QAM/view"", ""Governo do Estado do Espirito Santo"")",Tier 1,"=HYPERLINK(""https://vector.lightning.force.com/lightning/r/Workload__c/aBJKf000004ZJsoOAG/view"", ""GeminiEnt_GovES"")",Roberta Jezler,,"$60,000.00",3:  Proposal / Negotiation,🟢 Ready (3 in Gemini Enterprise · 95%),"=HYPERLINK(""https://vector.lightning.force.com/lightning/r/Opportunity/006Kf00000OGLQMIA5/view"", ""Prodest_Gemini Enterprise #GE"")",,,PS,Streamline PS,Build with AI,Lead the Agentic Workplace Transformation (Gemini Enterprise),Gemini Enterprise,2027-03-03,"=IF(Q79<>"""", Q79-TODAY(), """")",2027-05-05,"=IF(S79<>"""", S79-TODAY(), """")",rjezler@google.com,,,,,08 - Sep,
"=HYPERLINK(""https://vector.lightning.force.com/lightning/r/Account/0014M00001hq78FQAQ/view"", ""Secretaria de Estado de Controle e Transparencia do Espirito Santo - SECONT"")",Tier 1,"=HYPERLINK(""https://vector.lightning.force.com/lightning/r/Workload__c/aBJKf000004ZJsAOAW/view"", ""GCP_Secont_Inovação"")",Roberta Jezler,,"$5,000.00",4.2: Ramping / Deliver,🟢 Ready (19 in GKE · 80%),"=HYPERLINK(""https://vector.lightning.force.com/lightning/r/Opportunity/006Kf00000Lip2VIAR/view"", ""GOV - SECONT - Secretaria de Estado de Controle e Transparência - Creditos em Nuvem GCP"")",,,PS,Streamline PS,Migrate Modernize and Build,Modern Compute (ARM),Not a Solution,2026-08-20,"=IF(Q80<>"""", Q80-TODAY(), """")",2026-10-19,"=IF(S80<>"""", S80-TODAY(), """")",rjezler@google.com,,,,,19 - Sep,
"=HYPERLINK(""https://vector.lightning.force.com/lightning/r/Account/0014M00001seNg5QAE/view"", ""PARQUE DEL RECUERDO"")",Tier 2,"=HYPERLINK(""https://vector.lightning.force.com/lightning/r/Workload__c/aBJKf000009WBbCOAW/view"", ""Parque del Recuerdo - WL GE - Servinformacion"")",Mario Alegre,,$0.00,0-2: Tech Eval/Solution Dev,🟢 Ready (3 in Gemini Enterprise · 80%),"=HYPERLINK(""https://vector.lightning.force.com/lightning/r/Opportunity/006Kf00000OTeBQIA1/view"", ""Parque del Recuerdo Chile - Gemini Enterprise - EXPLORACION"")",,,Corporate,MCO CORP SUR,,,,2026-09-04,"=IF(Q81<>"""", Q81-TODAY(), """")",2026-12-21,"=IF(S81<>"""", S81-TODAY(), """")",marioalegre@google.com,,,,,29 - Jun,Critical Path
"=HYPERLINK(""https://vector.lightning.force.com/lightning/r/Account/001Kf000012jyFAIAY/view"", ""Datta business LTDA"")",Tier 3,"=HYPERLINK(""https://vector.lightning.force.com/lightning/r/Workload__c/aBJKf000009eMNkOAM/view"", ""DN - Datta Business - MVP GE4CX integrado ao WhatsApp"")",Giullia Vital Antunes,Gabrielle Ferreira,"$100,465.44",4.2: Ramping / Deliver,🟢 Ready (19 in GKE · 90%),"=HYPERLINK(""https://vector.lightning.force.com/lightning/r/Opportunity/006Kf00000O04pzIAB/view"", ""DN - Datta Business - MVP GE4CX integrado ao WhatsApp"")","Kick off feito, últimos alinhamentos",,Brazil,Brazil DN,Migrate Modernize and Build,"Migrate, Modernize and Build",GKE/CloudRun,2026-08-28,"=IF(Q82<>"""", Q82-TODAY(), """")",2026-10-30,"=IF(S82<>"""", S82-TODAY(), """")",giullia@google.com,gabriellefs@google.com,,,,27 - Jan,
"=HYPERLINK(""https://vector.lightning.force.com/lightning/r/Account/001Kf0000134qVbIAI/view"", ""Vinna.one - WM SISTEMAS"")",Tier 3,"=HYPERLINK(""https://vector.lightning.force.com/lightning/r/Workload__c/aBJKf000009eMKCOA2/view"", ""Vinna.one #ServiBrasil"")",Vito Colognori Ialongo,Tainara Santos,"$100,239.24",3:  Proposal / Negotiation,🟢 Ready (19 in GKE · 80%),"=HYPERLINK(""https://vector.lightning.force.com/lightning/r/Opportunity/006Kf00000NPcVvIAL/view"", ""vinna.one #GCP #Acc_Latam #InfraMigration"")",- Aguardando retorno do cliente para marcamos um sync,,Brazil,Brazil DN,Migrate Modernize and Build,"Migrate, Modernize and Build",Not a Solution,2026-10-22,"=IF(Q83<>"""", Q83-TODAY(), """")",2026-10-23,"=IF(S83<>"""", S83-TODAY(), """")",vitoialongo@google.com,tainaraalmeida@google.com,,,,08 - Sep,
"=HYPERLINK(""https://vector.lightning.force.com/lightning/r/Account/001Kf000014s7jMIAQ/view"", ""ENDOLIFE HEALTH-TECH TECNOLOGIA LTDA"")",Tier 3,"=HYPERLINK(""https://vector.lightning.force.com/lightning/r/Workload__c/aBJKf000009eMKgOAM/view"", ""Endolife - GCP - Infra - GFSCP"")",Thalita Miranda,Gabrielle Ferreira,"$99,791.76",4.2: Ramping / Deliver,🟢 Ready (19 in GKE · 90%),"=HYPERLINK(""https://vector.lightning.force.com/lightning/r/Opportunity/006Kf00000OqBccIAF/view"", ""Endolife - GCP - Infra - GFSCP"")",,,Brazil,Brazil DN,Migrate Modernize and Build,"Migrate, Modernize and Build",GKE/CloudRun,2026-08-10,"=IF(Q84<>"""", Q84-TODAY(), """")",2026-10-26,"=IF(S84<>"""", S84-TODAY(), """")",thalitam@google.com,gabriellefs@google.com,,,,10 - Aug,
"=HYPERLINK(""https://vector.lightning.force.com/lightning/r/Account/001Kf0000134juUIAQ/view"", ""Instituto Salvadoreño de Bienestar Magisterial"")",Tier 1,"=HYPERLINK(""https://vector.lightning.force.com/lightning/r/Workload__c/aBJKf000004ZJ1fOAG/view"", ""Looker@ISBM"")",Adri Messih,Carlos Navarro Añez,"$110,000.00",4.3: Migrated/Implemented,🟢 Ready (21 in Looker · 90%),"=HYPERLINK(""https://vector.lightning.force.com/lightning/r/Opportunity/006Kf00000POTKnIAP/view"", ""Looke Core Enterprise @ISBM"")",,,PS,MEXICO & PECS PS,Analytics,"Migrate, Modernize, and Build with Data Cloud (Analytics)",Not a Solution,2026-06-19,"=IF(Q85<>"""", Q85-TODAY(), """")",2026-06-22,"=IF(S85<>"""", S85-TODAY(), """")",adrienmessih@google.com,navarrocarlos@google.com,,,,22 - Jun,
"=HYPERLINK(""https://vector.lightning.force.com/lightning/r/Account/0014M00001hT6tiQAC/view"", ""GRUPO ZOOM LTDA"")",Tier 2,"=HYPERLINK(""https://vector.lightning.force.com/lightning/r/Workload__c/aBJKf000004ZJ1GOAW/view"", ""zoom:GE"")",Andrea Forero,Anita Quevedo,"$7,200.00",4.3: Migrated/Implemented,🟢 Ready (3 in Gemini Enterprise · 95%),"=HYPERLINK(""https://vector.lightning.force.com/lightning/r/Opportunity/006Kf00000PNyu9IAD/view"", ""zoom_gemini enterprise_ea"")",,,Corporate,MCO CORP NORTE,Build with AI,Lead the Agentic Workplace Transformation (Gemini Enterprise),Gemini Enterprise,2026-07-06,"=IF(Q86<>"""", Q86-TODAY(), """")",2026-07-13,"=IF(S86<>"""", S86-TODAY(), """")",aforeroc@google.com,anitaquevedo@google.com,,,,27 - Jul,
"=HYPERLINK(""https://vector.lightning.force.com/lightning/r/Account/0014M0000202fW9QAI/view"", ""Gobierno de la Republica de El Salvador"")",Tier 1,"=HYPERLINK(""https://vector.lightning.force.com/lightning/r/Workload__c/aBJKf000009WArJOAW/view"", ""LaGeo - Datos"")",Adri Messih,Carlos Navarro Añez,"$360,000.00",3:  Proposal / Negotiation,🟢 Ready (17 in Dataflow · 90%),"=HYPERLINK(""https://vector.lightning.force.com/lightning/r/Opportunity/006Kf00000OeskpIAB/view"", ""LaGeo - Datos"")","We are in evaluation process for the business approval, technical win is done",,PS,MEXICO & PECS PS,Analytics,"Migrate, Modernize, and Build with Data Cloud (Analytics)","Streaming (Dataflow, Pub/Sub, Managed Kafka)",2026-10-05,"=IF(Q87<>"""", Q87-TODAY(), """")",2026-12-21,"=IF(S87<>"""", S87-TODAY(), """")",adrienmessih@google.com,navarrocarlos@google.com,,,,17 - Sep,
"=HYPERLINK(""https://vector.lightning.force.com/lightning/r/Account/0014M00001hjGDeQAM/view"", ""valorem"")",Tier 1,"=HYPERLINK(""https://vector.lightning.force.com/lightning/r/Workload__c/aBJKf000009WArTOAW/view"", ""Grupo Valorem BQ + IA"")",Paula Urbano,,"$50,000.00",0-2: Tech Eval/Solution Dev,🟢 Ready (33 in BigQuery · 90%),"=HYPERLINK(""https://vector.lightning.force.com/lightning/r/Opportunity/006Kf00000OerYYIAZ/view"", ""Grupo Valorem - análisis financiero BigQuery"")",,,MCO,Colombia,Analytics,"Migrate, Modernize, and Build with Data Cloud (Analytics)",Not a Solution,2026-09-15,"=IF(Q88<>"""", Q88-TODAY(), """")",2026-10-31,"=IF(S88<>"""", S88-TODAY(), """")",paulau@google.com,,,,,30 - Jul,
"=HYPERLINK(""https://vector.lightning.force.com/lightning/r/Account/0014M00001zAyC5QAK/view"", ""SPORT LINE AMERICA INC"")",Tier 2,"=HYPERLINK(""https://vector.lightning.force.com/lightning/r/Workload__c/aBJKf000009eLAuOAM/view"", ""Sportline SAP IaaS Servi"")",Daniel Araya,Tomas Artuso,"$202,650.00",0-2: Tech Eval/Solution Dev,🟢 Ready (19 in GKE · 80%),"=HYPERLINK(""https://vector.lightning.force.com/lightning/r/Opportunity/006Kf00000NSaNuIAL/view"", ""SAP IaaS Sportline"")",,,Corporate,MCO CORP CCA,Migrate Modernize and Build,Enterprise Platform of Choice: SAP,SAP Direct,,"=IF(Q89<>"""", Q89-TODAY(), """")",,"=IF(S89<>"""", S89-TODAY(), """")",daraya@google.com,tartuso@google.com,,,,16 - Jun,Hygiene Review
"=HYPERLINK(""https://vector.lightning.force.com/lightning/r/Account/0014M00001zAGXXQA4/view"", ""Central America Bottling Corporation CBC"")",Tier 2,"=HYPERLINK(""https://vector.lightning.force.com/lightning/r/Workload__c/aBJKf000009kIUHOA2/view"", ""CBC - GE & AI para Marktech #roadshowcentroamerica"")",Daniel Cornejo,,"$100,000.00",0-2: Tech Eval/Solution Dev,🟢 Ready (3 in Gemini Enterprise · 95%),"=HYPERLINK(""https://vector.lightning.force.com/lightning/r/Opportunity/006Kf00000OAegJIAT/view"", ""CBC - GE & AI para Marktech #roadshowcentroamerica"")",,,Corporate,MCO CORP CCA,Build with AI,Lead the Agentic Workplace Transformation (Gemini Enterprise),Gemini Enterprise,2026-11-17,"=IF(Q90<>"""", Q90-TODAY(), """")",,"=IF(S90<>"""", S90-TODAY(), """")",dcornejo@google.com,,,,,10 - Aug,Hygiene Review
"=HYPERLINK(""https://vector.lightning.force.com/lightning/r/Account/0014M00001hpH4QQAU/view"", ""INSTITUTO AMAZONICO DE INVESTIGACIONES CIENTIFICAS SINCHI"")",Tier 1,"=HYPERLINK(""https://vector.lightning.force.com/lightning/r/Workload__c/aBJKf000004ZIdsOAG/view"", ""Servicios Cloud, Seguridad y Backups"")",Juanita Perico Londoño,,"$24,000.00",3:  Proposal / Negotiation,🟢 Ready (19 in GKE · 80%),"=HYPERLINK(""https://vector.lightning.force.com/lightning/r/Opportunity/006Kf00000PG1tPIAT/view"", ""INSTITUTO AMAZÓNICO DE INVESTIGACIONES CIENTÍFICAS - SINCHI -Servicios Cloud, Seguridad y Backups #PSM-led"")",,,PS,Streamline PS,Migrate Modernize and Build,"Migrate, Modernize and Build",Mainframe,2026-10-19,"=IF(Q91<>"""", Q91-TODAY(), """")",2026-11-23,"=IF(S91<>"""", S91-TODAY(), """")",juanitaperico@google.com,,,,,08 - Sep,
"=HYPERLINK(""https://vector.lightning.force.com/lightning/r/Account/0014M00001h3YBnQAM/view"", ""Corporacion Multi Inversiones S.A"")",Tier 1,"=HYPERLINK(""https://vector.lightning.force.com/lightning/r/Workload__c/aBJKf000009kINLOA2/view"", ""CMI - Crecimiento GE - 1000 Seats #roadshowcentroamerica"")",Daniel Cornejo,Anita Quevedo,"$360,000.00",0-2: Tech Eval/Solution Dev,🟢 Ready (3 in Gemini Enterprise · 95%),"=HYPERLINK(""https://vector.lightning.force.com/lightning/r/Opportunity/006Kf00000OAc0NIAT/view"", ""CMI - Crecimiento GE - 15000 Seats #roadshowcentroamerica"")","- Se va a presentar una propuesta de commit, que incluira los seats , sin embargo se esta teniendo, office hour semanales para poder ver como crea agentes con agent platform , matricualrlo en GE , conectores de GE y mas",,Corporate,MCO CORP CCA,Build with AI,Lead the Agentic Workplace Transformation (Gemini Enterprise),Gemini Enterprise,2026-12-15,"=IF(Q92<>"""", Q92-TODAY(), """")",2027-03-31,"=IF(S92<>"""", S92-TODAY(), """")",dcornejo@google.com,anitaquevedo@google.com,,,,08 - Sep,Hygiene Review
"=HYPERLINK(""https://vector.lightning.force.com/lightning/r/Account/0014M00001hVfQdQAK/view"", ""MundoDreams S.A."")",Tier 2,"=HYPERLINK(""https://vector.lightning.force.com/lightning/r/Workload__c/aBJKf000009eKsqOAE/view"", ""MundoDreams S.A. #GCP #INB #GE"")",Jilver Tyson Fuentes,Milton Pessa,"$224,000.00",0-2: Tech Eval/Solution Dev,🟢 Ready (89 in Compute Engine · 60%),"=HYPERLINK(""https://vector.lightning.force.com/lightning/r/Opportunity/006Kf00000Oeq9hIAB/view"", ""MundoDreams S.A. #GCP #INB #GE"")","2606 - fup hecho con partner, a la espera de respuesta",,Corporate,MCO CORP SUR,,,,2026-09-30,"=IF(Q93<>"""", Q93-TODAY(), """")",2026-10-31,"=IF(S93<>"""", S93-TODAY(), """")",jilvertyson@google.com,pessa@google.com,,,,06 - Aug,Critical Path
"=HYPERLINK(""https://vector.lightning.force.com/lightning/r/Account/0014M00001hVfQdQAK/view"", ""MundoDreams S.A."")",Tier 2,"=HYPERLINK(""https://vector.lightning.force.com/lightning/r/Workload__c/aBJKf000009eKt0OAE/view"", ""MundoDreams S.A. #GCP #INB #LOOKER STUDIO PRO"")",Jilver Tyson Fuentes,Milton Pessa,"$44,640.00",0-2: Tech Eval/Solution Dev,🟢 Ready (21 in Looker · 90%),"=HYPERLINK(""https://vector.lightning.force.com/lightning/r/Opportunity/006Kf00000OerTnIAJ/view"", ""MundoDreams S.A. #GCP #INB #LOOKER STUDIO PRO"")",,,Corporate,MCO CORP SUR,,,,2026-09-30,"=IF(Q94<>"""", Q94-TODAY(), """")",2026-10-31,"=IF(S94<>"""", S94-TODAY(), """")",jilvertyson@google.com,pessa@google.com,,,,06 - Aug,Critical Path
"=HYPERLINK(""https://vector.lightning.force.com/lightning/r/Account/001Kf000012m6EuIAI/view"", ""MASTERY ECOMMERCE SOLUTIONS INOVA SIMPLES (I.S.)"")",Tier 3,"=HYPERLINK(""https://vector.lightning.force.com/lightning/r/Workload__c/aBJKf000009eKeeOAE/view"", ""DN - Mastery B2B Tech - Provisionamento GCP"")",Vito Colognori Ialongo,Tainara Santos,"$25,011.84",4.3: Migrated/Implemented,🟢 Ready (89 in Compute Engine · 60%),"=HYPERLINK(""https://vector.lightning.force.com/lightning/r/Opportunity/006Kf00000OKk38IAD/view"", ""DN - Mastery B2B Tech - Provisionamento GCP"")",,,Brazil,Brazil DN,Customer Engagement,Applied AI Portfolio non CES,Not a Solution,2026-08-27,"=IF(Q95<>"""", Q95-TODAY(), """")",2026-08-28,"=IF(S95<>"""", S95-TODAY(), """")",vitoialongo@google.com,tainaraalmeida@google.com,,,,08 - Sep,
"=HYPERLINK(""https://vector.lightning.force.com/lightning/r/Account/0014M00001hp50zQAA/view"", ""UNIVERSIDAD COOPERATIVA DE COLOMBIA"")",Tier 1,"=HYPERLINK(""https://vector.lightning.force.com/lightning/r/Workload__c/aBJKf000009WAK5OAO/view"", ""Gemini Enterprise Lic - Q2 - 2026"")",Lauro Garcia,Pedro Gutiérrez,"$10,000.00",4.3: Migrated/Implemented,🟢 Ready (3 in Gemini Enterprise · 95%),"=HYPERLINK(""https://vector.lightning.force.com/lightning/r/Opportunity/006Kf00000PGLQ9IAP/view"", ""#AWT_playcompete_Servi CO - UCC - GE - Gemini Enterprise Lic - Q2 - 2026"")",Se están planeando sesiones con el cliente para temas de activación y asignación de licencias,"ER-504283, ER-504855",PS,EDU PS,Build with AI,Lead the Agentic Workplace Transformation (Gemini Enterprise),Gemini Enterprise,2026-08-03,"=IF(Q96<>"""", Q96-TODAY(), """")",2026-08-24,"=IF(S96<>"""", S96-TODAY(), """")",laurogar@google.com,pedrogutierrez@google.com,,,,27 - Mar,
"=HYPERLINK(""https://vector.lightning.force.com/lightning/r/Account/0014M00001oh614QAA/view"", ""Sigma Alimentos"")",Tier 1,"=HYPERLINK(""https://vector.lightning.force.com/lightning/r/Workload__c/aBJKf000009eKHLOA2/view"", ""Sigma AI"")",Edgar Larios,Charlie Suarez,"$1,200,000.00",3:  Proposal / Negotiation,🟢 Ready (33 in BigQuery · 90%),"=HYPERLINK(""https://vector.lightning.force.com/lightning/r/Opportunity/006Kf00000Op4h1IAB/view"", ""Teleperformance SIGMA #GCP 1200M"")",,"=HYPERLINK(""https://vector.lightning.force.com/lightning/r/Expert_Request__c/aAuKf000000PboYKAS/view"", ""ER-498552"")",Mexico,MX Multi-industry & Monterrey,Analytics,The Agentic Data Cloud,Data Science (BigQuery),2026-08-01,"=IF(Q97<>"""", Q97-TODAY(), """")",2026-10-30,"=IF(S97<>"""", S97-TODAY(), """")",elarios@google.com,charliesuarez@google.com,,,,08 - Sep,
"=HYPERLINK(""https://vector.lightning.force.com/lightning/r/Account/0014M00001hLHSNQA4/view"", ""Grupo Assa S.A."")",Tier 2,"=HYPERLINK(""https://vector.lightning.force.com/lightning/r/Workload__c/aBJKf000009kHeQOAU/view"", ""Grupo ASSA - Gemini Ent - 100 Seats"")",Daniel Cornejo,,"$25,000.00",0-2: Tech Eval/Solution Dev,🟢 Ready (3 in Gemini Enterprise · 95%),"=HYPERLINK(""https://vector.lightning.force.com/lightning/r/Opportunity/006Kf00000OAKvgIAH/view"", ""Grupo ASSA - Gemini Ent - 100 Seats"")",29/6 -Siguen desarrollando cuestionario para obtener todas las informaciones,,Corporate,MCO CORP CCA,Build with AI,Lead the Agentic Workplace Transformation (Gemini Enterprise),Gemini Enterprise,2026-11-03,"=IF(Q98<>"""", Q98-TODAY(), """")",2026-11-25,"=IF(S98<>"""", S98-TODAY(), """")",dcornejo@google.com,,,,,29 - Jun,Low Priority
"=HYPERLINK(""https://vector.lightning.force.com/lightning/r/Account/0014M00001h4sQpQAI/view"", ""LINDCORP S.A.C."")",Tier 2,"=HYPERLINK(""https://vector.lightning.force.com/lightning/r/Workload__c/aBJKf000009eJg5OAE/view"", ""Lindcorp | 100 Licencias Gemini Enterprise"")",Arianne Mahuad Escardo,,"$30,000.00",3:  Proposal / Negotiation,🟢 Ready (3 in Gemini Enterprise · 95%),"=HYPERLINK(""https://vector.lightning.force.com/lightning/r/Opportunity/006Kf00000OppLxIAJ/view"", ""Lindcorp | 100 Licencias Gemini Enterprise"")",,"ER-503469, ER-492129",Corporate,MCO CORP CCA,Build with AI,Lead the Agentic Workplace Transformation (Gemini Enterprise),Gemini Enterprise,2026-10-01,"=IF(Q99<>"""", Q99-TODAY(), """")",2026-10-31,"=IF(S99<>"""", S99-TODAY(), """")",ariannemahuad@google.com,,,,,08 - Sep,Low Priority
"=HYPERLINK(""https://vector.lightning.force.com/lightning/r/Account/0014M00001htuRKQAY/view"", ""Canal 13 SpA"")",Tier 2,"=HYPERLINK(""https://vector.lightning.force.com/lightning/r/Workload__c/aBJKf000009W9hXOAS/view"", ""canal 13 - WL Next26 Analitica&IaaS - Servinformacion"")",Mario Alegre,,"$20,000.00",0-2: Tech Eval/Solution Dev,🟢 Ready (21 in Looker · 90%),"=HYPERLINK(""https://vector.lightning.force.com/lightning/r/Opportunity/006Kf00000OenOKIAZ/view"", ""Canal 13 - Next26 Analitica & Iaas - TBD"")",,,Corporate,MCO CORP SUR,Analytics,The Agentic Data Cloud,Cloud BI and Embed Analytics (Looker),2026-08-12,"=IF(Q100<>"""", Q100-TODAY(), """")",,"=IF(S100<>"""", S100-TODAY(), """")",marioalegre@google.com,,,,,26 - Aug,Critical Path
"=HYPERLINK(""https://vector.lightning.force.com/lightning/r/Account/001Kf000014s7jMIAQ/view"", ""ENDOLIFE HEALTH-TECH TECNOLOGIA LTDA"")",Tier 3,"=HYPERLINK(""https://vector.lightning.force.com/lightning/r/Workload__c/aBJKf000009eJ7FOAU/view"", ""Endolife #GCP"")",Thalita Miranda,Gabrielle Ferreira,"$99,791.76",4.2: Ramping / Deliver,🟢 Ready (19 in GKE · 90%),"=HYPERLINK(""https://vector.lightning.force.com/lightning/r/Opportunity/006Kf00000KiG97IAF/view"", ""Endolife #GCP  #IA #SystemMod #Acc_latam #MQL #Hypo #SST #Aprovado100k"")",,,Brazil,Brazil DN,Migrate Modernize and Build,"Migrate, Modernize and Build",GKE/CloudRun,2026-08-10,"=IF(Q101<>"""", Q101-TODAY(), """")",2026-10-26,"=IF(S101<>"""", S101-TODAY(), """")",thalitam@google.com,gabriellefs@google.com,,,,10 - Aug,
"=HYPERLINK(""https://vector.lightning.force.com/lightning/r/Account/0014M00001hn3P2QAI/view"", ""Grupo Harari"")",Tier 1,"=HYPERLINK(""https://vector.lightning.force.com/lightning/r/Workload__c/aBJKf000009kHAzOAM/view"", ""Crecimiento SCC"")",Daniel Cornejo,froblesb,"$38,000.00",4.3: Migrated/Implemented,🟢 Ready (15 in SCC · 90%),"=HYPERLINK(""https://vector.lightning.force.com/lightning/r/Opportunity/006Kf00000O9zBeIAJ/view"", ""SCC crecimiento - TAC - Servi"")",,,Corporate,MCO CORP CCA,Security,Cybershield,Security Workload,2026-06-01,"=IF(Q102<>"""", Q102-TODAY(), """")",2026-06-15,"=IF(S102<>"""", S102-TODAY(), """")",dcornejo@google.com,froblesb@google.com,,,,08 - Sep,
"=HYPERLINK(""https://vector.lightning.force.com/lightning/r/Account/0014M00001h3YBnQAM/view"", ""Corporacion Multi Inversiones S.A"")",Tier 1,"=HYPERLINK(""https://vector.lightning.force.com/lightning/r/Workload__c/aBJKf000009kH2gOAE/view"", ""CMI - Servi - 125 GE Lic"")",Daniel Cornejo,Paola Ocampo,"$33,750.00",4.3: Migrated/Implemented,🟢 Ready (11 in AI Applications · 85%),"=HYPERLINK(""https://vector.lightning.force.com/lightning/r/Opportunity/006Kf00000OA6d0IAD/view"", ""CMI - Servi - GE 125 Lic"")",,,Corporate,MCO CORP CCA,Build with AI,Scale AI Apps and Agents,Drive Business Impact with Agents,2026-06-08,"=IF(Q103<>"""", Q103-TODAY(), """")",2026-06-11,"=IF(S103<>"""", S103-TODAY(), """")",dcornejo@google.com,ocampojara@google.com,,,,17 - Jun,
"=HYPERLINK(""https://vector.lightning.force.com/lightning/r/Account/0014M00001hk8VHQAY/view"", ""Distribuidora Automotiva S/A"")",Tier 2,"=HYPERLINK(""https://vector.lightning.force.com/lightning/r/Workload__c/aBJKf000004ZFoSOAW/view"", ""COMOLATTI - VERTEX AI"")",Jose Sales Andrade,Maissam Azzabi,"$25,000.00",3:  Proposal / Negotiation,🟢 Ready (89 in Compute Engine · 60%),"=HYPERLINK(""https://vector.lightning.force.com/lightning/r/Opportunity/006Kf00000PFXR3IAP/view"", ""COMOLATTI #VERTEX AI (MODELOS DE AI) #GCP #OUT"")",26/06 - JS - o cliente não esta sendo responsivo. Estamos buscando outras referencias na conta (diretoria judirica).,,Corporate,BR CORP,Build with AI,"Your Business, Your Models",Not a Solution,2026-09-21,"=IF(Q104<>"""", Q104-TODAY(), """")",2026-11-02,"=IF(S104<>"""", S104-TODAY(), """")",salesandrade@google.com,maissam@google.com,,,,26 - Jun,Medium risk
"=HYPERLINK(""https://vector.lightning.force.com/lightning/r/Account/0014M00001hSQifQAG/view"", ""Centro Médico ABC"")",Tier 1,"=HYPERLINK(""https://vector.lightning.force.com/lightning/r/Workload__c/aBJKf000009eIEtOAM/view"", ""[GECX] Centro Medico ABC - #Conversational Agents"")",Karen Torres,,"$158,000.00",4.1: Pre Ramp / Mobilize,🟡 Constrained (1 in GECX - CX Agent Studio · 90%),"=HYPERLINK(""https://vector.lightning.force.com/lightning/r/Opportunity/006Kf00000LjYAMIA3/view"", ""Centro Medico - GECX | Conversational Agents #Insights & #AA"")",09/04/26(KT) The customer is approving use cases discovery. NS: Define telephony requirements and start configuration.,"=HYPERLINK(""https://vector.lightning.force.com/lightning/r/Expert_Request__c/aAuKf0000011IX9KAM/view"", ""ER-422890"")",Mexico,MX Multi-industry & Monterrey,Customer Engagement,Gemini Enterprise for Customer Experience (Customer Engagement),Customer Experience Agent Studio,2026-09-30,"=IF(Q105<>"""", Q105-TODAY(), """")",2026-12-31,"=IF(S105<>"""", S105-TODAY(), """")",karentorres@google.com,,,,,08 - Sep,
"=HYPERLINK(""https://vector.lightning.force.com/lightning/r/Account/0014M00001hrZZFQA2/view"", ""Precode Consulting e-Commerce Ltda"")",Tier 2,"=HYPERLINK(""https://vector.lightning.force.com/lightning/r/Workload__c/aBJKf000004ZFSSOA4/view"", ""PRECODE  - GEMINI ENTERPRISE"")",Jose Sales Andrade,Maissam Azzabi,"$45,000.00",0-2: Tech Eval/Solution Dev,🟢 Ready (35 in Gemini Enterprise Agent Platform · 85%),"=HYPERLINK(""https://vector.lightning.force.com/lightning/r/Opportunity/006Kf00000PEpxmIAD/view"", ""PRECODE #GEMINI ENTERPRISE #GCP #OUT"")","JS [20/5] - alinhando agenda de apresentação, prevista ultima semana de maio (a confirmar).",,Corporate,BR CORP,Build with AI,Gemini Enterprise for Customer Experience (Build with AI),,2026-07-31,"=IF(Q106<>"""", Q106-TODAY(), """")",2026-08-31,"=IF(S106<>"""", S106-TODAY(), """")",salesandrade@google.com,maissam@google.com,,,,20 - May,Critical Path
"=HYPERLINK(""https://vector.lightning.force.com/lightning/r/Account/0014M00002OCtLgQAL/view"", ""Licores de Guatemala"")",Tier 2,"=HYPERLINK(""https://vector.lightning.force.com/lightning/r/Workload__c/aBJKf000009W8tDOAS/view"", ""#GCP# Gemini Enterprise"")",Christiane Amorosino,Leonardo Paioli Carrazza,"$28,687.50",3:  Proposal / Negotiation,🟢 Ready (35 in Gemini Enterprise Agent Platform · 85%),"=HYPERLINK(""https://vector.lightning.force.com/lightning/r/Opportunity/006Kf00000PE0wyIAD/view"", ""#GCP# Gemini Enterprise #Inbound #GT"")","Confirmación Net to Google 28,687.50 / cambio de stage",,Corporate,MCO CORP CCA,Build with AI,Gemini Enterprise for Customer Experience (Build with AI),AI Search & Specialized AI,2026-09-18,"=IF(Q107<>"""", Q107-TODAY(), """")",2026-09-29,"=IF(S107<>"""", S107-TODAY(), """")",christianea@google.com,paiolicarrazza@google.com,,,,08 - Sep,Medium risk
"=HYPERLINK(""https://vector.lightning.force.com/lightning/r/Account/001Kf0000134juUIAQ/view"", ""Instituto Salvadoreño de Bienestar Magisterial"")",Tier 1,"=HYPERLINK(""https://vector.lightning.force.com/lightning/r/Workload__c/aBJKf000009W8CiOAK/view"", ""ISBM - Data Analytics & Gemini Enterprise"")",Adri Messih,Carlos Navarro Añez,"$440,000.00",4.2: Ramping / Deliver,🟢 Ready (35 in Gemini Enterprise Agent Platform · 85%),"=HYPERLINK(""https://vector.lightning.force.com/lightning/r/Opportunity/006Kf00000NzEbqIAF/view"", ""ISBM -  GE - 600 licences"")",,,PS,MEXICO & PECS PS,Build with AI,Gemini Enterprise for Customer Experience (Build with AI),AI Search & Specialized AI,2026-05-21,"=IF(Q108<>"""", Q108-TODAY(), """")",2026-11-19,"=IF(S108<>"""", S108-TODAY(), """")",adrienmessih@google.com,navarrocarlos@google.com,,,,17 - Sep,
"=HYPERLINK(""https://vector.lightning.force.com/lightning/r/Account/0014M00001hX5CeQAK/view"", ""Grupo Nutresa S. A."")",Tier 1,"=HYPERLINK(""https://vector.lightning.force.com/lightning/r/Workload__c/aBJKf000009eGNoOAM/view"", ""[GECX] Nutresa - #CXAgentStudio - Nova WL GE CC"")",Juan Sebastian Rodelo Arnedo,,"$270,000.00",4.1: Pre Ramp / Mobilize,🟡 Constrained (1 in GECX - CX Agent Studio · 90%),"=HYPERLINK(""https://vector.lightning.force.com/lightning/r/Opportunity/006Kf00000OpB4UIAV/view"", ""Novaenta GE CC"")","09/10/26(RL) There is a meeting scheduled with the customer this week to finish understanding the requirements. NA: Advance with agent building and get into production, with the partner involved.","=HYPERLINK(""https://vector.lightning.force.com/lightning/r/Expert_Request__c/aAuKf000000TcapKAC/view"", ""ER-514793"")",MCO,Colombia,Customer Engagement,Gemini Enterprise for Customer Experience (Customer Engagement),Customer Experience Agent Studio,2026-10-01,"=IF(Q109<>"""", Q109-TODAY(), """")",2026-11-01,"=IF(S109<>"""", S109-TODAY(), """")",jrodelo@google.com,,,,,10 - Sep,
"=HYPERLINK(""https://vector.lightning.force.com/lightning/r/Account/0014M00001suPUmQAM/view"", ""Ripley Corp S.A."")",Tier 1,"=HYPERLINK(""https://vector.lightning.force.com/lightning/r/Workload__c/aBJKf000004ZDIIOA4/view"", ""[RPY] Demostrar capacidades de CX Agent Studio"")",Jesus Buriticá,Luis Gerardo Baeza,"$70,000.00",0-2: Tech Eval/Solution Dev,🟡 Constrained (1 in GECX - CX Agent Studio · 90%),"=HYPERLINK(""https://vector.lightning.force.com/lightning/r/Opportunity/006Kf00000P7Wu6IAF/view"", ""[Workload Ripley] Contact Center"")",[Sep 15th]: Refine use case,"ER-478848, ER-485837",MCO,Chile,Customer Engagement,Gemini Enterprise for Customer Experience (Customer Engagement),Customer Experience Agent Studio,,"=IF(Q110<>"""", Q110-TODAY(), """")",,"=IF(S110<>"""", S110-TODAY(), """")",jesusburitica@google.com,lgbaeza@google.com,,,,15 - Sep,
"=HYPERLINK(""https://vector.lightning.force.com/lightning/r/Account/0014M00001hdzZ4QAI/view"", ""Grupo Calesa"")",Tier 1,"=HYPERLINK(""https://vector.lightning.force.com/lightning/r/Workload__c/aBJKf000009W7yWOAS/view"", ""Calesa - Gem Ent 100 Seats"")",Christiane Amorosino,Leonardo Paioli Carrazza,"$25,245.00",4.3: Migrated/Implemented,🟢 Ready (3 in Gemini Enterprise · 95%),"=HYPERLINK(""https://vector.lightning.force.com/lightning/r/Opportunity/006Kf00000OYd4EIAT/view"", ""Calesa - Gem Ent  100 Seats"")",Aprobado - mover a producción,,Corporate,MCO CORP CCA,Build with AI,Lead the Agentic Workplace Transformation (Gemini Enterprise),Gemini Enterprise,2026-06-23,"=IF(Q111<>"""", Q111-TODAY(), """")",2026-06-25,"=IF(S111<>"""", S111-TODAY(), """")",christianea@google.com,paiolicarrazza@google.com,,,,08 - Sep,
"=HYPERLINK(""https://vector.lightning.force.com/lightning/r/Account/0014M00001hN0FUQA0/view"", ""Copa Holdings S.A"")",Tier 1,"=HYPERLINK(""https://vector.lightning.force.com/lightning/r/Workload__c/aBJKf000004ZCTSOA4/view"", ""Wingo - Customer Experience Engagement Suite"")",Leonardo Rusinque,,"$150,000.00",3:  Proposal / Negotiation,🟢 Ready (35 in Gemini Enterprise Agent Platform · 85%),"=HYPERLINK(""https://vector.lightning.force.com/lightning/r/Opportunity/006Kf00000P6MbqIAF/view"", ""Wingo - Customer Experience Engagement Suite"")","Leonardo: Feedback de lentitud de partner, se lleva a propuesta para explorar cambio de partner con Blueshift",,Corporate,MCO CORP CCA,Customer Engagement,,,2026-09-08,"=IF(Q112<>"""", Q112-TODAY(), """")",2026-10-14,"=IF(S112<>"""", S112-TODAY(), """")",lrusinque@google.com,,,,,26 - Aug,High risk
"=HYPERLINK(""https://vector.lightning.force.com/lightning/r/Account/0014M00001hRjMnQAK/view"", ""Pantaleon SA"")",Tier 1,"=HYPERLINK(""https://vector.lightning.force.com/lightning/r/Workload__c/aBJKf000004ZCSjOAO/view"", ""Pantaleon - Wiz"")",Leonardo Rusinque,,"$40,000.00",3:  Proposal / Negotiation,🟢 Ready (3 in Threat Intel · 90%),"=HYPERLINK(""https://vector.lightning.force.com/lightning/r/Opportunity/006Kf00000P6LumIAF/view"", ""Pantaleon - WIZ #AIThreatDefense"")",,,Corporate,MCO CORP CCA,Security,,,2026-06-03,"=IF(Q113<>"""", Q113-TODAY(), """")",2026-07-22,"=IF(S113<>"""", S113-TODAY(), """")",lrusinque@google.com,,,,,30 - Apr,High risk
"=HYPERLINK(""https://vector.lightning.force.com/lightning/r/Account/0014M00001yTEYrQAO/view"", ""Gobernación de Arauca"")",Tier 1,"=HYPERLINK(""https://vector.lightning.force.com/lightning/r/Workload__c/aBJKf000004ZCVTOA4/view"", ""Gemini Enterprise Gobernacion"")",Juanita Perico Londoño,,"$34,000.00",3:  Proposal / Negotiation,🟢 Ready (35 in Gemini Enterprise Agent Platform · 85%),"=HYPERLINK(""https://vector.lightning.force.com/lightning/r/Opportunity/006Kf00000P5m7ZIAR/view"", ""GOBERNACION DE ARAUCA - Laboratorio IA-  #AWT_playcompete_Servi"")",,,PS,Streamline PS,Build with AI,Gemini Enterprise for Customer Experience (Build with AI),AI Search & Specialized AI,2027-02-01,"=IF(Q114<>"""", Q114-TODAY(), """")",2027-02-15,"=IF(S114<>"""", S114-TODAY(), """")",juanitaperico@google.com,,,,,08 - Sep,
"=HYPERLINK(""https://vector.lightning.force.com/lightning/r/Account/0014M00001hcUu9QAE/view"", ""Pycca S.A."")",Tier 2,"=HYPERLINK(""https://vector.lightning.force.com/lightning/r/Workload__c/aBJKf000009kFCeOAM/view"", ""Pycca #GCP: Cortex, Bigquery, AI"")",Alexandra Rodríguez,,"$37,200.00",0-2: Tech Eval/Solution Dev,🟢 Ready (33 in BigQuery · 90%),"=HYPERLINK(""https://vector.lightning.force.com/lightning/r/Opportunity/006Kf00000O9POBIA3/view"", ""Pycca SA #GCP/ Cortex, AI"")",5/5/26: Entrega de Propuesta ESTA semana,,Corporate,MCO CORP NORTE,Analytics,"Migrate, Modernize, and Build with Data Cloud (Analytics)",Migrate Data Warehouses to BigQuery,2026-11-20,"=IF(Q115<>"""", Q115-TODAY(), """")",2026-12-25,"=IF(S115<>"""", S115-TODAY(), """")",alexarodriguez@google.com,,,,,05 - May,Low Priority
"=HYPERLINK(""https://vector.lightning.force.com/lightning/r/Account/0014M00001h3QQVQA2/view"", ""Grupo Bafar, S.A.B. de C.V."")",Tier 1,"=HYPERLINK(""https://vector.lightning.force.com/lightning/r/Workload__c/aBJKf000009kErvOAE/view"", ""WL_Analiticos_Administrativos"")",Vane Colin,Siahara Alvarez,"$60,000.00",4.3: Migrated/Implemented,🟢 Ready (33 in BigQuery · 90%),"=HYPERLINK(""https://vector.lightning.force.com/lightning/r/Opportunity/006Kf00000O9IOTIA3/view"", ""WL_Grupo Bafar_Analiticos_Administrativos"")",,"ER-474581, ER-485965",Mexico,"MX FSI, Services & WR",Analytics,"Migrate, Modernize, and Build with Data Cloud (Analytics)",Migrate Data Warehouses to BigQuery,2026-08-17,"=IF(Q116<>"""", Q116-TODAY(), """")",2026-08-31,"=IF(S116<>"""", S116-TODAY(), """")",vanecolin@google.com,siahara@google.com,,,,14 - Sep,
"=HYPERLINK(""https://vector.lightning.force.com/lightning/r/Account/0014M00001hp5OIQAY/view"", ""FARMATODO COLOMBIA S A"")",Tier 1,"=HYPERLINK(""https://vector.lightning.force.com/lightning/r/Workload__c/aBJKf000009W70gOAC/view"", ""[GECX] Farmatodo - #CXAgentStudio - WL"")",Raphael Laxe,Juancarlos Rojas,"$120,000.00",3:  Proposal / Negotiation,🟡 Constrained (1 in GECX - CX Agent Studio · 90%),"=HYPERLINK(""https://vector.lightning.force.com/lightning/r/Opportunity/006Kf00000OedMHIAZ/view"", ""[GECX] Farmatodo - #CXAgentStudio & #AA &#CXQIA - Servicio al cliente"")","08/23/26(RL)Meeting with the CTO and CEO scheduled for next Friday, 08/28. NA: Finish the commit discussion to start the MVP after customer acceptance.","ER-489156, ER-489668",MCO,Colombia,Customer Engagement,Gemini Enterprise for Customer Experience (Customer Engagement),Customer Experience Agent Studio,2026-10-16,"=IF(Q117<>"""", Q117-TODAY(), """")",2026-12-01,"=IF(S117<>"""", S117-TODAY(), """")",rlaxe@google.com,jcrojasv@google.com,,,,17 - Sep,
"=HYPERLINK(""https://vector.lightning.force.com/lightning/r/Account/0014M00001hp5OIQAY/view"", ""FARMATODO COLOMBIA S A"")",Tier 1,"=HYPERLINK(""https://vector.lightning.force.com/lightning/r/Workload__c/aBJKf000009W70lOAC/view"", ""[GECX] Farmatodo - #AA - WL"")",Raphael Laxe,Juancarlos Rojas,"$17,690.00",3:  Proposal / Negotiation,🟡 Constrained (1 in GECX - Agent Assist · 90%),"=HYPERLINK(""https://vector.lightning.force.com/lightning/r/Opportunity/006Kf00000OedMHIAZ/view"", ""[GECX] Farmatodo - #CXAgentStudio & #AA &#CXQIA - Servicio al cliente"")",09/16/26(JC) Contract discussion in progress,"=HYPERLINK(""https://vector.lightning.force.com/lightning/r/Expert_Request__c/aAuKf000000TWhuKAG/view"", ""ER-488578"")",MCO,Colombia,Customer Engagement,Gemini Enterprise for Customer Experience (Customer Engagement),Customer Experience Agent Assist,2026-11-30,"=IF(Q118<>"""", Q118-TODAY(), """")",2027-01-30,"=IF(S118<>"""", S118-TODAY(), """")",rlaxe@google.com,jcrojasv@google.com,,,,16 - Sep,
"=HYPERLINK(""https://vector.lightning.force.com/lightning/r/Account/0014M00001hlb16QAA/view"", ""Sociedad Agricola e Industrial San Carlos, S.A."")",Tier 2,"=HYPERLINK(""https://vector.lightning.force.com/lightning/r/Workload__c/aBJKf000009kEp1OAE/view"", ""Ingenio San Carlos - Cortex, Data Analytics, GE"")",Alexandra Rodríguez,,"$3,600.00",3:  Proposal / Negotiation,🟢 Ready (33 in BigQuery · 90%),"=HYPERLINK(""https://vector.lightning.force.com/lightning/r/Opportunity/006Kf00000O9DW1IAN/view"", ""Ingenio San Carlos - Cortex, Data Analytics, GE"")","5/5: Propuesta entregada, esperando que regrese Silvio ( CIO ) regrese de Londres El 5/9",,Corporate,MCO CORP NORTE,Analytics,"Migrate, Modernize, and Build with Data Cloud (Analytics)",Migrate Data Warehouses to BigQuery,2026-10-23,"=IF(Q119<>"""", Q119-TODAY(), """")",2026-11-02,"=IF(S119<>"""", S119-TODAY(), """")",alexarodriguez@google.com,,,,,05 - May,Low Priority
"=HYPERLINK(""https://vector.lightning.force.com/lightning/r/Account/0014M00001hllvSQAQ/view"", ""Cerveceria Centro Americana S.A."")",Tier 1,"=HYPERLINK(""https://vector.lightning.force.com/lightning/r/Workload__c/aBJKf000009eE5nOAE/view"", ""ICASA CCaS"")",Diana Cuevas Jurney,,"$60,000.00",3:  Proposal / Negotiation,🟢 Ready (11 in AI Applications · 85%),"=HYPERLINK(""https://vector.lightning.force.com/lightning/r/Opportunity/006Kf00000KaTzJIAV/view"", ""ICASA - Digital Customer engagement. #GCVE"")",,,Corporate,MCO CORP CCA,Build with AI,Scale AI Apps and Agents,Drive Business Impact with Agents,2026-07-14,"=IF(Q120<>"""", Q120-TODAY(), """")",2026-11-24,"=IF(S120<>"""", S120-TODAY(), """")",dianacuevasj@google.com,,,,,08 - Sep,High risk
"=HYPERLINK(""https://vector.lightning.force.com/lightning/r/Account/0014M00001hLwWwQAK/view"", ""Austral Group S.A.A."")",Tier 2,"=HYPERLINK(""https://vector.lightning.force.com/lightning/r/Workload__c/aBJKf000009eE88OAE/view"", ""Austral | Cortex en PRD - Consumo Infra"")",Arianne Mahuad Escardo,,"$10,000.00",3:  Proposal / Negotiation,🟢 Ready (33 in BigQuery · 90%),"=HYPERLINK(""https://vector.lightning.force.com/lightning/r/Opportunity/006Kf00000OJWP2IAP/view"", ""Austral | Cortex en PRD"")",,"ER-506533, ER-475545, ER-494808",Corporate,MCO CORP CCA,Analytics,The Agentic Data Cloud,Cortex Framework,2026-11-01,"=IF(Q121<>"""", Q121-TODAY(), """")",2027-01-31,"=IF(S121<>"""", S121-TODAY(), """")",ariannemahuad@google.com,,,,,08 - Sep,Hygiene Review
"=HYPERLINK(""https://vector.lightning.force.com/lightning/r/Account/0014M00001oifygQAA/view"", ""Farmacias Arrocha"")",Tier 2,"=HYPERLINK(""https://vector.lightning.force.com/lightning/r/Workload__c/aBJKf000009W6nmOAC/view"", ""Farmacias Arrocha #GE para Recetas Médicas"")",Daniel Cornejo,Leonardo Paioli Carrazza,"$35,000.00",3:  Proposal / Negotiation,🟢 Ready (11 in AI Applications · 85%),"=HYPERLINK(""https://vector.lightning.force.com/lightning/r/Opportunity/006Kf00000OJUZ5IAP/view"", ""Farmacias Arrocha #Outbound #GE para Recetas Médicas"")",Aguardando orden de compras,,Corporate,MCO CORP CCA,Build with AI,Scale AI Apps and Agents,Drive Business Impact with Agents,2026-10-15,"=IF(Q122<>"""", Q122-TODAY(), """")",2026-11-16,"=IF(S122<>"""", S122-TODAY(), """")",dcornejo@google.com,paiolicarrazza@google.com,,,,10 - Sep,Low Priority
"=HYPERLINK(""https://vector.lightning.force.com/lightning/r/Account/0014M00001hT2yMQAS/view"", ""Alcaldía de Medellín"")",Tier 1,"=HYPERLINK(""https://vector.lightning.force.com/lightning/r/Workload__c/aBJKf000009W6fnOAC/view"", ""WL_Alcadia_GE_Seats_FSR"")",Santiago Moreno,,"$38,000.00",0-2: Tech Eval/Solution Dev,🟢 Ready (3 in Gemini Enterprise · 95%),"=HYPERLINK(""https://vector.lightning.force.com/lightning/r/Opportunity/006Kf00000OebyNIAR/view"", ""Alcadia_GE_Seats_FSR"")",,,PS,MCO PS,Build with AI,Lead the Agentic Workplace Transformation (Gemini Enterprise),Gemini Enterprise,2026-09-23,"=IF(Q123<>"""", Q123-TODAY(), """")",2026-09-23,"=IF(S123<>"""", S123-TODAY(), """")",smorenor@google.com,,,,,30 - Jul,
"=HYPERLINK(""https://vector.lightning.force.com/lightning/r/Account/0014M00001h6ZnaQAE/view"", ""COMANDO GENERAL DE LAS FUERZAS MILITARES"")",Tier 1,"=HYPERLINK(""https://vector.lightning.force.com/lightning/r/Workload__c/aBJKf000009W6fsOAC/view"", ""WL_Comando_GE_Seat_FSR"")",Santiago Moreno,,"$35,000.00",0-2: Tech Eval/Solution Dev,🟢 Ready (3 in Gemini Enterprise · 95%),"=HYPERLINK(""https://vector.lightning.force.com/lightning/r/Opportunity/006Kf00000OebycIAB/view"", ""Comando_GE_Seat_FSR"")",,,PS,MCO PS,Build with AI,Lead the Agentic Workplace Transformation (Gemini Enterprise),Gemini Enterprise,,"=IF(Q124<>"""", Q124-TODAY(), """")",,"=IF(S124<>"""", S124-TODAY(), """")",smorenor@google.com,,,,,20 - Apr,
"=HYPERLINK(""https://vector.lightning.force.com/lightning/r/Account/0014M00001hTMjCQAW/view"", ""MUTUAL SER S A"")",Tier 1,"=HYPERLINK(""https://vector.lightning.force.com/lightning/r/Workload__c/aBJKf000009eDcROAU/view"", ""PD Mutual GE 100 Users 36 Mo"")",Pedro Diaz Moreno,,$0.00,0-2: Tech Eval/Solution Dev,🟢 Ready (3 in Gemini Enterprise · 80%),"=HYPERLINK(""https://vector.lightning.force.com/lightning/r/Opportunity/006Kf00000OluRJIAZ/view"", ""MUTUAL SER EPS - Solución Gemini Enterprise (#AWT_playcompete_Servi)"")",,,MCO,Colombia,Build with AI,,,2026-10-20,"=IF(Q125<>"""", Q125-TODAY(), """")",2026-12-15,"=IF(S125<>"""", S125-TODAY(), """")",peadiazmo@google.com,,,,,24 - Aug,
"=HYPERLINK(""https://vector.lightning.force.com/lightning/r/Account/001Kf000017fTdvIAE/view"", ""Lala Administración y Control, S.A. de C.V."")",Tier 1,"=HYPERLINK(""https://vector.lightning.force.com/lightning/r/Workload__c/aBJKf000009W6V9OAK/view"", ""LALA INTRANET"")",Ana Schultz,,"$300,000.00",0-2: Tech Eval/Solution Dev,🟢 Ready (33 in BigQuery · 90%),"=HYPERLINK(""https://vector.lightning.force.com/lightning/r/Opportunity/006Kf00000OebRdIAJ/view"", ""Intranet LALA"")",,,Mexico,MX Multi-industry & Monterrey,Analytics,The Agentic Data Cloud,Data Sharing & Monetization,2026-12-15,"=IF(Q126<>"""", Q126-TODAY(), """")",2027-01-22,"=IF(S126<>"""", S126-TODAY(), """")",ochoaana@google.com,,,,,16 - Sep,
"=HYPERLINK(""https://vector.lightning.force.com/lightning/r/Account/0014M00001k4h9FQAQ/view"", ""habi.co"")",Tier 1,"=HYPERLINK(""https://vector.lightning.force.com/lightning/r/Workload__c/aBJKf000009W6NZOA0/view"", ""Habi - Gemini Enterprise"")",Juan Carlos Florez,henryalvarado,"$30,000.00",0-2: Tech Eval/Solution Dev,🟢 Ready (3 in Gemini Enterprise · 95%),"=HYPERLINK(""https://vector.lightning.force.com/lightning/r/Opportunity/006Kf00000ORLV0IAP/view"", ""#AWT_playcompete_Servi HABI CO SAS - GCP - Gemini Enterprise"")",,,MCO,Colombia,Build with AI,Lead the Agentic Workplace Transformation (Gemini Enterprise),Gemini Enterprise,2027-02-22,"=IF(Q127<>"""", Q127-TODAY(), """")",2027-03-31,"=IF(S127<>"""", S127-TODAY(), """")",juanflorez@google.com,henryalvarado@google.com,,,,09 - Sep,
"=HYPERLINK(""https://vector.lightning.force.com/lightning/r/Account/0014M00001hq7AcQAI/view"", ""Comércio de Medicamentos Brair Ltda"")",Tier 2,"=HYPERLINK(""https://vector.lightning.force.com/lightning/r/Workload__c/aBJKf000009W6E8OAK/view"", ""Farmácias São João - Inteligência para o varejo Farma"")",Fernando Vieira,,"$30,000.00",0-2: Tech Eval/Solution Dev,🟢 Ready (11 in AI Applications · 85%),"=HYPERLINK(""https://vector.lightning.force.com/lightning/r/Opportunity/006Kf00000Oo3n0IAB/view"", ""CORP - Farmácias São João - Inteligência para o varejo Farma"")","FV - 16/06: Partner não avançou com apresentação no cliente, estamos trabalhando para agendar nova reunião no próximo mês.",,Corporate,BR CORP,Build with AI,Scale AI Apps and Agents,Drive Business Impact with Agents,2026-09-30,"=IF(Q128<>"""", Q128-TODAY(), """")",2026-10-30,"=IF(S128<>"""", S128-TODAY(), """")",fernandovieira@google.com,,,,,06 - Aug,Critical Path
"=HYPERLINK(""https://vector.lightning.force.com/lightning/r/Account/0014M00001pp2aaQAA/view"", ""KREDIYA S.A."")",Tier 2,"=HYPERLINK(""https://vector.lightning.force.com/lightning/r/Workload__c/aBJKf000009eCfLOAU/view"", ""KrediYa - Data Analytics"")",Christiane Amorosino,Leonardo Paioli Carrazza,"$150,000.00",3:  Proposal / Negotiation,🟢 Ready (33 in BigQuery · 90%),"=HYPERLINK(""https://vector.lightning.force.com/lightning/r/Opportunity/006Kf00000OocyFIAR/view"", ""KrediYa - Data Analytics"")",Alineamiento partner 25/8 - Pendiente nueva sesión cliente Brenda,,Corporate,MCO CORP CCA,Analytics,The Agentic Data Cloud,Data Science (BigQuery),2026-11-30,"=IF(Q129<>"""", Q129-TODAY(), """")",2026-12-31,"=IF(S129<>"""", S129-TODAY(), """")",christianea@google.com,paiolicarrazza@google.com,,,,25 - Aug,Low Priority
"=HYPERLINK(""https://vector.lightning.force.com/lightning/r/Account/0014M00001pp2aaQAA/view"", ""KREDIYA S.A."")",Tier 2,"=HYPERLINK(""https://vector.lightning.force.com/lightning/r/Workload__c/aBJKf000009eCf1OAE/view"", ""KrediYa - Looker"")",Christiane Amorosino,Leonardo Paioli Carrazza,"$75,000.00",3:  Proposal / Negotiation,🟢 Ready (21 in Looker · 90%),"=HYPERLINK(""https://vector.lightning.force.com/lightning/r/Opportunity/006Kf00000OocfwIAB/view"", ""KredyYa - Looker"")",Pendiente agenda cliente,,Corporate,MCO CORP CCA,Analytics,The Agentic Data Cloud,Cloud BI and Embed Analytics (Looker),2026-11-30,"=IF(Q130<>"""", Q130-TODAY(), """")",2026-12-31,"=IF(S130<>"""", S130-TODAY(), """")",christianea@google.com,paiolicarrazza@google.com,,,,10 - Sep,Low Priority
"=HYPERLINK(""https://vector.lightning.force.com/lightning/r/Account/0014M00001hLwWwQAK/view"", ""Austral Group S.A.A."")",Tier 2,"=HYPERLINK(""https://vector.lightning.force.com/lightning/r/Workload__c/aBJKf000009tdUgOAI/view"", ""Austral | 50 Licencias Gemini Enterprise"")",Arianne Mahuad Escardo,,"$15,000.00",0-2: Tech Eval/Solution Dev,🟢 Ready (3 in Gemini Enterprise · 95%),"=HYPERLINK(""https://vector.lightning.force.com/lightning/r/Opportunity/006Kf00000OsrYEIAZ/view"", ""Austral | 50 Licencias Gemini Enterprise"")",,,Corporate,MCO CORP CCA,Build with AI,Lead the Agentic Workplace Transformation (Gemini Enterprise),Gemini Enterprise,2026-12-01,"=IF(Q131<>"""", Q131-TODAY(), """")",2026-12-31,"=IF(S131<>"""", S131-TODAY(), """")",ariannemahuad@google.com,,,,,12 - Aug,Low Priority
"=HYPERLINK(""https://vector.lightning.force.com/lightning/r/Account/0014M00001hin1UQAQ/view"", ""A. Angeloni & Cia. Ltda"")",Tier 2,"=HYPERLINK(""https://vector.lightning.force.com/lightning/r/Workload__c/aBJKf0000082TFdOAM/view"", ""Angeloni - Inteligência para o Varejo Consumer Genoma"")",Daniel Prudencio,,$0.00,0-2: Tech Eval/Solution Dev,🟢 Ready (35 in Gemini Enterprise Agent Platform · 85%),"=HYPERLINK(""https://vector.lightning.force.com/lightning/r/Opportunity/006Kf00000Oo3b9IAB/view"", ""CORP - Angeloni - Inteligência para o Varejo Consumer Genoma"")","FV - 16/06: Partner não avançou com apresentação no cliente, estamos trabalhando para agendar nova reunião no próximo mês.",,Corporate,BR CORP,Build with AI,Gemini Enterprise for Customer Experience (Build with AI),Commerce Search,2026-10-30,"=IF(Q132<>"""", Q132-TODAY(), """")",2026-11-30,"=IF(S132<>"""", S132-TODAY(), """")",dprudencio@google.com,,,,,24 - Jul,Low Priority
"=HYPERLINK(""https://vector.lightning.force.com/lightning/r/Account/0014M00002NlaCFQAZ/view"", ""Servicios Integrados de Lealtad, Mercadotecnia y Comunicación, S.A.P.I. de C.V."")",Tier 1,"=HYPERLINK(""https://vector.lightning.force.com/lightning/r/Workload__c/aBJKf000009eCUcOAM/view"", ""FEMSA SPIN - Gemini Enterprise |"")",Chuy Peña,,"$300,000.00",0-2: Tech Eval/Solution Dev,🟢 Ready (3 in Gemini Enterprise · 95%),"=HYPERLINK(""https://vector.lightning.force.com/lightning/r/Opportunity/006Kf00000NiHJUIA3/view"", ""FEMSA SPIN - Gemini Enterprise |"")",13/07 - Confirmar con Jose Juan Martinez (SPIN) el alcance del proyecto total de GE y definir los incentivos aplicables. FSR will discuss with customer adding partner to the opportunity for deployment activities.,,Mexico,MX Multi-industry & Monterrey,Build with AI,Lead the Agentic Workplace Transformation (Gemini Enterprise),Gemini Enterprise,2026-11-30,"=IF(Q133<>"""", Q133-TODAY(), """")",2026-11-30,"=IF(S133<>"""", S133-TODAY(), """")",jpenac@google.com,,,,,13 - Jul,
"=HYPERLINK(""https://vector.lightning.force.com/lightning/r/Account/0014M00001hSLPIQA4/view"", ""Grupo Cinemex, S.A. de C.V."")",Tier 1,"=HYPERLINK(""https://vector.lightning.force.com/lightning/r/Workload__c/aBJKf0000082T7jOAE/view"", ""Compute Engine - RFP"")",Eduardo Bello,Edgar Reyes,"$179,000.00",0-2: Tech Eval/Solution Dev,🟢 Ready (19 in GKE · 80%),"=HYPERLINK(""https://vector.lightning.force.com/lightning/r/Opportunity/006Kf00000OefwdIAB/view"", ""Infraestructura"")",,,Mexico,MX Multi-industry & Monterrey,Migrate Modernize and Build,"Migrate, Modernize and Build",Microsoft,2026-11-03,"=IF(Q134<>"""", Q134-TODAY(), """")",2026-12-01,"=IF(S134<>"""", S134-TODAY(), """")",eduardobello@google.com,edgarreyesg@google.com,,,,06 - Sep,
"=HYPERLINK(""https://vector.lightning.force.com/lightning/r/Account/0014M00001hSLPIQA4/view"", ""Grupo Cinemex, S.A. de C.V."")",Tier 1,"=HYPERLINK(""https://vector.lightning.force.com/lightning/r/Workload__c/aBJKf0000082T7oOAE/view"", ""Compute Engine - RFP 1Yr"")",Eduardo Bello,Edgar Reyes,"$100,000.00",0-2: Tech Eval/Solution Dev,🟢 Ready (19 in GKE · 80%),"=HYPERLINK(""https://vector.lightning.force.com/lightning/r/Opportunity/006Kf00000OefwdIAB/view"", ""Infraestructura"")",,,Mexico,MX Multi-industry & Monterrey,Migrate Modernize and Build,"Migrate, Modernize and Build",Microsoft,2026-11-09,"=IF(Q135<>"""", Q135-TODAY(), """")",2026-11-23,"=IF(S135<>"""", S135-TODAY(), """")",eduardobello@google.com,edgarreyesg@google.com,,,,30 - Aug,
"=HYPERLINK(""https://vector.lightning.force.com/lightning/r/Account/0014M00001hRjMnQAK/view"", ""Pantaleon SA"")",Tier 1,"=HYPERLINK(""https://vector.lightning.force.com/lightning/r/Workload__c/aBJKf000009eBuFOAU/view"", ""PANTALEON S.A - SAP Cortex"")",Leonardo Rusinque,,"$200,000.00",3:  Proposal / Negotiation,🟢 Ready (33 in BigQuery · 90%),"=HYPERLINK(""https://vector.lightning.force.com/lightning/r/Opportunity/006Kf00000O08dOIAR/view"", ""PANTALEON S.A - SAP Cortex"")",,,Corporate,MCO CORP CCA,Analytics,The Agentic Data Cloud,"Cortex Framework, Manufacturing Data Engine (MDE)",2026-10-01,"=IF(Q136<>"""", Q136-TODAY(), """")",2026-10-30,"=IF(S136<>"""", S136-TODAY(), """")",lrusinque@google.com,,,,,08 - Sep,Low Priority
"=HYPERLINK(""https://vector.lightning.force.com/lightning/r/Account/0014M00001hVQ3jQAG/view"", ""Flesan Chile"")",Tier 2,"=HYPERLINK(""https://vector.lightning.force.com/lightning/r/Workload__c/aBJKf000009eBt7OAE/view"", ""Flesan 1000 seats"")",Christian Cuadros,,$0.00,0-2: Tech Eval/Solution Dev,🟢 Ready (3 in Gemini Enterprise · 95%),"=HYPERLINK(""https://vector.lightning.force.com/lightning/r/Opportunity/006Kf00000OnYXRIA3/view"", ""Flesan - Gemini Enterprise 1000 seats+Big query SAP"")",,,Corporate,MCO CORP SUR,,,,2026-08-21,"=IF(Q137<>"""", Q137-TODAY(), """")",2026-09-25,"=IF(S137<>"""", S137-TODAY(), """")",ccuadros@google.com,,,,,11 - May,Critical Path
"=HYPERLINK(""https://vector.lightning.force.com/lightning/r/Account/001Kf000011QM9CIAW/view"", ""UNIVERSIDAD MILITAR NUEVA GRANADA"")",Tier 1,"=HYPERLINK(""https://vector.lightning.force.com/lightning/r/Workload__c/aBJKf0000082SJtOAM/view"", ""Universidad Militar Nueva Granada -Migración de Infraestructura Oracle"")",Lauro Garcia,Marco Corral,"$230,000.00",3:  Proposal / Negotiation,🟢 Ready (19 in GKE · 90%),"=HYPERLINK(""https://vector.lightning.force.com/lightning/r/Opportunity/006Kf00000OmS0yIAF/view"", ""Universidad Militar Nueva Granada -Migración de Infraestructura Oracle"")",LG Sep14 : Procurement process delayed due changes in the C Level.,,PS,EDU PS,Migrate Modernize and Build,"Migrate, Modernize and Build",GKE/CloudRun,2026-12-07,"=IF(Q138<>"""", Q138-TODAY(), """")",2026-12-14,"=IF(S138<>"""", S138-TODAY(), """")",laurogar@google.com,marcotcg@google.com,,,,15 - Sep,
"=HYPERLINK(""https://vector.lightning.force.com/lightning/r/Account/0014M00001hUBaHQAW/view"", ""UNIVERSIDADE FEDERAL DO TRIANGULO MINEIRO"")",Tier 1,"=HYPERLINK(""https://vector.lightning.force.com/lightning/r/Workload__c/aBJKf000009eAe1OAE/view"", ""Infra Move"")",Victoria Oliveira,,"$150,000.00",3:  Proposal / Negotiation,🟢 Ready (19 in GKE · 90%),"=HYPERLINK(""https://vector.lightning.force.com/lightning/r/Opportunity/006Kf00000LjdZIIAZ/view"", ""UNIVERSIDADE FEDERAL DO TRIANGULO MINEIRO #OUT #GCP #MIGRATION #GOV-PS-BR  #SalesCreditPOC"")",Aguardando edital,,PS,Streamline PS,Migrate Modernize and Build,"Migrate, Modernize and Build",GKE/CloudRun,2026-11-13,"=IF(Q139<>"""", Q139-TODAY(), """")",2026-12-16,"=IF(S139<>"""", S139-TODAY(), """")",vbo@google.com,,,,,09 - Sep,
"=HYPERLINK(""https://vector.lightning.force.com/lightning/r/Account/0014M00002KMtVfQAL/view"", ""Lume Robotics"")",Tier 3,"=HYPERLINK(""https://vector.lightning.force.com/lightning/r/Workload__c/aBJKf000009tbWGOAY/view"", ""Infra for Lume Robotics"")",Nathã Souza,Tainara Santos,"$124,554.00",4.3: Migrated/Implemented,🟢 Ready (19 in GKE · 90%),"=HYPERLINK(""https://vector.lightning.force.com/lightning/r/Opportunity/006Kf00000NScYpIAL/view"", ""Lume Robotics - #Selfprospect"")",partner start implementation,,Brazil,Brazil DN,Migrate Modernize and Build,"Migrate, Modernize and Build",GKE/CloudRun,2026-04-07,"=IF(Q140<>"""", Q140-TODAY(), """")",2026-05-25,"=IF(S140<>"""", S140-TODAY(), """")",nathas@google.com,tainaraalmeida@google.com,,,,25 - May,
"=HYPERLINK(""https://vector.lightning.force.com/lightning/r/Account/001Kf0000135X7cIAE/view"", ""UP VENDAS"")",Tier 3,"=HYPERLINK(""https://vector.lightning.force.com/lightning/r/Workload__c/aBJKf000009tbW6OAI/view"", ""Infrastructure for UpVendas"")",Nathã Souza,Tainara Santos,"$100,000.32",4.3: Migrated/Implemented,🟢 Ready (19 in GKE · 90%),"=HYPERLINK(""https://vector.lightning.force.com/lightning/r/Opportunity/006Kf00000KqzfOIAR/view"", ""UpVendas #GCP #AzureMigration #IA #SystemMod # AppMod #ScaleEligible #Acc_latam #Aprovados2k #2kto100k #Acelerados #AELi"")",,"=HYPERLINK(""https://vector.lightning.force.com/lightning/r/Expert_Request__c/aAuKf000000tvcbKAA/view"", ""ER-469628"")",Brazil,Brazil DN,Migrate Modernize and Build,"Migrate, Modernize and Build",GKE/CloudRun,2026-04-13,"=IF(Q141<>"""", Q141-TODAY(), """")",2026-05-25,"=IF(S141<>"""", S141-TODAY(), """")",nathas@google.com,tainaraalmeida@google.com,,,,25 - May,
"=HYPERLINK(""https://vector.lightning.force.com/lightning/r/Account/0014M00001hUO52QAG/view"", ""Rede D'or São Luiz S/A"")",Tier 1,"=HYPERLINK(""https://vector.lightning.force.com/lightning/r/Workload__c/aBJKf000009omguOAA/view"", ""[GECX] Rede D'Or São Luiz - #CXAgentStudio - #saudenasnuvens2026 - WL"")",Daniela Kwaks,Renato Gregio,"$900,000.00",0-2: Tech Eval/Solution Dev,🟡 Constrained (1 in GECX - CX Agent Studio · 90%),"=HYPERLINK(""https://vector.lightning.force.com/lightning/r/Opportunity/006Kf00000OYRR3IAP/view"", ""[GECX] Rede D'Or São Luiz - #CXAgentStudio - Agendamento AI - #saudenasnuvens2026"")","08/23/26(RL)The client was considering developing an in-house solution, but we presented our key differentiators. A follow-up meeting is scheduled for 09/01. NA: Follow up with the partner to prepare for this meeting.","ER-489677, ER-466876",Brazil,Health,Customer Engagement,Gemini Enterprise for Customer Experience (Customer Engagement),Customer Experience Agent Studio,2026-10-10,"=IF(Q142<>"""", Q142-TODAY(), """")",2027-01-09,"=IF(S142<>"""", S142-TODAY(), """")",dkwaks@google.com,gregio@google.com,,,,08 - Sep,
"=HYPERLINK(""https://vector.lightning.force.com/lightning/r/Account/0014M00001rGihnQAC/view"", ""Bicecorp S.A."")",Tier 1,"=HYPERLINK(""https://vector.lightning.force.com/lightning/r/Workload__c/aBJKf000009e9kLOAQ/view"", ""[Banco BICE] Gemini Enterprise seats"")",Francisco Valenzuela,Francisco Valenzuela,"$50,000.00",4.2: Ramping / Deliver,🟢 Ready (3 in Gemini Enterprise · 95%),"=HYPERLINK(""https://vector.lightning.force.com/lightning/r/Opportunity/006Kf00000Lhj6LIAR/view"", ""Banco BICE - Agentspace 1850 seats"")",Working on Deployment Voucher Activation - The customer is activating some seats to test the app,,MCO,Chile,Build with AI,Lead the Agentic Workplace Transformation (Gemini Enterprise),Gemini Enterprise,2026-08-07,"=IF(Q143<>"""", Q143-TODAY(), """")",2027-08-06,"=IF(S143<>"""", S143-TODAY(), """")",fvalenzuelaq@google.com,fvalenzuelaq@google.com,,,,03 - Sep,
"=HYPERLINK(""https://vector.lightning.force.com/lightning/r/Account/0014M00001k2pe5QAA/view"", ""Hurlingham National University"")",Tier 1,"=HYPERLINK(""https://vector.lightning.force.com/lightning/r/Workload__c/aBJKf000009e9JzOAI/view"", ""UNHUR - CloudSQL"")",Agustin Passetti,Matheus Chung Nin (MC),"$24,000.00",3:  Proposal / Negotiation,🔴 Capacity Gap (0 in AlloyDB · 95%),"=HYPERLINK(""https://vector.lightning.force.com/lightning/r/Opportunity/006Kf00000Olq0dIAB/view"", ""UNHUR - CloudSQL"")",MC 09/04 - Ask for Agustin about partner engagement.,"=HYPERLINK(""https://vector.lightning.force.com/lightning/r/Expert_Request__c/aAuKf000000PNoFKAW/view"", ""ER-465852"")",PS,EDU PS,Migrate and Modernize Databases,"Migrate, Modernize, and Build with Data Cloud (Databases)","Move to Managed Databases (Homogeneous - Cloud SQL, AlloyDB, Firestore)",2026-10-30,"=IF(Q144<>"""", Q144-TODAY(), """")",2026-11-13,"=IF(S144<>"""", S144-TODAY(), """")",apassetti@google.com,matheusnin@google.com,,,,09 - Apr,
"=HYPERLINK(""https://vector.lightning.force.com/lightning/r/Account/0014M00002HvVptQAF/view"", ""Universidad Católica Luis Amigo"")",Tier 1,"=HYPERLINK(""https://vector.lightning.force.com/lightning/r/Workload__c/aBJKf000009ta9VOAQ/view"", ""Universidad Católica Luis Amigo - GCP Vertex IA #M25"")",Moacir Quadros,,"$2,000.00",4.3: Migrated/Implemented,🟢 Ready (11 in AI Applications · 85%),"=HYPERLINK(""https://vector.lightning.force.com/lightning/r/Opportunity/006Kf00000LiqsfIAB/view"", ""Universidad Católica Luis Amigo - GCP Vertex IA #M25 #PSM_Led"")",MQ 03/27: Expected feedback regarding deployment milestones (TBC),,PS,Scaled PS,Build with AI,Scale AI Apps and Agents,Partner Packaged AI Solutions,2026-06-01,"=IF(Q145<>"""", Q145-TODAY(), """")",2026-06-03,"=IF(S145<>"""", S145-TODAY(), """")",mquadros@google.com,,,,,27 - Mar,
"=HYPERLINK(""https://vector.lightning.force.com/lightning/r/Account/0014M00001hiRHLQA2/view"", ""COORDINADORA MERCANTIL S A"")",Tier 1,"=HYPERLINK(""https://vector.lightning.force.com/lightning/r/Workload__c/aBJKf000009tZsoOAE/view"", ""PD Coordinadora SCC"")",Pedro Diaz Moreno,,"$51,000.00",4.3: Migrated/Implemented,🟢 Ready (15 in SCC · 90%),"=HYPERLINK(""https://vector.lightning.force.com/lightning/r/Opportunity/006Kf00000JLndLIAT/view"", ""COORDINADORA MERCANTIL S.A. - Security Command Center - Google Cloud Platform"")",,,MCO,Colombia,Security,SOC Transformation,Security Workload,2026-03-27,"=IF(Q146<>"""", Q146-TODAY(), """")",2026-08-12,"=IF(S146<>"""", S146-TODAY(), """")",peadiazmo@google.com,,,,,15 - Sep,
"=HYPERLINK(""https://vector.lightning.force.com/lightning/r/Account/0014M00001hbHtmQAE/view"", ""Grupo Jumex S.A. de C.V."")",Tier 1,"=HYPERLINK(""https://vector.lightning.force.com/lightning/r/Workload__c/aBJKf000009tZeDOAU/view"", ""JUMEX Warehouse/Cortex"")",Edgar Castillo,Galileo Calderon,"$220,000.00",3:  Proposal / Negotiation,🟢 Ready (33 in BigQuery · 90%),"=HYPERLINK(""https://vector.lightning.force.com/lightning/r/Opportunity/006Kf00000NzFnsIAF/view"", ""Grupo Jumex - BigQuery (Warehouse/Cortex)"")",The customer will announce the winning proposal next week.,"=HYPERLINK(""https://vector.lightning.force.com/lightning/r/Expert_Request__c/aAuKf0000004H2QKAU/view"", ""ER-481121"")",Mexico,MX Multi-industry & Monterrey,Analytics,"Migrate, Modernize, and Build with Data Cloud (Analytics)",Migrate Data Warehouses to BigQuery,2026-10-30,"=IF(Q147<>"""", Q147-TODAY(), """")",2027-01-29,"=IF(S147<>"""", S147-TODAY(), """")",edgarcas@google.com,galileocb@google.com,,,,08 - Sep,
"=HYPERLINK(""https://vector.lightning.force.com/lightning/r/Account/001Kf000014YrkLIAS/view"", ""QUILL"")",Tier 3,"=HYPERLINK(""https://vector.lightning.force.com/lightning/r/Workload__c/aBJKf0000082RDBOA2/view"", ""Quill - Workload Servi"")",Henrique Pascon,Natanael Tavares,"$150,000.00",0-2: Tech Eval/Solution Dev,🟢 Ready (11 in AI Applications · 85%),"=HYPERLINK(""https://vector.lightning.force.com/lightning/r/Opportunity/006Kf00000OrARkIAN/view"", ""QUILL #OUT #GCP #DN #GEMINI ENTERPRISE"")",,,Brazil,Brazil DN,Build with AI,Scale AI Apps and Agents,Generative AI,2026-11-20,"=IF(Q148<>"""", Q148-TODAY(), """")",2026-12-31,"=IF(S148<>"""", S148-TODAY(), """")",hpascon@google.com,tnatan@google.com,,,,17 - Sep,
"=HYPERLINK(""https://vector.lightning.force.com/lightning/r/Account/0014M00001hsbvSQAQ/view"", ""Licores de Guatemala"")",Tier 2,"=HYPERLINK(""https://vector.lightning.force.com/lightning/r/Workload__c/aBJKf0000082R4EOAU/view"", ""LICORES DE GUATEMALA #Analytics"")",Christiane Amorosino,Leonardo Paioli Carrazza,"$48,000.00",3:  Proposal / Negotiation,🟢 Ready (33 in BigQuery · 90%),"=HYPERLINK(""https://vector.lightning.force.com/lightning/r/Opportunity/006Kf00000NgyPuIAJ/view"", ""LICORES DE GUATEMALA - Analytics"")",retraso en avances/prioridad AI,,Corporate,MCO CORP CCA,Analytics,"Migrate, Modernize, and Build with Data Cloud (Analytics)",Migrate Data Warehouses to BigQuery,2026-11-30,"=IF(Q149<>"""", Q149-TODAY(), """")",2026-12-31,"=IF(S149<>"""", S149-TODAY(), """")",christianea@google.com,paiolicarrazza@google.com,,,,10 - Sep,Low Priority
"=HYPERLINK(""https://vector.lightning.force.com/lightning/r/Account/0014M00001hvHUGQA2/view"", ""Conservas La Costeña, S.A. de C.V."")",Tier 1,"=HYPERLINK(""https://vector.lightning.force.com/lightning/r/Workload__c/aBJKf000009e7UWOAY/view"", ""La costeña GBQ DRP"")",Alberto Alcala,Diego Fabián,"$112,128.00",0-2: Tech Eval/Solution Dev,🟢 Ready (33 in BigQuery · 90%),"=HYPERLINK(""https://vector.lightning.force.com/lightning/r/Opportunity/006Kf00000Okd5GIAR/view"", ""La costeña GBQ DRP"")",,"ER-504793, ER-503156",Mexico,MX Multi-industry & Monterrey,Analytics,"Migrate, Modernize, and Build with Data Cloud (Analytics)",Migrate Data Warehouses to BigQuery,2026-09-30,"=IF(Q150<>"""", Q150-TODAY(), """")",2026-10-01,"=IF(S150<>"""", S150-TODAY(), """")",albertoalcala@google.com,diegofasan@google.com,,,,08 - Sep,
"=HYPERLINK(""https://vector.lightning.force.com/lightning/r/Account/0014M00001h3QQVQA2/view"", ""Grupo Bafar, S.A.B. de C.V."")",Tier 1,"=HYPERLINK(""https://vector.lightning.force.com/lightning/r/Workload__c/aBJKf000009olEpOAI/view"", ""WL_Grupo Bafar_Nuevos Datamarts"")",Vane Colin,Siahara Alvarez,"$100,000.00",4.2: Ramping / Deliver,🟢 Ready (33 in BigQuery · 90%),"=HYPERLINK(""https://vector.lightning.force.com/lightning/r/Opportunity/006Kf00000OY14HIAT/view"", ""Grupo Bafar - Nuevos Datamarts"")",,"ER-467394, ER-467415, ER-467395",Mexico,"MX FSI, Services & WR",Analytics,"Migrate, Modernize, and Build with Data Cloud (Analytics)",Multi-Modal Data Processing & Multi-Cloud (Biglake),2026-03-31,"=IF(Q151<>"""", Q151-TODAY(), """")",2026-09-18,"=IF(S151<>"""", S151-TODAY(), """")",vanecolin@google.com,siahara@google.com,,,,12 - Aug,
"=HYPERLINK(""https://vector.lightning.force.com/lightning/r/Account/0014M00001htuRKQAY/view"", ""Canal 13 SpA"")",Tier 2,"=HYPERLINK(""https://vector.lightning.force.com/lightning/r/Workload__c/aBJKf0000082QQdOAM/view"", ""C13 - WL Audencias (2) - Servinformacion"")",Mario Alegre,,"$27,000.00",4.2: Ramping / Deliver,🟢 Ready (11 in AI Applications · 85%),"=HYPERLINK(""https://vector.lightning.force.com/lightning/r/Opportunity/006Kf00000NwHVkIAN/view"", ""CANAL 13 AUDIENCIAS"")",En Marcha Blanca,,Corporate,MCO CORP SUR,Build with AI,Scale AI Apps and Agents,Drive Business Impact with Agents,2026-04-27,"=IF(Q152<>"""", Q152-TODAY(), """")",2026-05-07,"=IF(S152<>"""", S152-TODAY(), """")",marioalegre@google.com,,,,,17 - Aug,Validate Commit
"=HYPERLINK(""https://vector.lightning.force.com/lightning/r/Account/0014M00001tRnfyQAC/view"", ""Disagro Guatemala"")",Tier 2,"=HYPERLINK(""https://vector.lightning.force.com/lightning/r/Workload__c/aBJKf000009tXxIOAU/view"", ""Disagro / Agentes de data"")",Daniel Cornejo,,"$14,000.00",4.2: Ramping / Deliver,🟢 Ready (35 in Gemini Enterprise Agent Platform · 85%),"=HYPERLINK(""https://vector.lightning.force.com/lightning/r/Opportunity/006Kf00000ORb7KIAT/view"", ""Disagro Guatemala - Upsell Bigquery - Google Cloud - Analytics"")",Propuesta enviada,,Corporate,MCO CORP CCA,Analytics,"Migrate, Modernize, and Build with Data Cloud (Analytics)",Migrate Data Warehouses to BigQuery,2026-07-13,"=IF(Q153<>"""", Q153-TODAY(), """")",2026-11-19,"=IF(S153<>"""", S153-TODAY(), """")",dcornejo@google.com,,,,,08 - Sep,Pull-in
"=HYPERLINK(""https://vector.lightning.force.com/lightning/r/Account/0014M00001h4bAtQAI/view"", ""Banco Internacional Ecuador"")",Tier 2,"=HYPERLINK(""https://vector.lightning.force.com/lightning/r/Workload__c/aBJKf000009tXWvOAM/view"", ""Q4 FY26 Banco Internacional Ecuador #Gemini Enterprise #Área de Transformación D"")",Alexandra Rodríguez,,"$45,000.00",0-2: Tech Eval/Solution Dev,🟢 Ready (3 in Gemini Enterprise · 95%),"=HYPERLINK(""https://vector.lightning.force.com/lightning/r/Opportunity/006Kf00000OSuFFIA1/view"", ""Q4 FY26 Banco Internacional Ecuador #Outbound #Gemini Enterprise #Área de Transformación Digital"")",,,Corporate,MCO CORP NORTE,Build with AI,Lead the Agentic Workplace Transformation (Gemini Enterprise),Gemini Enterprise,2026-11-27,"=IF(Q154<>"""", Q154-TODAY(), """")",2027-02-12,"=IF(S154<>"""", S154-TODAY(), """")",alexarodriguez@google.com,,,,,12 - Aug,Low Priority
"=HYPERLINK(""https://vector.lightning.force.com/lightning/r/Account/0014M00001hvGzsQAE/view"", ""MAGNITRACKING SA DE CV"")",Tier 2,"=HYPERLINK(""https://vector.lightning.force.com/lightning/r/Workload__c/aBJKf000009e5zIOAQ/view"", ""#Magnitracking #AI #2026"")",Claudia Obregón,,"$100,000.00",0-2: Tech Eval/Solution Dev,🟢 Ready (11 in AI Applications · 85%),"=HYPERLINK(""https://vector.lightning.force.com/lightning/r/Opportunity/006Kf00000JNAptIAH/view"", ""Magnitracking - GCP Infra - GCP"")",,,Mexico,MX DN,Build with AI,Scale AI Apps and Agents,Drive Business Impact with Agents,2026-09-15,"=IF(Q155<>"""", Q155-TODAY(), """")",2026-09-30,"=IF(S155<>"""", S155-TODAY(), """")",clauobregon@google.com,,,,,12 - Aug,
"=HYPERLINK(""https://vector.lightning.force.com/lightning/r/Account/0014M00001hdzZ4QAI/view"", ""Grupo Calesa"")",Tier 1,"=HYPERLINK(""https://vector.lightning.force.com/lightning/r/Workload__c/aBJKf0000082PmdOAE/view"", ""GRUPO CALESA #GCP #SCC # PA # CCA"")",Christiane Amorosino,froblesb,"$18,000.00",4.3: Migrated/Implemented,🟢 Ready (15 in SCC · 90%),"=HYPERLINK(""https://vector.lightning.force.com/lightning/r/Opportunity/006Kf00000NSOkDIAX/view"", ""GRUPO CALESA  #GCP #SCC # PA # CCA"")",,,Corporate,MCO CORP CCA,Security,Secure Innovation with Google Cloud,Security Workload,2026-04-30,"=IF(Q156<>"""", Q156-TODAY(), """")",2026-06-30,"=IF(S156<>"""", S156-TODAY(), """")",christianea@google.com,froblesb@google.com,,,,17 - Jun,
"=HYPERLINK(""https://vector.lightning.force.com/lightning/r/Account/0014M00001hdzZ4QAI/view"", ""Grupo Calesa"")",Tier 1,"=HYPERLINK(""https://vector.lightning.force.com/lightning/r/Workload__c/aBJKf0000082PmiOAE/view"", ""GRUPO CALESA #GCP #SCC # PA # CCA"")",Christiane Amorosino,Leonardo Paioli Carrazza,"$8,000.00",4.3: Migrated/Implemented,🟢 Ready (3 in Threat Intel · 90%),"=HYPERLINK(""https://vector.lightning.force.com/lightning/r/Opportunity/006Kf00000NSOkDIAX/view"", ""GRUPO CALESA  #GCP #SCC # PA # CCA"")",Cambio de Stages / implementado,,Corporate,MCO CORP CCA,Security,Achieve Resilience Together with Mandiant,Security Workload,2026-05-29,"=IF(Q157<>"""", Q157-TODAY(), """")",2026-06-30,"=IF(S157<>"""", S157-TODAY(), """")",christianea@google.com,paiolicarrazza@google.com,,,,15 - Jun,
"=HYPERLINK(""https://vector.lightning.force.com/lightning/r/Account/0014M00001htuRKQAY/view"", ""Canal 13 SpA"")",Tier 2,"=HYPERLINK(""https://vector.lightning.force.com/lightning/r/Workload__c/aBJKf0000082PQcOAM/view"", ""C-130 - WL GCP ETL DataFlow - Servinformacion"")",Mario Alegre,Sebastián Moreno,"$150,000.00",3:  Proposal / Negotiation,🟢 Ready (17 in Dataflow · 90%),"=HYPERLINK(""https://vector.lightning.force.com/lightning/r/Opportunity/006Kf00000NRbFXIA1/view"", ""Canal13SpA #GCP #ETL#DataFlow#DataProc"")",standby hasta fines de Agosto por priorización del cliente,,Corporate,MCO CORP SUR,Analytics,The Agentic Data Cloud,Data Sharing & Monetization,2026-10-28,"=IF(Q158<>"""", Q158-TODAY(), """")",2026-11-16,"=IF(S158<>"""", S158-TODAY(), """")",marioalegre@google.com,smorenoe@google.com,,,,14 - Sep,Low Priority
"=HYPERLINK(""https://vector.lightning.force.com/lightning/r/Account/0014M00001hot1vQAA/view"", ""EsSalud"")",Tier 1,"=HYPERLINK(""https://vector.lightning.force.com/lightning/r/Workload__c/aBJKf000009ojw6OAA/view"", ""Essalud Gem Enterprise"")",Eduardo LaRosa,Enrique Saldivar Bocangel,"$15,214.00",4.3: Migrated/Implemented,🟢 Ready (3 in Gemini Enterprise · 95%),"=HYPERLINK(""https://vector.lightning.force.com/lightning/r/Opportunity/006Kf00000OQpVHIA1/view"", ""EsSalud - Gemini Enterprise / Workspace cross sell #FSR"")",Waiting for the Implementation,,PS,Streamline PS,Workspace,Lead the Agentic Workplace Transformation (Workspace),Workspace,2026-04-08,"=IF(Q159<>"""", Q159-TODAY(), """")",2026-04-27,"=IF(S159<>"""", S159-TODAY(), """")",elarosa@google.com,enrique.saldivar@google.com,,,,08 - Sep,
"=HYPERLINK(""https://vector.lightning.force.com/lightning/r/Account/0014M00001qLm9bQAC/view"", ""Devintex - SalonLine"")",Tier 2,"=HYPERLINK(""https://vector.lightning.force.com/lightning/r/Workload__c/aBJKf000009e43VOAQ/view"", ""SalonLine - Gemini Enterprise"")",Ana Luiza Gama,Victor Hugo Ferreira,"$57,600.00",0-2: Tech Eval/Solution Dev,🟢 Ready (35 in Gemini Enterprise Agent Platform · 85%),"=HYPERLINK(""https://vector.lightning.force.com/lightning/r/Opportunity/006Kf00000Pil4ZIAR/view"", ""SalonLine - Gemini Enterprise"")",,,Corporate,BR CORP,Build with AI,Gemini Enterprise for Customer Experience (Build with AI),,2026-11-30,"=IF(Q160<>"""", Q160-TODAY(), """")",2026-12-31,"=IF(S160<>"""", S160-TODAY(), """")",anagama@google.com,victor.hugo@google.com,,,,08 - Sep,Low Priority
"=HYPERLINK(""https://vector.lightning.force.com/lightning/r/Account/0014M00001hhkkdQAA/view"", ""CORPORACION EXALMAR S.A."")",Tier 2,"=HYPERLINK(""https://vector.lightning.force.com/lightning/r/Workload__c/aBJKf000009tV2ZOAU/view"", ""Exalmar | Consumo GCP Datalake"")",Arianne Mahuad Escardo,,"$10,000.00",4.3: Migrated/Implemented,🟢 Ready (33 in BigQuery · 90%),"=HYPERLINK(""https://vector.lightning.force.com/lightning/r/Opportunity/006Kf00000OQTCYIA5/view"", ""CORPORACION EXALMAR S.A.Consumo GCP (datalake)"")",Alineamiento con el partner Servinformación - Brenda Carthy- y recibimento de notificación partner advantage para cierre de oportunidad como Won/stage 04 /27/4  Confirmación consumo / Cambio stage 4.2,"=HYPERLINK(""https://vector.lightning.force.com/lightning/r/Expert_Request__c/aAuKf000000PaBBKA0/view"", ""ER-494860"")",Corporate,MCO CORP CCA,Analytics,"Migrate, Modernize, and Build with Data Cloud (Analytics)",Migrate Data Warehouses to BigQuery,2026-05-15,"=IF(Q161<>"""", Q161-TODAY(), """")",2026-06-16,"=IF(S161<>"""", S161-TODAY(), """")",ariannemahuad@google.com,,,,,31 - Jul,
"=HYPERLINK(""https://vector.lightning.force.com/lightning/r/Account/001Kf00000wiPXzIAM/view"", ""AgreeHub"")",Tier 3,"=HYPERLINK(""https://vector.lightning.force.com/lightning/r/Workload__c/aBJKf000009oirZOAQ/view"", ""#Agree #Data #Bootcamp"")",Suzan Soares,Gabrielle Ferreira,"$25,000.00",4.3: Migrated/Implemented,🟢 Ready (33 in BigQuery · 90%),"=HYPERLINK(""https://vector.lightning.force.com/lightning/r/Opportunity/006Kf00000OGjAtIAL/view"", ""DN - Agree - Bootcamp - SoW Dados"")",Atualizado com o Bruno que a data final desse projeto será no final de Agosto,"=HYPERLINK(""https://vector.lightning.force.com/lightning/r/Expert_Request__c/aAuKf000000oT5AKAU/view"", ""ER-496412"")",Brazil,Brazil DN,Analytics,"Migrate, Modernize, and Build with Data Cloud (Analytics)",Migrate Data Warehouses to BigQuery,2026-03-11,"=IF(Q162<>"""", Q162-TODAY(), """")",2026-06-01,"=IF(S162<>"""", S162-TODAY(), """")",suzans@google.com,gabriellefs@google.com,,,,15 - Jul,
"=HYPERLINK(""https://vector.lightning.force.com/lightning/r/Account/0014M00001hM8HgQAK/view"", ""Copa Holdings S.A"")",Tier 1,"=HYPERLINK(""https://vector.lightning.force.com/lightning/r/Workload__c/aBJKf000009e3OFOAY/view"", ""Copa - 500 Gem. Ent. Lic"")",Leonardo Rusinque,,"$150,000.00",3:  Proposal / Negotiation,🟢 Ready (3 in Gemini Enterprise · 80%),"=HYPERLINK(""https://vector.lightning.force.com/lightning/r/Opportunity/006Kf00000OkxEWIAZ/view"", ""Copa - Gemini Enterprise - 500 lic"")",Leonardo: Hacer seguimiento al cliente para ver si hacemos algún workshop,"ER-474573, ER-468608",Corporate,MCO CORP CCA,Build with AI,,,2026-09-10,"=IF(Q163<>"""", Q163-TODAY(), """")",2026-09-30,"=IF(S163<>"""", S163-TODAY(), """")",lrusinque@google.com,,,,,08 - Sep,High risk
"=HYPERLINK(""https://vector.lightning.force.com/lightning/r/Account/0014M00001hSsR1QAK/view"", ""Impulsora Sahuayo"")",Tier 1,"=HYPERLINK(""https://vector.lightning.force.com/lightning/r/Workload__c/aBJKf0000082OM0OAM/view"", ""Sahuayo - Gemini Enterprise | #FY26_AWT_SoftBundle #AWT_playcompete_Servi"")",Eduardo Bello,Yerish Blancarte,"$78,000.00",3:  Proposal / Negotiation,🟢 Ready (3 in Gemini Enterprise · 95%),"=HYPERLINK(""https://vector.lightning.force.com/lightning/r/Opportunity/006Kf00000NzFOEIA3/view"", ""Sahuayo - Gemini Enterprise | #FY26_AWT_SoftBundle #AWT_playcompete_Servi"")",,,Mexico,MX Multi-industry & Monterrey,Build with AI,Lead the Agentic Workplace Transformation (Gemini Enterprise),,2026-10-31,"=IF(Q164<>"""", Q164-TODAY(), """")",2026-10-31,"=IF(S164<>"""", S164-TODAY(), """")",eduardobello@google.com,yerish@google.com,,,,13 - Sep,
"=HYPERLINK(""https://vector.lightning.force.com/lightning/r/Account/001Kf000012jOfqIAE/view"", ""ISDEMU"")",Tier 1,"=HYPERLINK(""https://vector.lightning.force.com/lightning/r/Workload__c/aBJKf000009e3KSOAY/view"", ""ISDEMU - Data Analytics Slots"")",Adri Messih,Carlos Navarro Añez,"$48,000.00",3:  Proposal / Negotiation,🟢 Ready (33 in BigQuery · 90%),"=HYPERLINK(""https://vector.lightning.force.com/lightning/r/Opportunity/006Kf00000OQSVjIAP/view"", ""ISDEMU - Data Analytics"")",TDRs are being approved and PSF under revision,"=HYPERLINK(""https://vector.lightning.force.com/lightning/r/Expert_Request__c/aAuKf000000PKNVKA4/view"", ""ER-458239"")",PS,MEXICO & PECS PS,Analytics,"Migrate, Modernize, and Build with Data Cloud (Analytics)",Migrate Data Warehouses to BigQuery,2026-09-16,"=IF(Q165<>"""", Q165-TODAY(), """")",2026-12-24,"=IF(S165<>"""", S165-TODAY(), """")",adrienmessih@google.com,navarrocarlos@google.com,,,,02 - Sep,
"=HYPERLINK(""https://vector.lightning.force.com/lightning/r/Account/001Kf00000wiPXzIAM/view"", ""AgreeHub"")",Tier 3,"=HYPERLINK(""https://vector.lightning.force.com/lightning/r/Workload__c/aBJKf000009oiUQOAY/view"", ""#Agree #Security #Bootcamp"")",Suzan Soares,Gabrielle Ferreira,"$25,000.00",4.3: Migrated/Implemented,🟢 Ready (15 in Cloud Security · 85%),"=HYPERLINK(""https://vector.lightning.force.com/lightning/r/Opportunity/006Kf00000OGjQcIAL/view"", ""DN - Agree - Bootcamp - SoW Segurança"")",Atualizado com o Bruno que a data final desse projeto será no final de Agosto,,Brazil,Brazil DN,Security,Secure Innovation with Google Cloud,Security Workload,2026-03-11,"=IF(Q166<>"""", Q166-TODAY(), """")",2026-06-01,"=IF(S166<>"""", S166-TODAY(), """")",suzans@google.com,gabriellefs@google.com,,,,15 - Jul,
"=HYPERLINK(""https://vector.lightning.force.com/lightning/r/Account/0014M00001hjFUwQAM/view"", ""ESTRATEGIAS MOVILES S A S"")",Tier 2,"=HYPERLINK(""https://vector.lightning.force.com/lightning/r/Workload__c/aBJKf000009oiOmOAI/view"", ""Gemini Enterprise"")",Santiago Guerrero,,"$27,540.00",4.3: Migrated/Implemented,🟢 Ready (3 in Gemini Enterprise · 95%),"=HYPERLINK(""https://vector.lightning.force.com/lightning/r/Opportunity/006Kf00000OF8F8IAL/view"", ""ESTRATEGIAS MOVILES S A S (ALDEAMO) - LICENCIAS GEMINI ENTERPRISE (#AWT_playcompete_Servi)"")",,,Corporate,MCO CORP NORTE,Build with AI,Lead the Agentic Workplace Transformation (Gemini Enterprise),Gemini Enterprise,2026-03-16,"=IF(Q167<>"""", Q167-TODAY(), """")",2026-04-01,"=IF(S167<>"""", S167-TODAY(), """")",sguerreroe@google.com,,,,,15 - May,
"=HYPERLINK(""https://vector.lightning.force.com/lightning/r/Account/0014M00001lSboRQAS/view"", ""Willax Television"")",Tier 2,"=HYPERLINK(""https://vector.lightning.force.com/lightning/r/Workload__c/aBJKf000009tTWNOA2/view"", ""Willax Wong | OC1 Gemini Enterprise - 20 Licencias GE"")",Arianne Mahuad Escardo,,"$4,590.00",4.2: Ramping / Deliver,🟢 Ready (3 in Gemini Enterprise · 95%),"=HYPERLINK(""https://vector.lightning.force.com/lightning/r/Opportunity/006Kf00000NSblsIAD/view"", ""Willax Wong | OC1 Gemini Enterprise - 20 Licencias GE"")",Sesión de seguimiento el 10/08,"=HYPERLINK(""https://vector.lightning.force.com/lightning/r/Expert_Request__c/aAuKf000000oXImKAM/view"", ""ER-516597"")",Corporate,MCO CORP CCA,Build with AI,Lead the Agentic Workplace Transformation (Gemini Enterprise),Gemini Enterprise,2026-08-12,"=IF(Q168<>"""", Q168-TODAY(), """")",2026-09-30,"=IF(S168<>"""", S168-TODAY(), """")",ariannemahuad@google.com,,,,,12 - Aug,Validate Commit
"=HYPERLINK(""https://vector.lightning.force.com/lightning/r/Account/0014M00002L0oHmQAJ/view"", ""Grupo Empresarial Angeles, S.A. de C.V."")",Tier 1,"=HYPERLINK(""https://vector.lightning.force.com/lightning/r/Workload__c/aBJKf000009tTQyOAM/view"", ""Angeles SAP DRP"")",Daniela Oseguera,,"$450,000.00",0-2: Tech Eval/Solution Dev,🟢 Ready (19 in GKE · 80%),"=HYPERLINK(""https://vector.lightning.force.com/lightning/r/Opportunity/006Kf00000NS5Y9IAL/view"", ""Angeles SAP DRP"")",,,Mexico,MX Multi-industry & Monterrey,Migrate Modernize and Build,"Migrate, Modernize and Build",Linux,2026-06-01,"=IF(Q169<>"""", Q169-TODAY(), """")",2026-09-25,"=IF(S169<>"""", S169-TODAY(), """")",danyoseguera@google.com,,,,,22 - Apr,
"=HYPERLINK(""https://vector.lightning.force.com/lightning/r/Account/0014M00001hXuNGQA0/view"", ""Grupo Empresarial Angeles, S.A. de C.V."")",Tier 1,"=HYPERLINK(""https://vector.lightning.force.com/lightning/r/Workload__c/aBJKf000009tTQtOAM/view"", ""Angeles Infra HW"")",Daniela Oseguera,,"$200,000.00",0-2: Tech Eval/Solution Dev,🟢 Ready (19 in GKE · 80%),"=HYPERLINK(""https://vector.lightning.force.com/lightning/r/Opportunity/006Kf00000KPFAKIA5/view"", ""Hospital Angeles Health System Infra"")",,,Mexico,MX Multi-industry & Monterrey,Migrate Modernize and Build,"Migrate, Modernize and Build",Linux,2026-10-12,"=IF(Q170<>"""", Q170-TODAY(), """")",2026-11-27,"=IF(S170<>"""", S170-TODAY(), """")",danyoseguera@google.com,,,,,22 - Apr,
"=HYPERLINK(""https://vector.lightning.force.com/lightning/r/Account/0014M00001jPwe1QAC/view"", ""Grupo Diagnóstico Médico Proa, S.A. de C.V."")",Tier 1,"=HYPERLINK(""https://vector.lightning.force.com/lightning/r/Workload__c/aBJKf000009tTQeOAM/view"", ""Proa Geomarketing & vertex search"")",Daniela Oseguera,Paulina González,"$60,000.00",4.1: Pre Ramp / Mobilize,🟢 Ready (11 in AI Applications · 85%),"=HYPERLINK(""https://vector.lightning.force.com/lightning/r/Opportunity/006Kf00000NCuYTIA1/view"", ""Proa ecommerce & web"")",Meet with the customer to discuss new architecture,,Mexico,MX Multi-industry & Monterrey,Build with AI,Scale AI Apps and Agents,Drive Business Impact with Agents,2026-10-15,"=IF(Q171<>"""", Q171-TODAY(), """")",2026-12-15,"=IF(S171<>"""", S171-TODAY(), """")",danyoseguera@google.com,paulinagr@google.com,,,,04 - Sep,
"=HYPERLINK(""https://vector.lightning.force.com/lightning/r/Account/0014M00001hn3P2QAI/view"", ""Grupo Harari"")",Tier 1,"=HYPERLINK(""https://vector.lightning.force.com/lightning/r/Workload__c/aBJKf000009ohluOAA/view"", ""TAC - GE 100 Lic - Servinformacion"")",Daniel Cornejo,Anita Quevedo,"$25,000.00",0-2: Tech Eval/Solution Dev,🟢 Ready (3 in Gemini Enterprise · 95%),"=HYPERLINK(""https://vector.lightning.force.com/lightning/r/Opportunity/006Kf00000KZQEyIAP/view"", ""TAC - GE 100 Lic - Servinformacion"")","Se tuvo reunion con el cliente para overview de GE, ahorita estamos esperando que terminen unas configuraciones internas , para poder presentar propuesta de compra.",,Corporate,MCO CORP CCA,Build with AI,Lead the Agentic Workplace Transformation (Gemini Enterprise),Gemini Enterprise,2026-10-15,"=IF(Q172<>"""", Q172-TODAY(), """")",2026-11-19,"=IF(S172<>"""", S172-TODAY(), """")",dcornejo@google.com,anitaquevedo@google.com,,,,26 - Aug,Low Priority
"=HYPERLINK(""https://vector.lightning.force.com/lightning/r/Account/0014M00002RQaK3QAL/view"", ""STATTUS4 CIDADES INTELIGENTES E SUSTENTABILIDADE LTDA"")",Tier 3,"=HYPERLINK(""https://vector.lightning.force.com/lightning/r/Workload__c/aBJKf0000082MhVOAU/view"", ""Migration"")",Henrique Pascon,Natanael Tavares,"$93,475.44",4.3: Migrated/Implemented,🟢 Ready (11 in AI Applications · 85%),"=HYPERLINK(""https://vector.lightning.force.com/lightning/r/Opportunity/006Kf00000NwGpeIAF/view"", ""Stattus4"")",,,Brazil,Brazil DN,Build with AI,Scale AI Apps and Agents,Drive Business Impact with Agents,2026-03-05,"=IF(Q173<>"""", Q173-TODAY(), """")",2026-05-29,"=IF(S173<>"""", S173-TODAY(), """")",hpascon@google.com,tnatan@google.com,,,,05 - Jan,
"=HYPERLINK(""https://vector.lightning.force.com/lightning/r/Account/0014M00001h3lWyQAI/view"", ""TELECOM ARGENTINA S.A."")",Tier 1,"=HYPERLINK(""https://vector.lightning.force.com/lightning/r/Workload__c/aBJKf000009dzgPOAQ/view"", ""Teco - Digital Twin x Datacenter"")",Agustin Passetti,Javier Barthe,"$50,000.00",3:  Proposal / Negotiation,🔴 Capacity Gap (0 in Spanner · 95%),"=HYPERLINK(""https://vector.lightning.force.com/lightning/r/Opportunity/006Kf00000OFQNIIA5/view"", ""Teco - Digital Twin x Datacenter"")",En compras frenado por un tema de competencia de partners.,,MCO,Argentina,Migrate and Modernize Databases,"Migrate, Modernize, and Build with Data Cloud (Databases)",Multi-Modal Activation (Spanner),2026-11-19,"=IF(Q174<>"""", Q174-TODAY(), """")",2027-03-25,"=IF(S174<>"""", S174-TODAY(), """")",apassetti@google.com,javierbarthe@google.com,,,,08 - Sep,
"=HYPERLINK(""https://vector.lightning.force.com/lightning/r/Account/001Kf00000wj8vfIAA/view"", ""umgrauemeio"")",Tier 3,"=HYPERLINK(""https://vector.lightning.force.com/lightning/r/Workload__c/aBJKf000009tQr3OAE/view"", ""Umgrauemeio #AWSMigration #Q12026"")",Vito Colognori Ialongo,Tainara Santos,"$100,000.00",4.3: Migrated/Implemented,🟢 Ready (19 in GKE · 80%),"=HYPERLINK(""https://vector.lightning.force.com/lightning/r/Opportunity/006Kf00000Lj9bLIAR/view"", ""Umgrauemeio #AWSMigration #Q4"")",,,Brazil,Brazil DN,Migrate Modernize and Build,"Migrate, Modernize and Build",Not a Solution,2026-03-17,"=IF(Q175<>"""", Q175-TODAY(), """")",2026-04-15,"=IF(S175<>"""", S175-TODAY(), """")",vitoialongo@google.com,tainaraalmeida@google.com,,,,21 - Apr,
"=HYPERLINK(""https://vector.lightning.force.com/lightning/r/Account/0014M00001hjFSzQAM/view"", ""CREZCAMOS S A"")",Tier 2,"=HYPERLINK(""https://vector.lightning.force.com/lightning/r/Workload__c/aBJKf000006AElWOAW/view"", ""Migración Bases de Datos Crezcamos"")",Santiago Guerrero,Roberto Bustos,"$60,000.00",4.3: Migrated/Implemented,🔴 Capacity Gap (0 in AlloyDB · 95%),"=HYPERLINK(""https://vector.lightning.force.com/lightning/r/Opportunity/006Kf00000NPOWfIAP/view"", ""CREZCAMOS S.A. - MIGRACION BASES DE DATOS"")",,,Corporate,MCO CORP NORTE,Migrate and Modernize Databases,"Migrate, Modernize, and Build with Data Cloud (Databases)","Move to Managed Databases (Homogeneous - Cloud SQL, AlloyDB, Firestore)",2026-02-09,"=IF(Q176<>"""", Q176-TODAY(), """")",2026-03-16,"=IF(S176<>"""", S176-TODAY(), """")",sguerreroe@google.com,robertobustos@google.com,,,,14 - Jul,
"=HYPERLINK(""https://vector.lightning.force.com/lightning/r/Account/0014M00001htuRKQAY/view"", ""Canal 13 SpA"")",Tier 2,"=HYPERLINK(""https://vector.lightning.force.com/lightning/r/Workload__c/aBJKf0000082LeVOAU/view"", ""WL-Agente de Noticias - Servinformacion"")",Mario Alegre,,"$20,000.00",4.2: Ramping / Deliver,🟢 Ready (35 in Gemini Enterprise Agent Platform · 85%),"=HYPERLINK(""https://vector.lightning.force.com/lightning/r/Opportunity/006Kf00000NMZt3IAH/view"", ""#M25-Canal 13 T13+ CHILE AGENTE VOZ"")",,,Corporate,MCO CORP SUR,Build with AI,Gemini Enterprise for Customer Experience (Build with AI),AI Search & Specialized AI,2026-01-08,"=IF(Q177<>"""", Q177-TODAY(), """")",2026-04-30,"=IF(S177<>"""", S177-TODAY(), """")",marioalegre@google.com,,,,,17 - Aug,Validate Commit
"=HYPERLINK(""https://vector.lightning.force.com/lightning/r/Account/0014M00001hT2yMQAS/view"", ""Alcaldía de Medellín"")",Tier 1,"=HYPERLINK(""https://vector.lightning.force.com/lightning/r/Workload__c/aBJKf0000082LSeOAM/view"", ""WL_Medellin_DATA_Arquitectura"")",Santiago Moreno,Daniel Muñoz Jimenez,"$60,000.00",3:  Proposal / Negotiation,🟢 Ready (33 in BigQuery · 90%),"=HYPERLINK(""https://vector.lightning.force.com/lightning/r/Opportunity/006Kf00000N5XRZIA3/view"", ""AlcaldiaMedellin_IntegralTI_Fase2_Ciud360"")","Architecutre, sizing and pricing presented to customer with their acceptance",,PS,MCO PS,Analytics,"Migrate, Modernize, and Build with Data Cloud (Analytics)",Multi-Modal Data Processing & Multi-Cloud (Biglake),2026-12-04,"=IF(Q178<>"""", Q178-TODAY(), """")",2027-02-02,"=IF(S178<>"""", S178-TODAY(), """")",smorenor@google.com,danielmunozj@google.com,,,,08 - Sep,
"=HYPERLINK(""https://vector.lightning.force.com/lightning/r/Account/0014M00001hT2yMQAS/view"", ""Alcaldía de Medellín"")",Tier 1,"=HYPERLINK(""https://vector.lightning.force.com/lightning/r/Workload__c/aBJKf0000082LSZOA2/view"", ""WL_Medellin_IA_Arquitectura"")",Santiago Moreno,,"$60,000.00",0-2: Tech Eval/Solution Dev,🟢 Ready (11 in AI Applications · 85%),"=HYPERLINK(""https://vector.lightning.force.com/lightning/r/Opportunity/006Kf00000N5XRZIA3/view"", ""AlcaldiaMedellin_IntegralTI_Fase2_Ciud360"")",,,PS,MCO PS,Build with AI,Scale AI Apps and Agents,Partner Packaged AI Solutions,2026-12-04,"=IF(Q179<>"""", Q179-TODAY(), """")",2027-03-02,"=IF(S179<>"""", S179-TODAY(), """")",smorenor@google.com,,,,,08 - Sep,
"=HYPERLINK(""https://vector.lightning.force.com/lightning/r/Account/0014M00001hXeyOQAS/view"", ""GRUPO ZOOM LTDA"")",Tier 2,"=HYPERLINK(""https://vector.lightning.force.com/lightning/r/Workload__c/aBJKf000009dwq4OAA/view"", ""agentes_zoom"")",Andrea Forero,Anita Quevedo,"$76,764.00",4.3: Migrated/Implemented,🟢 Ready (35 in Gemini Enterprise Agent Platform · 85%),"=HYPERLINK(""https://vector.lightning.force.com/lightning/r/Opportunity/006Kf00000MvImfIAF/view"", ""IA - Grupo Zoom"")",,"=HYPERLINK(""https://vector.lightning.force.com/lightning/r/Expert_Request__c/aAuKf000000PGf1KAG/view"", ""ER-449754"")",Corporate,MCO CORP NORTE,Build with AI,Gemini Enterprise for Customer Experience (Build with AI),AI Search & Specialized AI,2026-04-15,"=IF(Q180<>"""", Q180-TODAY(), """")",2026-06-30,"=IF(S180<>"""", S180-TODAY(), """")",aforeroc@google.com,anitaquevedo@google.com,,,,06 - Jul,
"=HYPERLINK(""https://vector.lightning.force.com/lightning/r/Account/0014M00001hqbjbQAA/view"", ""Corporacion Andina de Fomento"")",Tier 2,"=HYPERLINK(""https://vector.lightning.force.com/lightning/r/Workload__c/aBJKf000009tOhQOAU/view"", ""CAF Agentspace"")",Diana Cuevas Jurney,,"$64,800.00",4.1: Pre Ramp / Mobilize,🟢 Ready (3 in Gemini Enterprise · 95%),"=HYPERLINK(""https://vector.lightning.force.com/lightning/r/Opportunity/006Kf00000JeeGCIAZ/view"", ""CAF #AgentSpace"")",,,Corporate,MCO CORP CCA,Build with AI,Lead the Agentic Workplace Transformation (Gemini Enterprise),Gemini Enterprise,2026-08-28,"=IF(Q181<>"""", Q181-TODAY(), """")",2026-09-30,"=IF(S181<>"""", S181-TODAY(), """")",dianacuevasj@google.com,,,,,04 - Sep,Validate Commit
"=HYPERLINK(""https://vector.lightning.force.com/lightning/r/Account/0014M00001hn3P2QAI/view"", ""Grupo Harari"")",Tier 1,"=HYPERLINK(""https://vector.lightning.force.com/lightning/r/Workload__c/aBJKf000006AE4SOAW/view"", ""TAC Consolidado (Cortex y AGAC)"")",Daniel Cornejo,Salvador Arllentar,"$72,000.00",4.3: Migrated/Implemented,🟢 Ready (33 in BigQuery · 90%),"=HYPERLINK(""https://vector.lightning.force.com/lightning/r/Opportunity/006Kf00000KqxlQIAR/view"", ""TAC Proyecto Consolidado (Backup - x86 - AGAC - AD)"")",,"=HYPERLINK(""https://vector.lightning.force.com/lightning/r/Expert_Request__c/aAuKf000000HTVoKAO/view"", ""ER-469140"")",Corporate,MCO CORP CCA,Analytics,The Agentic Data Cloud,Cortex Framework,2026-02-01,"=IF(Q182<>"""", Q182-TODAY(), """")",2026-09-01,"=IF(S182<>"""", S182-TODAY(), """")",dcornejo@google.com,arllentar@google.com,,,,24 - Aug,
"=HYPERLINK(""https://vector.lightning.force.com/lightning/r/Account/0014M00001hhAb7QAE/view"", ""AEROLINEAS ARGENTINAS SOCIEDAD ANONIMA"")",Tier 1,"=HYPERLINK(""https://vector.lightning.force.com/lightning/r/Workload__c/aBJKf0000082KlzOAE/view"", ""[GECX] Aerolineas Argentinas - #CXAgentStudio - WL"")",Raphael Laxe,Anita Quevedo,"$831,224.00",0-2: Tech Eval/Solution Dev,🟡 Constrained (1 in GECX - CX Agent Studio · 90%),"=HYPERLINK(""https://vector.lightning.force.com/lightning/r/Opportunity/006Kf00000N5SI6IAN/view"", ""[GECX] Aerolineas Argentinas -  #CXIQA & #CXAgentStudio -"")",09/10/26(RL) Still waiting for the RFP.,"ER-457803, ER-456100, ER-459436, ER-457805",Corporate,MCO CORP SUR,Customer Engagement,Gemini Enterprise for Customer Experience (Customer Engagement),Customer Experience Agent Studio,2026-11-16,"=IF(Q183<>"""", Q183-TODAY(), """")",2026-11-29,"=IF(S183<>"""", S183-TODAY(), """")",rlaxe@google.com,anitaquevedo@google.com,,,,13 - Sep,Low Priority
"=HYPERLINK(""https://vector.lightning.force.com/lightning/r/Account/0014M00001hlvhIQAQ/view"", ""CLUBE FII TECNOLOGIA"")",Tier 3,"=HYPERLINK(""https://vector.lightning.force.com/lightning/r/Workload__c/aBJKf000006ADmJOAW/view"", ""#ClubeFii #Infrastructure migration"")",Nathã Souza,Tainara Santos,"$143,804.64",4.3: Migrated/Implemented,🟢 Ready (19 in GKE · 90%),"=HYPERLINK(""https://vector.lightning.force.com/lightning/r/Opportunity/006Kf00000N4jJeIAJ/view"", ""#ClubeFii #Infrastructure migration"")",,"=HYPERLINK(""https://vector.lightning.force.com/lightning/r/Expert_Request__c/aAuKf000000tvcSKAQ/view"", ""ER-469630"")",Brazil,Brazil DN,Migrate Modernize and Build,"Migrate, Modernize and Build",GKE/CloudRun,2026-03-02,"=IF(Q184<>"""", Q184-TODAY(), """")",2026-03-30,"=IF(S184<>"""", S184-TODAY(), """")",nathas@google.com,tainaraalmeida@google.com,,,,06 - Apr,
"=HYPERLINK(""https://vector.lightning.force.com/lightning/r/Account/0014M00001hSLPIQA4/view"", ""Grupo Cinemex, S.A. de C.V."")",Tier 1,"=HYPERLINK(""https://vector.lightning.force.com/lightning/r/Workload__c/aBJKf0000082KElOAM/view"", ""Looker"")",Eduardo Bello,Paulina González,"$31,920.00",4.3: Migrated/Implemented,🟢 Ready (21 in Looker · 90%),"=HYPERLINK(""https://vector.lightning.force.com/lightning/r/Opportunity/006Kf00000NMiJBIA1/view"", ""Cinemex - Flex Datalake & Apigee"")",,,Mexico,MX Multi-industry & Monterrey,Analytics,The Agentic Data Cloud,Cloud BI and Embed Analytics (Looker),2025-12-15,"=IF(Q185<>"""", Q185-TODAY(), """")",2026-03-31,"=IF(S185<>"""", S185-TODAY(), """")",eduardobello@google.com,paulinagr@google.com,,,,30 - Jun,
"=HYPERLINK(""https://vector.lightning.force.com/lightning/r/Account/0014M00001hSLPIQA4/view"", ""Grupo Cinemex, S.A. de C.V."")",Tier 1,"=HYPERLINK(""https://vector.lightning.force.com/lightning/r/Workload__c/aBJKf0000082KEgOAM/view"", ""BigQuery"")",Eduardo Bello,Paulina González,"$18,400.00",4.3: Migrated/Implemented,🟢 Ready (33 in BigQuery · 90%),"=HYPERLINK(""https://vector.lightning.force.com/lightning/r/Opportunity/006Kf00000NMiJBIA1/view"", ""Cinemex - Flex Datalake & Apigee"")",,,Mexico,MX Multi-industry & Monterrey,Analytics,"Migrate, Modernize, and Build with Data Cloud (Analytics)",Migrate Data Warehouses to BigQuery,2025-12-15,"=IF(Q186<>"""", Q186-TODAY(), """")",2026-01-26,"=IF(S186<>"""", S186-TODAY(), """")",eduardobello@google.com,paulinagr@google.com,,,,09 - Sep,
"=HYPERLINK(""https://vector.lightning.force.com/lightning/r/Account/0014M00001hXuNGQA0/view"", ""Grupo Empresarial Angeles, S.A. de C.V."")",Tier 1,"=HYPERLINK(""https://vector.lightning.force.com/lightning/r/Workload__c/aBJKf000009tMyeOAE/view"", ""Angeles Security"")",Daniela Oseguera,,"$80,000.00",3:  Proposal / Negotiation,🟢 Ready (15 in Cloud Security · 85%),,,,Mexico,MX Multi-industry & Monterrey,Security,Security,Security Workload,2026-05-05,"=IF(Q187<>"""", Q187-TODAY(), """")",2026-06-26,"=IF(S187<>"""", S187-TODAY(), """")",danyoseguera@google.com,,,,,22 - Apr,
"=HYPERLINK(""https://vector.lightning.force.com/lightning/r/Account/0014M00001hMYhKQAW/view"", ""Profonanpe"")",Tier 1,"=HYPERLINK(""https://vector.lightning.force.com/lightning/r/Workload__c/aBJKf000009tM5UOAU/view"", ""Profonanpe - Earth Engine - Basic"")",Moacir Quadros,,"$6,000.00",4.3: Migrated/Implemented,🟢 Ready (89 in Compute Engine · 60%),"=HYPERLINK(""https://vector.lightning.force.com/lightning/r/Opportunity/006Kf00000Lj3zQIAR/view"", ""Profonanpe - Earth Engine - Basic"")",MQ 12/05: FUP with partner to check if PST was submitted and processed (TBC),,PS,Scaled PS,Storage,,Not a Solution,2025-12-22,"=IF(Q188<>"""", Q188-TODAY(), """")",2025-12-23,"=IF(S188<>"""", S188-TODAY(), """")",mquadros@google.com,,,,,09 - May,
"=HYPERLINK(""https://vector.lightning.force.com/lightning/r/Account/0014M00002N5qFEQAZ/view"", ""DPOnet"")",Tier 3,"=HYPERLINK(""https://vector.lightning.force.com/lightning/r/Workload__c/aBJKf0000082JTGOA2/view"", ""DPOnet #ChatConversational"")",Suzan Soares,Gabrielle Ferreira,"$25,047.48",4.3: Migrated/Implemented,🟡 Constrained (1 in GECX - CX Agent Studio · 90%),"=HYPERLINK(""https://vector.lightning.force.com/lightning/r/Opportunity/006Kf00000NEIIJIA5/view"", ""DPOnet -#M25"")",,,Brazil,Brazil DN,Customer Engagement,Gemini Enterprise for Customer Experience (Customer Engagement),Customer Experience Agent Studio,2025-12-12,"=IF(Q189<>"""", Q189-TODAY(), """")",2026-01-20,"=IF(S189<>"""", S189-TODAY(), """")",suzans@google.com,gabriellefs@google.com,,,,15 - May,
"=HYPERLINK(""https://vector.lightning.force.com/lightning/r/Account/0014M00001hiRHLQA2/view"", ""COORDINADORA MERCANTIL S A"")",Tier 1,"=HYPERLINK(""https://vector.lightning.force.com/lightning/r/Workload__c/aBJKf000009ofSROAY/view"", ""PD Coordinadora Child Commit"")",Pedro Diaz Moreno,Cristhian Castrillon,"$100,000.00",4.3: Migrated/Implemented,🟢 Ready (19 in GKE · 90%),"=HYPERLINK(""https://vector.lightning.force.com/lightning/r/Opportunity/006Kf00000NFPRkIAP/view"", ""Coordinadora Mercantil #TCV #Child Commit"")",,,MCO,Colombia,Migrate Modernize and Build,"Migrate, Modernize and Build",GKE/CloudRun,2025-12-05,"=IF(Q190<>"""", Q190-TODAY(), """")",2025-12-09,"=IF(S190<>"""", S190-TODAY(), """")",peadiazmo@google.com,ccastrillon@google.com,,,,24 - Mar,
"=HYPERLINK(""https://vector.lightning.force.com/lightning/r/Account/0014M00001hv0psQAA/view"", ""Naos Solucoes Tecnologicas Ltda"")",Tier 3,"=HYPERLINK(""https://vector.lightning.force.com/lightning/r/Workload__c/aBJKf0000082IviOAE/view"", ""#appito #migracao"")",Suzan Soares,Gabrielle Ferreira,"$36,082.56",4.3: Migrated/Implemented,🟢 Ready (19 in GKE · 90%),"=HYPERLINK(""https://vector.lightning.force.com/lightning/r/Opportunity/006Kf00000N4MjtIAF/view"", ""#Appito #migraçao #Servi"")",,,Brazil,Brazil DN,Migrate Modernize and Build,"Migrate, Modernize and Build",GKE/CloudRun,2025-11-14,"=IF(Q191<>"""", Q191-TODAY(), """")",2025-12-19,"=IF(S191<>"""", S191-TODAY(), """")",suzans@google.com,gabriellefs@google.com,,,,24 - Mar,
"=HYPERLINK(""https://vector.lightning.force.com/lightning/r/Account/0014M00001hn3P2QAI/view"", ""Grupo Harari"")",Tier 1,"=HYPERLINK(""https://vector.lightning.force.com/lightning/r/Workload__c/aBJKf0000082IiyOAE/view"", ""Active Directory - AD (12 VMs)"")",Salvador Arllentar,arllentar,"$40,000.00",4.3: Migrated/Implemented,🟢 Ready (19 in GKE · 90%),"=HYPERLINK(""https://vector.lightning.force.com/lightning/r/Opportunity/006Kf00000KqxlQIAR/view"", ""TAC Proyecto Consolidado (Backup - x86 - AGAC - AD)"")",,"=HYPERLINK(""https://vector.lightning.force.com/lightning/r/Expert_Request__c/aAuKf000000tlTtKAI/view"", ""ER-444948"")",Corporate,MCO CORP CCA,Migrate Modernize and Build,"Migrate, Modernize and Build",GKE/CloudRun,2026-04-01,"=IF(Q192<>"""", Q192-TODAY(), """")",2026-05-31,"=IF(S192<>"""", S192-TODAY(), """")",arllentar@google.com,arllentar@google.com,,,,20 - Jul,
"=HYPERLINK(""https://vector.lightning.force.com/lightning/r/Account/0014M00001hn3P2QAI/view"", ""Grupo Harari"")",Tier 1,"=HYPERLINK(""https://vector.lightning.force.com/lightning/r/Workload__c/aBJKf0000082Ij3OAE/view"", ""VMs - Concilia"")",Daniel Cornejo,arllentar,"$18,000.00",4.3: Migrated/Implemented,🟢 Ready (19 in GKE · 90%),"=HYPERLINK(""https://vector.lightning.force.com/lightning/r/Opportunity/006Kf00000KqxlQIAR/view"", ""TAC Proyecto Consolidado (Backup - x86 - AGAC - AD)"")",,"=HYPERLINK(""https://vector.lightning.force.com/lightning/r/Expert_Request__c/aAuKf000000tlTyKAI/view"", ""ER-444949"")",Corporate,MCO CORP CCA,Migrate Modernize and Build,"Migrate, Modernize and Build",GKE/CloudRun,2025-11-10,"=IF(Q193<>"""", Q193-TODAY(), """")",2025-12-08,"=IF(S193<>"""", S193-TODAY(), """")",dcornejo@google.com,arllentar@google.com,,,,24 - Mar,
"=HYPERLINK(""https://vector.lightning.force.com/lightning/r/Account/0014M00001hlaVZQAY/view"", ""Compania Azucarera Salvadorena SA de CV"")",Tier 2,"=HYPERLINK(""https://vector.lightning.force.com/lightning/r/Workload__c/aBJKf000006Me1aOAC/view"", ""Grupo CASSA - Cortex"")",Daniel Cornejo,Anita Quevedo,"$60,000.00",4.1: Pre Ramp / Mobilize,🟢 Ready (33 in BigQuery · 90%),"=HYPERLINK(""https://vector.lightning.force.com/lightning/r/Opportunity/006Kf00000MvW9hIAF/view"", ""Grupo CASSA - SAP Hana / Cortex"")",previsón cambio stage final del año,"ER-444263, ER-435473, ER-434244, ER-434243",Corporate,MCO CORP CCA,Analytics,"Migrate, Modernize, and Build with Data Cloud (Analytics)",Migrate Data Warehouses to BigQuery,2026-12-10,"=IF(Q194<>"""", Q194-TODAY(), """")",2026-12-31,"=IF(S194<>"""", S194-TODAY(), """")",dcornejo@google.com,anitaquevedo@google.com,,,,02 - Oct,Pull-in
"=HYPERLINK(""https://vector.lightning.force.com/lightning/r/Account/0014M00001jPwe1QAC/view"", ""Grupo Diagnóstico Médico Proa, S.A. de C.V."")",Tier 1,"=HYPERLINK(""https://vector.lightning.force.com/lightning/r/Workload__c/aBJKf0000082I4oOAE/view"", ""[GECX] -CHOPO- [Voice Agent]"")",Raphael Laxe,,"$285,000.00",4.1: Pre Ramp / Mobilize,🟡 Constrained (1 in GECX - CX Agent Studio · 90%),"=HYPERLINK(""https://vector.lightning.force.com/lightning/r/Opportunity/006Kf00000LjGYsIAN/view"", ""Chopo - GECX - #Conversational Agentes | [Voice Agent] #NextGenCA"")",09/13/26(RL)The customer requested an evaluation of the document on 09/14.,"=HYPERLINK(""https://vector.lightning.force.com/lightning/r/Expert_Request__c/aAuKf000000TXlOKAW/view"", ""ER-493075"")",Mexico,MX Multi-industry & Monterrey,Customer Engagement,Gemini Enterprise for Customer Experience (Customer Engagement),Customer Experience Agent Studio,2026-06-22,"=IF(Q195<>"""", Q195-TODAY(), """")",2026-10-30,"=IF(S195<>"""", S195-TODAY(), """")",rlaxe@google.com,,,,,13 - Sep,
"=HYPERLINK(""https://vector.lightning.force.com/lightning/r/Account/0014M00001hrYOGQA2/view"", ""Banco de Guayaquil S.A."")",Tier 1,"=HYPERLINK(""https://vector.lightning.force.com/lightning/r/Workload__c/aBJKf000006MdRXOA0/view"", ""Banco de Guayaquil S.A. - Data Analytics"")",Oscar Rodriguez,,"$60,000.00",4.3: Migrated/Implemented,🟢 Ready (33 in BigQuery · 90%),"=HYPERLINK(""https://vector.lightning.force.com/lightning/r/Opportunity/006Kf00000MLnlaIAD/view"", ""#M25 Banco de Guayaquil S.A. - Data Analytics"")",,,MCO,EM (PE/EC),Analytics,"Migrate, Modernize, and Build with Data Cloud (Analytics)",Migrate Data Warehouses to BigQuery,2026-03-31,"=IF(Q196<>"""", Q196-TODAY(), """")",2026-04-03,"=IF(S196<>"""", S196-TODAY(), """")",gooscar@google.com,,,,,22 - May,
"=HYPERLINK(""https://vector.lightning.force.com/lightning/r/Account/0014M00001hdUxXQAU/view"", ""ASOCIACION DE MUNICIPIOS DE LA SUBREGION CIENAGA GRANDE DE SANTA MARTA"")",Tier 1,"=HYPERLINK(""https://vector.lightning.force.com/lightning/r/Workload__c/aBJKf000006MdI1OAK/view"", ""Asocienaga - GCP"")",Paulo De Oliveira,,"$28,000.00",4.3: Migrated/Implemented,🔴 Capacity Gap (0 in Oracle · 90%),"=HYPERLINK(""https://vector.lightning.force.com/lightning/r/Opportunity/006Kf00000Ki4r1IAB/view"", ""Asocienaga - GCP #PSM-Led"")",,,PS,Streamline PS,,,,2025-02-01,"=IF(Q197<>"""", Q197-TODAY(), """")",2025-05-24,"=IF(S197<>"""", S197-TODAY(), """")",paulodof@google.com,,,,,24 - Mar,
"=HYPERLINK(""https://vector.lightning.force.com/lightning/r/Account/0014M00002QUMZQQA5/view"", ""beecrowd"")",Tier 3,"=HYPERLINK(""https://vector.lightning.force.com/lightning/r/Workload__c/aBJKf0000082HpjOAE/view"", ""Beecrowd - Migração"")",Suzan Soares,Gabrielle Ferreira,"$93,475.54",4.3: Migrated/Implemented,🟢 Ready (19 in GKE · 90%),"=HYPERLINK(""https://vector.lightning.force.com/lightning/r/Opportunity/006Kf00000ML6BaIAL/view"", ""Beecrowd - DN - GCP - Migration"")",,,Brazil,Brazil DN,Migrate Modernize and Build,"Migrate, Modernize and Build",GKE/CloudRun,2025-10-18,"=IF(Q198<>"""", Q198-TODAY(), """")",2025-11-17,"=IF(S198<>"""", S198-TODAY(), """")",suzans@google.com,gabriellefs@google.com,,,,24 - Mar,
"=HYPERLINK(""https://vector.lightning.force.com/lightning/r/Account/0014M00001hvGzsQAE/view"", ""MAGNITRACKING SA DE CV"")",Tier 2,"=HYPERLINK(""https://vector.lightning.force.com/lightning/r/Workload__c/aBJKf0000082HP2OAM/view"", ""#Magnitracking #DA #2026"")",Claudia Obregón,,"$100,000.00",3:  Proposal / Negotiation,🟢 Ready (33 in BigQuery · 90%),"=HYPERLINK(""https://vector.lightning.force.com/lightning/r/Opportunity/006Kf00000JNAptIAH/view"", ""Magnitracking - GCP Infra - GCP"")",,,Mexico,MX DN,Analytics,The Agentic Data Cloud,Data Sharing & Monetization,2026-09-18,"=IF(Q199<>"""", Q199-TODAY(), """")",2026-09-29,"=IF(S199<>"""", S199-TODAY(), """")",clauobregon@google.com,,,,,09 - Sep,
"=HYPERLINK(""https://vector.lightning.force.com/lightning/r/Account/001Kf00001BE4c0IAD/view"", ""Dirección de Ordenamiento Territorial y Construcción"")",Tier 1,"=HYPERLINK(""https://vector.lightning.force.com/lightning/r/Workload__c/aBJKf000009tGB1OAM/view"", ""DOT EDW"")",Alberto Alcala,Carlos Navarro Añez,"$43,800.00",4.3: Migrated/Implemented,🟢 Ready (33 in BigQuery · 90%),"=HYPERLINK(""https://vector.lightning.force.com/lightning/r/Opportunity/006Kf00000Mhpc4IAB/view"", ""DOT EDW"")",,,PS,MEXICO & PECS PS,Analytics,"Migrate, Modernize, and Build with Data Cloud (Analytics)",Migrate Data Warehouses to BigQuery,2025-09-01,"=IF(Q200<>"""", Q200-TODAY(), """")",2025-09-02,"=IF(S200<>"""", S200-TODAY(), """")",albertoalcala@google.com,navarrocarlos@google.com,,,,22 - May,
"=HYPERLINK(""https://vector.lightning.force.com/lightning/r/Account/0014M00001ipp7JQAQ/view"", ""Godo Parsa Sapi de Cv"")",Tier 2,"=HYPERLINK(""https://vector.lightning.force.com/lightning/r/Workload__c/aBJKf0000082H5WOAU/view"", ""99Min - AgentSpace"")",Luis Cabrera,,"$181,000.00",4.3: Migrated/Implemented,🟢 Ready (35 in Gemini Enterprise Agent Platform · 85%),"=HYPERLINK(""https://vector.lightning.force.com/lightning/r/Opportunity/006Kf00000LyrbeIAB/view"", ""99minutos - Vertex AI Search - #Agentspace [B]"")",,,Mexico,MX DN,Build with AI,,,2025-09-30,"=IF(Q201<>"""", Q201-TODAY(), """")",2025-10-31,"=IF(S201<>"""", S201-TODAY(), """")",lcabrer@google.com,,,,,24 - Mar,
"=HYPERLINK(""https://vector.lightning.force.com/lightning/r/Account/0014M00001hXE7yQAG/view"", ""CAMARA DE COMERCIO DE BOGOTA"")",Tier 2,"=HYPERLINK(""https://vector.lightning.force.com/lightning/r/Workload__c/aBJKf000009tFgAOAU/view"", ""CCB SICO y SIMASC"")",Andrea Forero,juankruiz,"$60,000.00",3:  Proposal / Negotiation,🟢 Ready (4 in Cloud SQL · 75%),"=HYPERLINK(""https://vector.lightning.force.com/lightning/r/Opportunity/006Kf00000M64WwIAJ/view"", ""CCB_ SICO y SIMASC"")","Propuesta econmomica preliminar enviada, ajustando detalles de arquitectura con partner y cliente para planear deployment","=HYPERLINK(""https://vector.lightning.force.com/lightning/r/Expert_Request__c/aAuKf000000tZCbKAM/view"", ""ER-416060"")",Corporate,MCO CORP NORTE,Migrate Modernize and Build,"Migrate, Modernize and Build",GKE/CloudRun,2026-09-01,"=IF(Q202<>"""", Q202-TODAY(), """")",2026-09-28,"=IF(S202<>"""", S202-TODAY(), """")",aforeroc@google.com,juankruiz@google.com,,,,08 - Sep,High risk
"=HYPERLINK(""https://vector.lightning.force.com/lightning/r/Account/0014M00002QCFXtQAP/view"", ""Superintendencia de Regulacion Sanitaria (SRS)"")",Tier 1,"=HYPERLINK(""https://vector.lightning.force.com/lightning/r/Workload__c/aBJKf000009tEy9OAE/view"", ""SRS EDW"")",Alberto Alcala,Carlos Navarro Añez,"$43,800.00",4.3: Migrated/Implemented,🟢 Ready (33 in BigQuery · 90%),"=HYPERLINK(""https://vector.lightning.force.com/lightning/r/Opportunity/006Kf00000Mfe7xIAB/view"", ""SRS EDW"")",,,PS,MEXICO & PECS PS,Analytics,"Migrate, Modernize, and Build with Data Cloud (Analytics)",Migrate Data Warehouses to BigQuery,2025-04-01,"=IF(Q203<>"""", Q203-TODAY(), """")",2025-09-30,"=IF(S203<>"""", S203-TODAY(), """")",albertoalcala@google.com,navarrocarlos@google.com,,,,22 - May,
"=HYPERLINK(""https://vector.lightning.force.com/lightning/r/Account/0014M00001hlcrVQAQ/view"", ""La Fabril, S.A."")",Tier 2,"=HYPERLINK(""https://vector.lightning.force.com/lightning/r/Workload__c/aBJKf000006McBTOA0/view"", ""La Fabril - Bases de datos"")",Alexandra Rodríguez,Anita Quevedo,"$127,968.79",4.3: Migrated/Implemented,🟢 Ready (4 in Cloud SQL · 90%),"=HYPERLINK(""https://vector.lightning.force.com/lightning/r/Opportunity/006Kf00000LicQzIAJ/view"", ""La Fabril S.A#GCP#Base de Datos#GOLD"")","Hubo errores de pase a produccion, es por eso se retraso una semana despues el pase a produccion, el equipo de producto estuvo ayudando","ER-434165, ER-414561",Corporate,MCO CORP NORTE,Migrate and Modernize Databases,"Migrate, Modernize, and Build with Data Cloud (Databases)","Modernize Legacy Databases (Heterogeneous - SQL Server, Oracle etc.)",2025-11-05,"=IF(Q204<>"""", Q204-TODAY(), """")",2026-03-15,"=IF(S204<>"""", S204-TODAY(), """")",alexarodriguez@google.com,anitaquevedo@google.com,,,,15 - Apr,
"=HYPERLINK(""https://vector.lightning.force.com/lightning/r/Account/0014M00001hlcrVQAQ/view"", ""La Fabril, S.A."")",Tier 2,"=HYPERLINK(""https://vector.lightning.force.com/lightning/r/Workload__c/aBJKf000006Mc9DOAS/view"", ""La fabril - Agentspace -"")",Oscar Rodriguez,Anita Quevedo,"$12,240.00",4.3: Migrated/Implemented,🟢 Ready (35 in Gemini Enterprise Agent Platform · 85%),"=HYPERLINK(""https://vector.lightning.force.com/lightning/r/Opportunity/006Kf00000LicMIIAZ/view"", ""La Fabril S.A#GCP#Agentspace"")",Servi comenta que esta semana estaran juntandose para poder empezar a hacer las configuraciones,"=HYPERLINK(""https://vector.lightning.force.com/lightning/r/Expert_Request__c/aAuKf000000kREDKA2/view"", ""ER-412469"")",Corporate,MCO CORP NORTE,Developer AI Assistance,Developer AI Assistance,Developer AI Assistance,2025-11-04,"=IF(Q205<>"""", Q205-TODAY(), """")",2026-01-30,"=IF(S205<>"""", S205-TODAY(), """")",gooscar@google.com,anitaquevedo@google.com,,,,15 - Apr,
"=HYPERLINK(""https://vector.lightning.force.com/lightning/r/Account/0014M00001juYHsQAM/view"", ""DEPARTAMENTO DEL VALLE DEL CAUCA"")",Tier 1,"=HYPERLINK(""https://vector.lightning.force.com/lightning/r/Workload__c/aBJKf000006Mc77OAC/view"", ""Automatizacion de procesos de tutelas"")",Diana Prieto,,"$228,000.00",4.3: Migrated/Implemented,🟢 Ready (35 in Gemini Enterprise Agent Platform · 85%),"=HYPERLINK(""https://vector.lightning.force.com/lightning/r/Opportunity/006Kf00000LWQMlIAP/view"", ""Salud Valle Automatizacion con IA - GCP #M25"")",,"=HYPERLINK(""https://vector.lightning.force.com/lightning/r/Expert_Request__c/aAuKf000000kR8yKAE/view"", ""ER-412210"")",PS,MCO PS,Build with AI,Gemini Enterprise for Customer Experience (Build with AI),AI Search & Specialized AI,2025-12-05,"=IF(Q206<>"""", Q206-TODAY(), """")",2025-12-05,"=IF(S206<>"""", S206-TODAY(), """")",dprietor@google.com,,,,,24 - Mar,
"=HYPERLINK(""https://vector.lightning.force.com/lightning/r/Account/0014M00001hvHUGQA2/view"", ""Conservas La Costeña, S.A. de C.V."")",Tier 1,"=HYPERLINK(""https://vector.lightning.force.com/lightning/r/Workload__c/aBJKf000006Mc4IOAS/view"", ""Marketing Analytics"")",Eduardo Bello,,"$150,000.00",4.3: Migrated/Implemented,🟢 Ready (33 in BigQuery · 90%),"=HYPERLINK(""https://vector.lightning.force.com/lightning/r/Opportunity/006Kf00000KhnJWIAZ/view"", ""La Costeña - Flex"")",,,Mexico,MX Multi-industry & Monterrey,Analytics,"Migrate, Modernize, and Build with Data Cloud (Analytics)",Migrate Data Warehouses to BigQuery,2025-10-06,"=IF(Q207<>"""", Q207-TODAY(), """")",2026-02-27,"=IF(S207<>"""", S207-TODAY(), """")",eduardobello@google.com,,,,,17 - Sep,
"=HYPERLINK(""https://vector.lightning.force.com/lightning/r/Account/0014M00001hvHUGQA2/view"", ""Conservas La Costeña, S.A. de C.V."")",Tier 1,"=HYPERLINK(""https://vector.lightning.force.com/lightning/r/Workload__c/aBJKf000006Mc4NOAS/view"", ""Sap Inteligente"")",Eduardo Bello,Paulina González,"$50,000.00",4.3: Migrated/Implemented,🟢 Ready (33 in BigQuery · 90%),"=HYPERLINK(""https://vector.lightning.force.com/lightning/r/Opportunity/006Kf00000KhnJWIAZ/view"", ""La Costeña - Flex"")",,,Mexico,MX Multi-industry & Monterrey,Analytics,"Migrate, Modernize, and Build with Data Cloud (Analytics)",Migrate Data Warehouses to BigQuery,2025-10-27,"=IF(Q208<>"""", Q208-TODAY(), """")",2026-03-01,"=IF(S208<>"""", S208-TODAY(), """")",eduardobello@google.com,paulinagr@google.com,,,,22 - May,
"=HYPERLINK(""https://vector.lightning.force.com/lightning/r/Account/001Kf000019zqaGIAQ/view"", ""REVINCULAMOS S A S"")",Tier 2,"=HYPERLINK(""https://vector.lightning.force.com/lightning/r/Workload__c/aBJKf000006MbsHOAS/view"", ""Revinculamos - SCCE"")",Oscar Rodriguez,Carlos Neva Vargas,"$68,160.00",4.3: Migrated/Implemented,🟢 Ready (15 in SCC · 90%),"=HYPERLINK(""https://vector.lightning.force.com/lightning/r/Opportunity/006Kf00000KhkptIAB/view"", ""Revinculamos: SCC"")",,,Corporate,MCO CORP NORTE,Security,Security,Security Workload,2025-09-30,"=IF(Q209<>"""", Q209-TODAY(), """")",2025-10-17,"=IF(S209<>"""", S209-TODAY(), """")",gooscar@google.com,carlosneva@google.com,,,,15 - Apr,
"=HYPERLINK(""https://vector.lightning.force.com/lightning/r/Account/001Kf000019zqaGIAQ/view"", ""REVINCULAMOS S A S"")",Tier 2,"=HYPERLINK(""https://vector.lightning.force.com/lightning/r/Workload__c/aBJKf000006MbsWOAS/view"", ""Revinculamos - Chrome Enterprise Premium"")",Oscar Rodriguez,Carlos Neva Vargas,"$32,640.00",4.3: Migrated/Implemented,🟢 Ready (15 in Cloud Security · 85%),"=HYPERLINK(""https://vector.lightning.force.com/lightning/r/Opportunity/006Kf00000KhkqXIAR/view"", ""Revinculamos: Chrome Enterprice 1100"")",,"=HYPERLINK(""https://vector.lightning.force.com/lightning/r/Expert_Request__c/aAuKf000000kQdWKAU/view"", ""ER-410136"")",Corporate,MCO CORP NORTE,Security,Security,Security Workload,2025-09-22,"=IF(Q210<>"""", Q210-TODAY(), """")",2025-10-28,"=IF(S210<>"""", S210-TODAY(), """")",gooscar@google.com,carlosneva@google.com,,,,11 - Sep,
"=HYPERLINK(""https://vector.lightning.force.com/lightning/r/Account/001Kf000019zqaGIAQ/view"", ""REVINCULAMOS S A S"")",Tier 2,"=HYPERLINK(""https://vector.lightning.force.com/lightning/r/Workload__c/aBJKf000006MbjPOAS/view"", ""[GECX] Revinculamos Agents"")",Santiago Guerrero,Roberto Bustos,"$120,000.00",4.2: Ramping / Deliver,🟢 Ready (35 in Gemini Enterprise Agent Platform · 85%),"=HYPERLINK(""https://vector.lightning.force.com/lightning/r/Opportunity/006Kf00000KhjN0IAJ/view"", ""Revinculamos: Flex"")","SoW aprobado,transicionar a despliegue","ER-430016, ER-430015, ER-411660, ER-430014",Corporate,MCO CORP NORTE,Customer Engagement,Applied AI Portfolio non CES,Applied AI: AAA,2026-02-02,"=IF(Q211<>"""", Q211-TODAY(), """")",2026-12-01,"=IF(S211<>"""", S211-TODAY(), """")",sguerreroe@google.com,robertobustos@google.com,,,,12 - Jun,Pull-in
"=HYPERLINK(""https://vector.lightning.force.com/lightning/r/Account/0014M00001jZO8AQAW/view"", ""Fondo DE Conservacion Vial"")",Tier 1,"=HYPERLINK(""https://vector.lightning.force.com/lightning/r/Workload__c/aBJKf000006MbcxOAC/view"", ""Fovial - Infra migration"")",Adri Messih,Saúl Carranza,"$30,000.00",4.3: Migrated/Implemented,🟢 Ready (19 in GKE · 80%),"=HYPERLINK(""https://vector.lightning.force.com/lightning/r/Opportunity/006Kf00000JA3XsIAL/view"", ""FOVIAL  #OUT #GCP #ELSALVADOR_BOLSON"")",,,PS,MEXICO & PECS PS,Migrate Modernize and Build,,,2025-08-29,"=IF(Q212<>"""", Q212-TODAY(), """")",2025-09-12,"=IF(S212<>"""", S212-TODAY(), """")",adrienmessih@google.com,saulcarranza@google.com,,,,24 - Mar,
"=HYPERLINK(""https://vector.lightning.force.com/lightning/r/Account/0014M00001heOXJQA2/view"", ""Godo Parsa Sapi de Cv"")",Tier 2,"=HYPERLINK(""https://vector.lightning.force.com/lightning/r/Workload__c/aBJKf0000082FyPOAU/view"", ""99Min - Looker"")",Luis Cabrera,,"$36,000.00",4.3: Migrated/Implemented,🟢 Ready (21 in Looker · 90%),"=HYPERLINK(""https://vector.lightning.force.com/lightning/r/Opportunity/006Kf00000LjAxhIAF/view"", ""99 minutos - Looker - commit"")",,,Mexico,MX DN,Migrate Modernize and Build,,,2025-09-30,"=IF(Q213<>"""", Q213-TODAY(), """")",2025-10-31,"=IF(S213<>"""", S213-TODAY(), """")",lcabrer@google.com,,,,,24 - Mar,
"=HYPERLINK(""https://vector.lightning.force.com/lightning/r/Account/0014M00001hreFrQAI/view"", ""DESC CORPORATIVO SA DE CV"")",Tier 1,"=HYPERLINK(""https://vector.lightning.force.com/lightning/r/Workload__c/aBJKf0000082FgzOAE/view"", ""Servinformacion - Tiendas"")",Fernando Irure,,"$125,000.00",4.2: Ramping / Deliver,🟢 Ready (33 in BigQuery · 90%),"=HYPERLINK(""https://vector.lightning.force.com/lightning/r/Opportunity/006Kf00000LXvqXIAT/view"", ""KEKEN - Bot con IA"")",,"=HYPERLINK(""https://vector.lightning.force.com/lightning/r/Expert_Request__c/aAuKf000000PJsIKAW/view"", ""ER-457017"")",Mexico,"MX FSI, Services & WR",Analytics,The Agentic Data Cloud,Data Sharing & Monetization,2026-05-15,"=IF(Q214<>"""", Q214-TODAY(), """")",2026-09-25,"=IF(S214<>"""", S214-TODAY(), """")",irure@google.com,,,,,14 - Sep,
"=HYPERLINK(""https://vector.lightning.force.com/lightning/r/Account/0014M00001hpH4QQAU/view"", ""INSTITUTO AMAZONICO DE INVESTIGACIONES CIENTIFICAS SINCHI"")",Tier 1,"=HYPERLINK(""https://vector.lightning.force.com/lightning/r/Workload__c/aBJKf000009tB7AOAU/view"", ""Crecimiento Infra"")",Juanita Perico Londoño,,"$67,000.00",4.3: Migrated/Implemented,🟢 Ready (19 in GKE · 90%),"=HYPERLINK(""https://vector.lightning.force.com/lightning/r/Opportunity/006Kf00000KhcxVIAR/view"", ""GCP roadmap to cloud #PSM-Led"")",,,PS,Streamline PS,Migrate Modernize and Build,"Migrate, Modernize and Build",GKE/CloudRun,2025-06-09,"=IF(Q215<>"""", Q215-TODAY(), """")",2025-08-01,"=IF(S215<>"""", S215-TODAY(), """")",juanitaperico@google.com,,,,,24 - Mar,
"=HYPERLINK(""https://vector.lightning.force.com/lightning/r/Account/0014M00001tMIMYQA4/view"", ""super99"")",Tier 1,"=HYPERLINK(""https://vector.lightning.force.com/lightning/r/Workload__c/aBJKf0000082FVhOAM/view"", ""S99 - AgentSpace - POC"")",Daniel Cornejo,Anita Quevedo,"$8,000.00",4.3: Migrated/Implemented,🟢 Ready (35 in Gemini Enterprise Agent Platform · 85%),"=HYPERLINK(""https://vector.lightning.force.com/lightning/r/Opportunity/006Kf00000L1tSgIAJ/view"", ""S99 - AgentSpace - Servi #M25"")",,"=HYPERLINK(""https://vector.lightning.force.com/lightning/r/Expert_Request__c/aAuKf000000kS3pKAE/view"", ""ER-416092"")",Corporate,MCO CORP CCA,Developer AI Assistance,Developer AI Assistance,Developer AI Assistance,2025-07-28,"=IF(Q216<>"""", Q216-TODAY(), """")",2025-09-30,"=IF(S216<>"""", S216-TODAY(), """")",dcornejo@google.com,anitaquevedo@google.com,,,,24 - Mar,
"=HYPERLINK(""https://vector.lightning.force.com/lightning/r/Account/0014M00001yeft8QAA/view"", ""Industrial Pesquera Santa Priscila S.A."")",Tier 2,"=HYPERLINK(""https://vector.lightning.force.com/lightning/r/Workload__c/aBJKf000006Maf2OAC/view"", ""Santa Priscila - Renewal Agentspace"")",Oscar Rodriguez,Anita Quevedo,$225.00,4.3: Migrated/Implemented,🟡 Constrained (1 in GECX - CX Agent Studio · 90%),"=HYPERLINK(""https://vector.lightning.force.com/lightning/r/Opportunity/006Kf00000L4L6pIAF/view"", ""Industrial Pesquera Santa Priscila S.A.-Renewal-Vertex AI Spark Linear-2025"")",,,Corporate,MCO CORP NORTE,Customer Engagement,Gemini Enterprise for Customer Experience (Customer Engagement),Customer Experience Agent Studio,2025-07-08,"=IF(Q217<>"""", Q217-TODAY(), """")",2025-07-22,"=IF(S217<>"""", S217-TODAY(), """")",gooscar@google.com,anitaquevedo@google.com,,,,24 - Mar,
"=HYPERLINK(""https://vector.lightning.force.com/lightning/r/Account/0014M00001hXuNGQA0/view"", ""Grupo Empresarial Angeles, S.A. de C.V."")",Tier 1,"=HYPERLINK(""https://vector.lightning.force.com/lightning/r/Workload__c/aBJKf000009oXZyOAM/view"", ""GEA - DAFAST - WL BigQuery"")",Guille Montanari,,"$127,000.00",4.3: Migrated/Implemented,🟢 Ready (33 in BigQuery · 90%),"=HYPERLINK(""https://vector.lightning.force.com/lightning/r/Opportunity/006Kf00000JO0DlIAL/view"", ""Grupo Empresarial Angeles, S.A. de C.V. - GCP Data Analytcis #DAFAST"")",,,Mexico,MX Multi-industry & Monterrey,Analytics,"Migrate, Modernize, and Build with Data Cloud (Analytics)",Migrate Data Warehouses to BigQuery,2025-05-19,"=IF(Q218<>"""", Q218-TODAY(), """")",2025-08-22,"=IF(S218<>"""", S218-TODAY(), """")",gmontanari@google.com,,,,,22 - May,
"=HYPERLINK(""https://vector.lightning.force.com/lightning/r/Account/0014M00001tRnfyQAC/view"", ""Disagro Guatemala"")",Tier 2,"=HYPERLINK(""https://vector.lightning.force.com/lightning/r/Workload__c/aBJKf0000082EyTOAU/view"", ""Disagro - BQ"")",Daniel Cornejo,,"$18,000.00",4.3: Migrated/Implemented,🟢 Ready (33 in BigQuery · 90%),"=HYPERLINK(""https://vector.lightning.force.com/lightning/r/Opportunity/006Kf00000LIR8OIAX/view"", ""Disagro Guatemala - Upsell Bigquery"")",,,Corporate,MCO CORP CCA,Analytics,"Migrate, Modernize, and Build with Data Cloud (Analytics)",Migrate Data Warehouses to BigQuery,2025-11-10,"=IF(Q219<>"""", Q219-TODAY(), """")",2026-05-31,"=IF(S219<>"""", S219-TODAY(), """")",dcornejo@google.com,,,,,22 - May,
"=HYPERLINK(""https://vector.lightning.force.com/lightning/r/Account/0014M00001hXAaKQAW/view"", ""Grupo Inpress"")",Tier 3,"=HYPERLINK(""https://vector.lightning.force.com/lightning/r/Workload__c/aBJKf0000082EtnOAE/view"", ""Grupoinpress. #AWSmigration"")",Suzan Soares,Gabrielle Ferreira,"$60,000.00",4.3: Migrated/Implemented,🟢 Ready (19 in GKE · 90%),"=HYPERLINK(""https://vector.lightning.force.com/lightning/r/Opportunity/006Kf00000M34kcIAB/view"", ""Grupo Inpress - GCP (AWS)"")",,,Brazil,Brazil DN,Migrate Modernize and Build,"Migrate, Modernize and Build",GKE/CloudRun,2025-07-28,"=IF(Q220<>"""", Q220-TODAY(), """")",2026-02-04,"=IF(S220<>"""", S220-TODAY(), """")",suzans@google.com,gabriellefs@google.com,,,,24 - Mar,
"=HYPERLINK(""https://vector.lightning.force.com/lightning/r/Account/0014M00001hf8yJQAQ/view"", ""FARMAENLACE CIA. LTDA."")",Tier 2,"=HYPERLINK(""https://vector.lightning.force.com/lightning/r/Workload__c/aBJKf000006MZldOAG/view"", ""Farmaenlace - Agentspace"")",Oscar Rodriguez,Anita Quevedo,"$10,800.00",4.3: Migrated/Implemented,🟢 Ready (35 in Gemini Enterprise Agent Platform · 85%),"=HYPERLINK(""https://vector.lightning.force.com/lightning/r/Opportunity/006Kf00000LIJIpIAP/view"", ""#M25 - FARMAENLACE CIA. LTDA. - AGENT SPACE 20 Cuentas prueba"")",Partner confirmo licencias activas. Semana del 14 al 18 sync con PE para configuraion de los conectores.,"=HYPERLINK(""https://vector.lightning.force.com/lightning/r/Expert_Request__c/aAuKf000000kN3fKAE/view"", ""ER-394139"")",Corporate,MCO CORP NORTE,Build with AI,"Your Business, Your Models",Agent and Model Platform,2025-10-05,"=IF(Q221<>"""", Q221-TODAY(), """")",2025-10-24,"=IF(S221<>"""", S221-TODAY(), """")",gooscar@google.com,anitaquevedo@google.com,,,,25 - Mar,
"=HYPERLINK(""https://vector.lightning.force.com/lightning/r/Account/0014M00001hOM0WQAW/view"", ""CONEXRED S A"")",Tier 2,"=HYPERLINK(""https://vector.lightning.force.com/lightning/r/Workload__c/aBJKf000006MZijOAG/view"", ""Puntored: Agent Space"")",Santiago Guerrero,JuanK Ruiz,"$25,000.00",4.3: Migrated/Implemented,🟢 Ready (89 in Compute Engine · 60%),"=HYPERLINK(""https://vector.lightning.force.com/lightning/r/Opportunity/006Kf00000KhQhjIAF/view"", ""Puntored: Agent Space"")","Desacoplar sows, intervenir arquitectura y estimaciones	Partner no siguio metodologia de estimación ni calificacion",,Corporate,MCO CORP NORTE,Build with AI,,Not a Solution,2026-04-02,"=IF(Q222<>"""", Q222-TODAY(), """")",2026-05-11,"=IF(S222<>"""", S222-TODAY(), """")",sguerreroe@google.com,juankruiz@google.com,,,,11 - May,
"=HYPERLINK(""https://vector.lightning.force.com/lightning/r/Account/001Kf000014SNBZIA4/view"", ""HIL Holding Colombia"")",Tier 2,"=HYPERLINK(""https://vector.lightning.force.com/lightning/r/Workload__c/aBJKf000006MZEPOA4/view"", ""HIL CCAI 6Users"")",Paulina Garcia,Israel Castillo,"$6,272.00",4.3: Migrated/Implemented,🔴 Capacity Gap (0 in GECX - CCaaS · 90%),"=HYPERLINK(""https://vector.lightning.force.com/lightning/r/Opportunity/006Kf00000LHs8NIAT/view"", ""#M25 - HIL - contact center AI"")",,,Corporate,MCO CORP NORTE,Customer Engagement,Gemini Enterprise for Customer Experience (Customer Engagement),CCaaS,2025-06-26,"=IF(Q223<>"""", Q223-TODAY(), """")",2025-06-27,"=IF(S223<>"""", S223-TODAY(), """")",mpaulina@google.com,israelcastillo@google.com,,,,25 - Mar,
"=HYPERLINK(""https://vector.lightning.force.com/lightning/r/Account/0014M00001hSz3eQAC/view"", ""ADSMOVIL S A S"")",Tier 2,"=HYPERLINK(""https://vector.lightning.force.com/lightning/r/Workload__c/aBJKf000006MZ9FOAW/view"", ""AdsMOvil: Flex"")",Paulina Garcia,Israel Castillo,"$28,000.00",4.3: Migrated/Implemented,🟢 Ready (89 in Compute Engine · 60%),"=HYPERLINK(""https://vector.lightning.force.com/lightning/r/Opportunity/006Kf00000KhM6hIAF/view"", ""Adsmovil: Flex"")",,"=HYPERLINK(""https://vector.lightning.force.com/lightning/r/Expert_Request__c/aAuKf000000kNBoKAM/view"", ""ER-394758"")",Corporate,MCO CORP NORTE,Build with AI,,,2025-08-15,"=IF(Q224<>"""", Q224-TODAY(), """")",2025-08-15,"=IF(S224<>"""", S224-TODAY(), """")",mpaulina@google.com,israelcastillo@google.com,,,,25 - Mar,
"=HYPERLINK(""https://vector.lightning.force.com/lightning/r/Account/0014M00001qKErCQAW/view"", ""Ministerio de Agricultura, Ganaderia, Acuacultura y Pesca"")",Tier 1,"=HYPERLINK(""https://vector.lightning.force.com/lightning/r/Workload__c/aBJKf000009t4LBOAY/view"", ""MAG - SISA Migration"")",Adri Messih,Carlos Navarro Añez,"$150,000.00",4.3: Migrated/Implemented,🟢 Ready (33 in BigQuery · 90%),"=HYPERLINK(""https://vector.lightning.force.com/lightning/r/Opportunity/006Kf00000LHtbQIAT/view"", ""MAG - SISA Data Migration"")",,"=HYPERLINK(""https://vector.lightning.force.com/lightning/r/Expert_Request__c/aAuKf000000tKm5KAE/view"", ""ER-383404"")",PS,MEXICO & PECS PS,Analytics,"Migrate, Modernize, and Build with Data Cloud (Analytics)",Migrate Data Warehouses to BigQuery,2025-06-18,"=IF(Q225<>"""", Q225-TODAY(), """")",2026-01-19,"=IF(S225<>"""", S225-TODAY(), """")",adrienmessih@google.com,navarrocarlos@google.com,,,,22 - May,
"=HYPERLINK(""https://vector.lightning.force.com/lightning/r/Account/0014M00001hn3P2QAI/view"", ""Grupo Harari"")",Tier 1,"=HYPERLINK(""https://vector.lightning.force.com/lightning/r/Workload__c/aBJKf0000082CmGOAU/view"", ""TAC - Servi - Backup"")",Daniel Cornejo,Salvador Arllentar,"$92,000.00",4.3: Migrated/Implemented,🟢 Ready (19 in GKE · 80%),"=HYPERLINK(""https://vector.lightning.force.com/lightning/r/Opportunity/006Kf00000KqxlQIAR/view"", ""TAC Proyecto Consolidado (Backup - x86 - AGAC - AD)"")",,"=HYPERLINK(""https://vector.lightning.force.com/lightning/r/Expert_Request__c/aAuKf0000011J7HKAU/view"", ""ER-424375"")",Corporate,MCO CORP CCA,Migrate Modernize and Build,,Not a Solution,2026-05-25,"=IF(Q226<>"""", Q226-TODAY(), """")",2026-09-30,"=IF(S226<>"""", S226-TODAY(), """")",dcornejo@google.com,arllentar@google.com,,,,08 - Sep,
"=HYPERLINK(""https://vector.lightning.force.com/lightning/r/Account/0014M00001hn3P2QAI/view"", ""Grupo Harari"")",Tier 1,"=HYPERLINK(""https://vector.lightning.force.com/lightning/r/Workload__c/aBJKf0000082CmBOAU/view"", ""TAC - Infra y BD #Q3RevAcc"")",Daniel Cornejo,Salvador Arllentar,"$84,000.00",4.3: Migrated/Implemented,🟢 Ready (19 in GKE · 80%),"=HYPERLINK(""https://vector.lightning.force.com/lightning/r/Opportunity/006Kf00000KqxlQIAR/view"", ""TAC Proyecto Consolidado (Backup - x86 - AGAC - AD)"")",,"ER-385491, ER-438314",Corporate,MCO CORP CCA,Migrate Modernize and Build,,Not a Solution,2025-11-24,"=IF(Q227<>"""", Q227-TODAY(), """")",2026-08-28,"=IF(S227<>"""", S227-TODAY(), """")",dcornejo@google.com,arllentar@google.com,,,,24 - Aug,
"=HYPERLINK(""https://vector.lightning.force.com/lightning/r/Account/0014M00001heFQqQAM/view"", ""CORPORACION EL ROSADO S.A."")",Tier 1,"=HYPERLINK(""https://vector.lightning.force.com/lightning/r/Workload__c/aBJKf0000082Ck5OAE/view"", ""Caso de predicción para abrir tiendas (caso Boticario)"")",Rajhut Fernandez,Julio Arzapalo,"$36,000.00",4.3: Migrated/Implemented,🟢 Ready (89 in Compute Engine · 60%),,,,MCO,EM (PE/EC),Build with AI,,Not a Solution,2025-08-01,"=IF(Q228<>"""", Q228-TODAY(), """")",2025-10-06,"=IF(S228<>"""", S228-TODAY(), """")",rajhutfn@google.com,julioarzapalo@google.com,,,,24 - Mar,
"=HYPERLINK(""https://vector.lightning.force.com/lightning/r/Account/0014M00001tRnfyQAC/view"", ""Disagro Guatemala"")",Tier 2,"=HYPERLINK(""https://vector.lightning.force.com/lightning/r/Workload__c/aBJKf0000082CkyOAE/view"", ""Disagro - Servi - Service Mesh"")",Daniel Cornejo,,"$12,000.00",4.3: Migrated/Implemented,🟢 Ready (33 in BigQuery · 90%),"=HYPERLINK(""https://vector.lightning.force.com/lightning/r/Opportunity/0064M00000bEn96QAC/view"", ""#DISAGRO GUATEMALA #GCP #CONTEINER/KUBERNETES #WINBACK #OUT #MCO"")",,,Corporate,MCO CORP CCA,Analytics,"Migrate, Modernize, and Build with Data Cloud (Analytics)",Migrate Data Warehouses to BigQuery,2026-05-12,"=IF(Q229<>"""", Q229-TODAY(), """")",2026-06-25,"=IF(S229<>"""", S229-TODAY(), """")",dcornejo@google.com,,,,,17 - Aug,
"=HYPERLINK(""https://vector.lightning.force.com/lightning/r/Account/0014M00001x9IzEQAU/view"", ""Energéticos Internacionales"")",Tier 2,"=HYPERLINK(""https://vector.lightning.force.com/lightning/r/Workload__c/aBJKf000009oTblOAE/view"", ""Red Ambiental#GCP#RGoogleMaps"")",Paul Añez,,"$10,000.00",4.3: Migrated/Implemented,🟡 Constrained (1 in Apigee API Management · 90%),"=HYPERLINK(""https://vector.lightning.force.com/lightning/r/Opportunity/006Kf00000Jed2nIAB/view"", ""Red Ambiental#GCP#RGoogleMaps#APIs #RV"")",,,Corporate,MX CORP,Migrate Modernize and Build,,,2025-05-30,"=IF(Q230<>"""", Q230-TODAY(), """")",2025-06-13,"=IF(S230<>"""", S230-TODAY(), """")",bepaul@google.com,,,,,24 - Mar,
"=HYPERLINK(""https://vector.lightning.force.com/lightning/r/Account/0014M000026cX2cQAE/view"", ""Grupo Harari"")",Tier 1,"=HYPERLINK(""https://vector.lightning.force.com/lightning/r/Workload__c/aBJKf0000082ClXOAU/view"", ""TAC - Servi - Redis"")",Daniel Cornejo,,"$6,000.00",4.3: Migrated/Implemented,🔴 Capacity Gap (0 in AlloyDB · 95%),"=HYPERLINK(""https://vector.lightning.force.com/lightning/r/Opportunity/006Kf00000KbIvvIAF/view"", ""Grupo Harari - Servi #M25 - Redis"")",,,Corporate,MCO CORP CCA,Migrate and Modernize Databases,"Migrate, Modernize, and Build with Data Cloud (Databases)","Move to Managed Databases (Homogeneous - Cloud SQL, AlloyDB, Firestore)",2025-07-30,"=IF(Q231<>"""", Q231-TODAY(), """")",2025-09-30,"=IF(S231<>"""", S231-TODAY(), """")",dcornejo@google.com,,,,,22 - May,
"=HYPERLINK(""https://vector.lightning.force.com/lightning/r/Account/0014M00001hQA5iQAG/view"", ""TELEFONICA, SA"")",Tier 3,"=HYPERLINK(""https://vector.lightning.force.com/lightning/r/Workload__c/aBJKf000009oTSAOA2/view"", ""Telefonica BR - Fibrasil PoC"")",Yolanda Azcunaga,,"$400,000.00",0-2: Tech Eval/Solution Dev,🟢 Ready (89 in Compute Engine · 60%),,,,Iberia,Iberia TMES,,,,,"=IF(Q232<>"""", Q232-TODAY(), """")",,"=IF(S232<>"""", S232-TODAY(), """")",azcunaga@google.com,,,,,24 - Mar,
"=HYPERLINK(""https://vector.lightning.force.com/lightning/r/Account/0014M000026cX2cQAE/view"", ""Grupo Harari"")",Tier 1,"=HYPERLINK(""https://vector.lightning.force.com/lightning/r/Workload__c/aBJKf0000082CTiOAM/view"", ""TAC - Harari - SmartFinance"")",Daniel Cornejo,Anita Quevedo,"$100,000.00",4.3: Migrated/Implemented,🟢 Ready (21 in Looker · 90%),"=HYPERLINK(""https://vector.lightning.force.com/lightning/r/Opportunity/006Kf00000KZn01IAD/view"", ""Grupo Harari - GCP Datalake, BigQuery, Looker, Vertex #M25"")",,"=HYPERLINK(""https://vector.lightning.force.com/lightning/r/Expert_Request__c/aAuKf000000kSl3KAE/view"", ""ER-419072"")",Corporate,MCO CORP CCA,Analytics,"Migrate, Modernize, and Build with Data Cloud (Analytics)",Migrate Data Warehouses to BigQuery,2025-08-18,"=IF(Q233<>"""", Q233-TODAY(), """")",2025-09-05,"=IF(S233<>"""", S233-TODAY(), """")",dcornejo@google.com,anitaquevedo@google.com,,,,22 - May,
"=HYPERLINK(""https://vector.lightning.force.com/lightning/r/Account/0014M00001yeft8QAA/view"", ""Industrial Pesquera Santa Priscila S.A."")",Tier 2,"=HYPERLINK(""https://vector.lightning.force.com/lightning/r/Workload__c/aBJKf000006MXncOAG/view"", ""Agentspace - Santa Priscila"")",Oscar Rodriguez,,$225.00,4.3: Migrated/Implemented,🟡 Constrained (1 in GECX - CX Agent Studio · 90%),"=HYPERLINK(""https://vector.lightning.force.com/lightning/r/Opportunity/006Kf00000KcCFsIAN/view"", ""#M25 - Industrial Pesquera Santa Priscila S.A. - #AgentSpace"")",,,Corporate,MCO CORP NORTE,Customer Engagement,Gemini Enterprise for Customer Experience (Customer Engagement),Customer Experience Agent Studio,2025-06-10,"=IF(Q234<>"""", Q234-TODAY(), """")",2025-06-30,"=IF(S234<>"""", S234-TODAY(), """")",gooscar@google.com,,,,,25 - Mar,
"=HYPERLINK(""https://vector.lightning.force.com/lightning/r/Account/001Kf000014SNBZIA4/view"", ""HIL Holding Colombia"")",Tier 2,"=HYPERLINK(""https://vector.lightning.force.com/lightning/r/Workload__c/aBJKf000006MXdhOAG/view"", ""HIL: Geo SaaS"")",Paulina Garcia,JuanK Ruiz,"$180,000.00",4.3: Migrated/Implemented,🟢 Ready (19 in GKE · 90%),"=HYPERLINK(""https://vector.lightning.force.com/lightning/r/Opportunity/006Kf00000Kh67HIAR/view"", ""HIL: Commit Flex #M25"")",,"=HYPERLINK(""https://vector.lightning.force.com/lightning/r/Expert_Request__c/aAuKf000000kLQNKA2/view"", ""ER-386423"")",Corporate,MCO CORP NORTE,Migrate Modernize and Build,"Migrate, Modernize and Build",GKE/CloudRun,2025-07-17,"=IF(Q235<>"""", Q235-TODAY(), """")",2025-08-05,"=IF(S235<>"""", S235-TODAY(), """")",mpaulina@google.com,juankruiz@google.com,,,,25 - Mar,
"=HYPERLINK(""https://vector.lightning.force.com/lightning/r/Account/001Kf000014SNBZIA4/view"", ""HIL Holding Colombia"")",Tier 2,"=HYPERLINK(""https://vector.lightning.force.com/lightning/r/Workload__c/aBJKf000006MXdmOAG/view"", ""HIL: Small B2B #Q3CloseAcc"")",Paulina Garcia,JuanK Ruiz,"$150,000.00",4.3: Migrated/Implemented,🟢 Ready (19 in GKE · 80%),"=HYPERLINK(""https://vector.lightning.force.com/lightning/r/Opportunity/006Kf00000Kh67HIAR/view"", ""HIL: Commit Flex #M25"")",,,Corporate,MCO CORP NORTE,Migrate Modernize and Build,,,2025-10-17,"=IF(Q236<>"""", Q236-TODAY(), """")",2025-11-28,"=IF(S236<>"""", S236-TODAY(), """")",mpaulina@google.com,juankruiz@google.com,,,,25 - Mar,
"=HYPERLINK(""https://vector.lightning.force.com/lightning/r/Account/0014M00001hiRHLQA2/view"", ""COORDINADORA MERCANTIL S A"")",Tier 1,"=HYPERLINK(""https://vector.lightning.force.com/lightning/r/Workload__c/aBJKf000009oRgZOAU/view"", ""PD Coordinadora Backup DR 35K iACV"")",Pedro Diaz Moreno,Cristhian Castrillon,"$35,000.00",4.3: Migrated/Implemented,🟢 Ready (19 in GKE · 80%),"=HYPERLINK(""https://vector.lightning.force.com/lightning/r/Opportunity/006Kf00000J94fKIAR/view"", ""PD Coordinadora Backup DR 35K iACV"")",,,MCO,Colombia,Migrate Modernize and Build,,,2025-10-17,"=IF(Q237<>"""", Q237-TODAY(), """")",2025-11-27,"=IF(S237<>"""", S237-TODAY(), """")",peadiazmo@google.com,ccastrillon@google.com,,,,24 - Mar,
"=HYPERLINK(""https://vector.lightning.force.com/lightning/r/Account/001Kf000014SNBZIA4/view"", ""HIL Holding Colombia"")",Tier 2,"=HYPERLINK(""https://vector.lightning.force.com/lightning/r/Workload__c/aBJKf000006MXdiOAG/view"", ""HIL: WAF"")",Paulina Garcia,,"$20,000.00",4.3: Migrated/Implemented,🟢 Ready (33 in BigQuery · 90%),"=HYPERLINK(""https://vector.lightning.force.com/lightning/r/Opportunity/006Kf00000Kh67HIAR/view"", ""HIL: Commit Flex #M25"")",,"=HYPERLINK(""https://vector.lightning.force.com/lightning/r/Expert_Request__c/aAuKf000000kMfsKAE/view"", ""ER-392487"")",Corporate,MCO CORP NORTE,Analytics,,,2025-05-23,"=IF(Q238<>"""", Q238-TODAY(), """")",2025-06-20,"=IF(S238<>"""", S238-TODAY(), """")",mpaulina@google.com,,,,,25 - Mar,
"=HYPERLINK(""https://vector.lightning.force.com/lightning/r/Account/0014M00001hdOHuQAM/view"", ""Universidad Nacional de Colombia"")",Tier 1,"=HYPERLINK(""https://vector.lightning.force.com/lightning/r/Workload__c/aBJKf000009t1ZyOAI/view"", ""Universidad Nacional de Colombia #Storage"")",Lauro Garcia,Marco Corral,"$100,000.00",3:  Proposal / Negotiation,🟢 Ready (89 in Compute Engine · 60%),"=HYPERLINK(""https://vector.lightning.force.com/lightning/r/Opportunity/006Kf00000KZFdPIAX/view"", ""UNIVERSIDAD NACIONAL DE COLOMBIA #Storage #Google Cloud Platform"")",Reunión con Partner,,PS,EDU PS,Storage,Cross Sales Play Solutions (Storage),Storage,2026-12-07,"=IF(Q239<>"""", Q239-TODAY(), """")",2026-12-11,"=IF(S239<>"""", S239-TODAY(), """")",laurogar@google.com,marcotcg@google.com,,,,08 - Sep,
"=HYPERLINK(""https://vector.lightning.force.com/lightning/r/Account/0014M00001h3YBnQAM/view"", ""Corporacion Multi Inversiones S.A"")",Tier 1,"=HYPERLINK(""https://vector.lightning.force.com/lightning/r/Workload__c/aBJKf000009t1FROAY/view"", ""CMI - GE Crecimiento 300 Seats - Q3FY26"")",Daniel Cornejo,Anita Quevedo,"$200,000.00",3:  Proposal / Negotiation,🟢 Ready (3 in Gemini Enterprise · 95%),"=HYPERLINK(""https://vector.lightning.force.com/lightning/r/Opportunity/006Kf00000KZE59IAH/view"", ""CMI - GE Crecimiento - 800Seats Q3FY26"")",Se esta teniendo sesiones con el cliente office hour semanales para poder buscar un commit y este workload forma parte del mismo,"ER-427729, ER-478840",Corporate,MCO CORP CCA,Build with AI,Lead the Agentic Workplace Transformation (Gemini Enterprise),Gemini Enterprise,2026-09-30,"=IF(Q240<>"""", Q240-TODAY(), """")",2026-12-31,"=IF(S240<>"""", S240-TODAY(), """")",dcornejo@google.com,anitaquevedo@google.com,,,,08 - Sep,Medium risk
"=HYPERLINK(""https://vector.lightning.force.com/lightning/r/Account/0014M00001hWVTFQA4/view"", ""Pesquera Hayduk S.A."")",Tier 2,"=HYPERLINK(""https://vector.lightning.force.com/lightning/r/Workload__c/aBJKf000009oR6HOAU/view"", ""Migración a GCP - Mesa 247"")",Leticia Cerqueira Maciel,Jaquelyn Montañez,"$60,000.00",4.3: Migrated/Implemented,🟢 Ready (19 in GKE · 90%),"=HYPERLINK(""https://vector.lightning.force.com/lightning/r/Opportunity/006Kf00000KcC09IAF/view"", ""Mesa 247 - Migración a GCP #GCVE"")","05/05 Follow up con CE Jaquelyn Bustamante, aprobado y autorizado mover workload a stage 4.2, el cliente empezó a rampear. Next Steps: mover workload a stage 4.2","=HYPERLINK(""https://vector.lightning.force.com/lightning/r/Expert_Request__c/aAuKf000000HD22KAG/view"", ""ER-391189"")",Corporate,MCO CORP CCA,Migrate Modernize and Build,"Migrate, Modernize and Build",GKE/CloudRun,2025-04-14,"=IF(Q241<>"""", Q241-TODAY(), """")",2025-07-15,"=IF(S241<>"""", S241-TODAY(), """")",leticiace@google.com,jaquelynm@google.com,,,,24 - Mar,
"=HYPERLINK(""https://vector.lightning.force.com/lightning/r/Account/0014M00002QV5YeQAL/view"", ""Faculdade de Medicina de Ribeirão Preto"")",Tier 1,"=HYPERLINK(""https://vector.lightning.force.com/lightning/r/Workload__c/aBJKf000009oPf5OAE/view"", ""Faculdade de Medicina de Ribeirão Preto - BigQuery ML"")",Marina Murad,,$300.00,4.3: Migrated/Implemented,🟢 Ready (33 in BigQuery · 90%),"=HYPERLINK(""https://vector.lightning.force.com/lightning/r/Opportunity/006Kf00000KZEV2IAP/view"", ""#M25 Faculdade de Medicina de Ribeirão Preto - GCP #PSM-Led"")",,,PS,Streamline PS,Migrate Modernize and Build,,,2025-09-22,"=IF(Q242<>"""", Q242-TODAY(), """")",2025-10-06,"=IF(S242<>"""", S242-TODAY(), """")",mmurad@google.com,,,,,16 - May,
"=HYPERLINK(""https://vector.lightning.force.com/lightning/r/Account/0014M00001hdpczQAA/view"", ""CLINICA INTERNACIONAL"")",Tier 1,"=HYPERLINK(""https://vector.lightning.force.com/lightning/r/Workload__c/aBJKf000009oPE4OAM/view"", ""Clinica Internacional -#Q3CloseAcc"")",Cesar Antonio Murrieta,Cesar Antonio Murrieta,"$156,000.00",4.3: Migrated/Implemented,🟢 Ready (89 in Compute Engine · 60%),"=HYPERLINK(""https://vector.lightning.force.com/lightning/r/Opportunity/006Kf00000MhSIGIA3/view"", ""[CES AI] CLINICA INTERNACIONAL - #CA & #CI - Data & Analytics Integration"")",[30/10/2025][LL] Follow-up about executive demonstrations made last Tuesday (28/10),"=HYPERLINK(""https://vector.lightning.force.com/lightning/r/Expert_Request__c/aAuKf000000tdd2KAA/view"", ""ER-426158"")",MCO,EM (PE/EC),Build with AI,"Your Business, Your Models",Agent and Model Platform,2025-07-31,"=IF(Q243<>"""", Q243-TODAY(), """")",2025-11-10,"=IF(S243<>"""", S243-TODAY(), """")",cmurrieta@google.com,cmurrieta@google.com,,,,30 - Oct,
"=HYPERLINK(""https://vector.lightning.force.com/lightning/r/Account/0014M00001hXuNGQA0/view"", ""Grupo Empresarial Angeles, S.A. de C.V."")",Tier 1,"=HYPERLINK(""https://vector.lightning.force.com/lightning/r/Workload__c/aBJKf000000GpsWOAS/view"", ""GEA 2025 #DAFAST"")",Daniela Oseguera,Paulina González,"$127,000.00",4.3: Migrated/Implemented,🟢 Ready (33 in BigQuery · 90%),"=HYPERLINK(""https://vector.lightning.force.com/lightning/r/Opportunity/006Kf00000JBpSrIAL/view"", ""Grupo Empresarial Angeles, S.A. de C.V. / $0 TCV / 1 YR"")",,,Mexico,MX Multi-industry & Monterrey,Analytics,"Migrate, Modernize, and Build with Data Cloud (Analytics)",Migrate Data Warehouses to BigQuery,2025-08-11,"=IF(Q244<>"""", Q244-TODAY(), """")",2026-02-06,"=IF(S244<>"""", S244-TODAY(), """")",danyoseguera@google.com,paulinagr@google.com,,,,22 - May,
"=HYPERLINK(""https://vector.lightning.force.com/lightning/r/Account/0014M00001tRnfyQAC/view"", ""Disagro Guatemala"")",Tier 2,"=HYPERLINK(""https://vector.lightning.force.com/lightning/r/Workload__c/aBJKf00000829XwOAI/view"", ""IPS Disagro - Servi"")",Daniel Cornejo,,"$20,000.00",4.3: Migrated/Implemented,🟢 Ready (15 in Cloud Security · 85%),"=HYPERLINK(""https://vector.lightning.force.com/lightning/r/Opportunity/006Kf00000JNhrcIAD/view"", ""Disagro Guatemala - proyecto nuevo AgriTec"")",,,Corporate,MCO CORP CCA,Security,Security,Security Workload,2025-01-15,"=IF(Q245<>"""", Q245-TODAY(), """")",2025-01-15,"=IF(S245<>"""", S245-TODAY(), """")",dcornejo@google.com,,,,,24 - Mar,
"=HYPERLINK(""https://vector.lightning.force.com/lightning/r/Account/0014M00001hSz3XQAS/view"", ""SKG TECNOLOGIA S A S"")",Tier 1,"=HYPERLINK(""https://vector.lightning.force.com/lightning/r/Workload__c/aBJKf000009suKfOAI/view"", ""GEE_ SKG"")",Juanita Perico Londoño,Roberto Bustos,"$22,800.00",4.3: Migrated/Implemented,🟢 Ready (33 in BigQuery · 90%),"=HYPERLINK(""https://vector.lightning.force.com/lightning/r/Opportunity/006Kf00000JOHIcIAP/view"", ""SKG TECNOLOGIA S A S - Licencias GEE Profesional - Google Cloud Platform"")",,,PS,Streamline PS,Analytics,,,2025-02-24,"=IF(Q246<>"""", Q246-TODAY(), """")",2025-02-26,"=IF(S246<>"""", S246-TODAY(), """")",juanitaperico@google.com,robertobustos@google.com,,,,24 - Mar,
"=HYPERLINK(""https://vector.lightning.force.com/lightning/r/Account/0014M00001hSz3eQAC/view"", ""ADSMOVIL S A S"")",Tier 2,"=HYPERLINK(""https://vector.lightning.force.com/lightning/r/Workload__c/aBJKf000006MTiEOAW/view"", ""AdsMovil: Agent Space"")",Paulina Garcia,Israel Castillo,"$28,000.00",4.3: Migrated/Implemented,🟢 Ready (3 in Gemini Enterprise · 95%),"=HYPERLINK(""https://vector.lightning.force.com/lightning/r/Opportunity/006Kf00000KhbbiIAB/view"", ""AdsMovil: Agent Space 100 Seats"")",,"=HYPERLINK(""https://vector.lightning.force.com/lightning/r/Expert_Request__c/aAuKf000000kClRKAU/view"", ""ER-348736"")",Corporate,MCO CORP NORTE,Customer Engagement,Gemini Enterprise for Customer Experience (Customer Engagement),Customer Experience Agent Studio,2025-07-31,"=IF(Q247<>"""", Q247-TODAY(), """")",2025-08-05,"=IF(S247<>"""", S247-TODAY(), """")",mpaulina@google.com,israelcastillo@google.com,,,,25 - Mar,
"=HYPERLINK(""https://vector.lightning.force.com/lightning/r/Account/001Kf00000wk44uIAA/view"", ""Alcaldía de Santiago de Cali - Secretaria de Desarrollo e Innovación"")",Tier 1,"=HYPERLINK(""https://vector.lightning.force.com/lightning/r/Workload__c/aBJKf000006MTDLOA4/view"", ""(Alcaldia de Cali) - 2025 Mar - Milestone Credit ($455)"")",Diana Prieto,Ivan Camargo Chacon,"$5,468,760.00",4.3: Migrated/Implemented,🟢 Ready (19 in GKE · 80%),"=HYPERLINK(""https://vector.lightning.force.com/lightning/r/Opportunity/006Kf00000JGWkgIAH/view"", ""Sec Desarrollo Alcaldia de Cali - GCVE"")",,,PS,MCO PS,Migrate Modernize and Build,,,2025-03-01,"=IF(Q248<>"""", Q248-TODAY(), """")",2025-03-01,"=IF(S248<>"""", S248-TODAY(), """")",dprietor@google.com,ivancamargo@google.com,,,,25 - Mar,
"=HYPERLINK(""https://vector.lightning.force.com/lightning/r/Account/0014M00001hbLRgQAM/view"", ""Coca Cola Femsa, S.A.B. de C.V."")",Tier 1,"=HYPERLINK(""https://vector.lightning.force.com/lightning/r/Workload__c/aBJKf000006A8ilOAC/view"", ""KOF - Google Maps Routes Opt"")",Eyleen Vasquez,,"$751,000.00",4.3: Migrated/Implemented,🟢 Ready (89 in Compute Engine · 60%),,,,Mexico,MX Multi-industry & Monterrey,Storage,,Not a Solution,2025-02-28,"=IF(Q249<>"""", Q249-TODAY(), """")",2025-03-13,"=IF(S249<>"""", S249-TODAY(), """")",eyvasquez@google.com,,,,,25 - Mar,
"=HYPERLINK(""https://vector.lightning.force.com/lightning/r/Account/0014M00001hq61KQAQ/view"", ""Reachr Solucoes Inovadoras Em Rh Ltda"")",Tier 3,"=HYPERLINK(""https://vector.lightning.force.com/lightning/r/Workload__c/aBJKf000006MT3QOAW/view"", ""Reachr - Azure to GCP"")",Richard Bucalem,Ivan Arruda,"$68,774.52",4.3: Migrated/Implemented,🟢 Ready (19 in GKE · 80%),"=HYPERLINK(""https://vector.lightning.force.com/lightning/r/Opportunity/006Kf00000JOhP5IAL/view"", ""Reachr Solucoes Inovadoras Em Rh Ltda - Google Cloud Platform"")",PSF submitted,,Brazil,Brazil DN,Migrate Modernize and Build,,,2025-08-27,"=IF(Q250<>"""", Q250-TODAY(), """")",2025-10-31,"=IF(S250<>"""", S250-TODAY(), """")",rbucalem@google.com,ivanarruda@google.com,,,,25 - Mar,
